,Transaction ID,Price Per Unit,Quantity,Total Spent,Item,Transaction Date,Payment Method,Location
0,TXN_1000555,1.5,1.0,1.5,Tea,2023-10-19,Credit Card,In-store
1,TXN_1001832,5.0,2.0,10.0,Salad,2023-10-19,Cash,Takeaway
2,TXN_1002457,1.0,5.0,5.0,Cookie,2023-09-29,Digital Wallet,Takeaway
3,TXN_1003246,3.0,2.0,6.0,Juice,2023-02-15,Digital Wallet,In-store
4,TXN_1004184,4.0,1.0,4.0,Smoothie,2023-05-18,Credit Card,In-store
5,TXN_1004563,1.5,5.0,7.5,Tea,2023-10-28,Credit Card,In-store
6,TXN_1005331,2.0,1.0,2.0,Coffee,2023-11-04,Digital Wallet,Takeaway
7,TXN_1005377,3.0,5.0,15.0,Cake,2023-06-03,Digital Wallet,Takeaway
8,TXN_1005472,2.0,4.0,8.0,Coffee,2023-04-21,Credit Card,Takeaway
9,TXN_1006942,5.0,1.0,5.0,Salad,2023-11-30,Credit Card,In-store
10,TXN_1007347,5.0,4.0,20.0,Salad,2023-08-28,Digital Wallet,In-store
11,TXN_1009421,1.0,4.0,4.0,Cookie,2023-02-21,Cash,Takeaway
12,TXN_1010950,1.0,1.0,1.0,Cookie,2023-01-07,Digital Wallet,Takeaway
13,TXN_1011236,3.0,1.0,3.0,Cake,2023-02-08,Cash,In-store
14,TXN_1012349,3.0,4.0,12.0,Juice,2023-07-08,Cash,In-store
15,TXN_1015883,1.0,4.0,4.0,Cookie,2023-10-16,Cash,In-store
16,TXN_1016246,2.0,1.0,2.0,Coffee,2023-01-19,Digital Wallet,Takeaway
17,TXN_1018470,3.0,3.0,9.0,Juice,2023-01-14,Digital Wallet,In-store
18,TXN_1018880,4.0,5.0,20.0,Smoothie,2023-07-15,Digital Wallet,In-store
19,TXN_1020478,2.0,1.0,2.0,Coffee,2023-03-09,Digital Wallet,Takeaway
20,TXN_1020983,3.0,1.0,3.0,Juice,2023-03-23,Digital Wallet,In-store
21,TXN_1021087,4.0,1.0,4.0,Sandwich,2023-11-01,Credit Card,In-store
22,TXN_1022126,1.5,3.0,4.5,Tea,2023-11-01,Digital Wallet,In-store
23,TXN_1022220,3.0,3.0,9.0,Juice,2023-08-03,Digital Wallet,Takeaway
24,TXN_1022523,5.0,4.0,20.0,Salad,2023-11-25,Cash,In-store
25,TXN_1025152,1.0,4.0,4.0,Cookie,2023-08-19,Digital Wallet,Takeaway
26,TXN_1026050,3.0,1.0,3.0,Cake,2023-04-23,Cash,Takeaway
27,TXN_1026799,3.0,5.0,15.0,Cake,2023-04-23,Credit Card,Takeaway
28,TXN_1026827,1.0,4.0,4.0,Cookie,2023-01-02,Digital Wallet,In-store
29,TXN_1030539,3.0,3.0,9.0,Cake,2023-11-06,Cash,Takeaway
30,TXN_1031802,1.0,4.0,4.0,Cookie,2023-06-27,Digital Wallet,Takeaway
31,TXN_1034067,4.0,3.0,12.0,Smoothie,2023-01-07,Digital Wallet,In-store
32,TXN_1034651,4.0,3.0,12.0,Sandwich,2023-07-06,Credit Card,Takeaway
33,TXN_1034956,4.0,4.0,16.0,Sandwich,2023-07-06,Cash,In-store
34,TXN_1035504,4.0,2.0,8.0,Smoothie,2023-03-30,Digital Wallet,Takeaway
35,TXN_1037464,4.0,5.0,20.0,Sandwich,2023-02-14,Digital Wallet,In-store
36,TXN_1037486,5.0,5.0,25.0,Salad,2023-02-14,Digital Wallet,In-store
37,TXN_1038397,1.0,3.0,3.0,Cookie,2023-05-20,Digital Wallet,In-store
38,TXN_1039367,4.0,3.0,12.0,Sandwich,2023-03-12,Cash,In-store
39,TXN_1040764,2.0,3.0,6.0,Coffee,2023-07-27,Cash,Takeaway
40,TXN_1041891,1.0,5.0,5.0,Cookie,2023-08-09,Digital Wallet,Takeaway
41,TXN_1045022,4.0,4.0,16.0,Sandwich,2023-10-13,Credit Card,Takeaway
42,TXN_1046384,4.0,1.0,4.0,Smoothie,2023-06-09,Cash,In-store
43,TXN_1046394,4.0,1.0,4.0,Smoothie,2023-04-29,Cash,In-store
44,TXN_1046659,4.0,3.0,12.0,Smoothie,2023-12-14,Digital Wallet,Takeaway
45,TXN_1047204,1.0,3.0,3.0,Cookie,2023-04-13,Digital Wallet,Takeaway
46,TXN_1047450,2.0,2.0,4.0,Coffee,2023-11-19,Cash,In-store
47,TXN_1048284,5.0,2.0,10.0,Salad,2023-08-19,Cash,In-store
48,TXN_1048616,1.5,1.0,1.5,Tea,2023-10-10,Cash,In-store
49,TXN_1049697,1.5,3.0,4.5,Tea,2023-10-08,Cash,In-store
50,TXN_1050083,3.0,5.0,15.0,Cake,2023-06-28,Credit Card,Takeaway
51,TXN_1050323,3.0,1.0,3.0,Juice,2023-03-10,Digital Wallet,In-store
52,TXN_1054912,4.0,3.0,12.0,Sandwich,2023-08-02,Cash,In-store
53,TXN_1054915,1.0,5.0,5.0,Cookie,2023-01-22,Digital Wallet,In-store
54,TXN_1056256,3.0,4.0,12.0,Cake,2023-12-04,Cash,In-store
55,TXN_1056277,1.0,5.0,5.0,Cookie,2023-02-06,Digital Wallet,Takeaway
56,TXN_1057209,1.0,5.0,5.0,Cookie,2023-09-17,Credit Card,In-store
57,TXN_1057760,3.0,4.0,12.0,Juice,2023-02-20,Credit Card,Takeaway
58,TXN_1058466,1.0,3.0,3.0,Cookie,2023-12-07,Digital Wallet,Takeaway
59,TXN_1058927,4.0,4.0,16.0,Sandwich,2023-07-08,Cash,In-store
60,TXN_1058957,3.0,2.0,6.0,Juice,2023-03-21,Cash,In-store
61,TXN_1059293,4.0,5.0,20.0,Sandwich,2023-12-04,Credit Card,In-store
62,TXN_1062822,3.0,2.0,6.0,Juice,2023-06-28,Credit Card,In-store
63,TXN_1063342,4.0,5.0,20.0,Sandwich,2023-01-13,Credit Card,In-store
64,TXN_1063366,3.0,3.0,9.0,Juice,2023-03-20,Digital Wallet,In-store
65,TXN_1063524,4.0,5.0,20.0,Smoothie,2023-11-09,Credit Card,In-store
66,TXN_1064565,3.0,4.0,12.0,Juice,2023-03-14,Digital Wallet,In-store
67,TXN_1065721,4.0,4.0,16.0,Sandwich,2023-12-06,Cash,Takeaway
68,TXN_1066604,4.0,5.0,20.0,Sandwich,2023-05-18,Credit Card,In-store
69,TXN_1067052,1.5,4.0,6.0,Tea,2023-02-18,Digital Wallet,Takeaway
70,TXN_1068317,3.0,3.0,9.0,Juice,2023-03-16,Digital Wallet,Takeaway
71,TXN_1072232,4.0,1.0,4.0,Sandwich,2023-01-07,Digital Wallet,In-store
72,TXN_1072678,3.0,2.0,6.0,Juice,2023-05-30,Cash,In-store
73,TXN_1072984,1.5,4.0,6.0,Tea,2023-01-11,Digital Wallet,In-store
74,TXN_1074435,2.0,1.0,2.0,Coffee,2023-11-25,Digital Wallet,In-store
75,TXN_1075183,1.5,2.0,3.0,Tea,2023-01-09,Credit Card,In-store
76,TXN_1075446,1.0,4.0,4.0,Cookie,2023-07-17,Credit Card,Takeaway
77,TXN_1075969,1.0,2.0,2.0,Cookie,2023-08-13,Digital Wallet,Takeaway
78,TXN_1077060,2.0,3.0,6.0,Coffee,2023-08-22,Digital Wallet,Takeaway
79,TXN_1077129,1.0,1.0,1.0,Cookie,2023-09-12,Digital Wallet,In-store
80,TXN_1079239,4.0,1.0,4.0,Smoothie,2023-02-08,Digital Wallet,Takeaway
81,TXN_1079241,3.0,3.0,9.0,Juice,2023-07-16,Digital Wallet,Takeaway
82,TXN_1079844,5.0,2.0,10.0,Salad,2023-10-27,Digital Wallet,In-store
83,TXN_1080377,3.0,2.0,6.0,Cake,2023-04-08,Cash,Takeaway
84,TXN_1080432,5.0,2.0,10.0,Salad,2023-04-29,Credit Card,In-store
85,TXN_1082012,4.0,5.0,20.0,Smoothie,2023-01-04,Credit Card,In-store
86,TXN_1082421,5.0,1.0,5.0,Salad,2023-12-19,Digital Wallet,In-store
87,TXN_1082717,3.0,3.0,9.0,Juice,2023-12-13,Digital Wallet,In-store
88,TXN_1084010,4.0,2.0,8.0,Smoothie,2023-08-11,Credit Card,In-store
89,TXN_1084222,2.0,4.0,8.0,Coffee,2023-06-03,Digital Wallet,In-store
90,TXN_1086324,3.0,3.0,9.0,Cake,2023-11-25,Cash,In-store
91,TXN_1088497,4.0,1.0,4.0,Sandwich,2023-07-05,Digital Wallet,Takeaway
92,TXN_1090854,1.0,3.0,3.0,Cookie,2023-01-07,Credit Card,In-store
93,TXN_1091115,4.0,5.0,20.0,Sandwich,2023-11-04,Cash,Takeaway
94,TXN_1091243,4.0,2.0,8.0,Sandwich,2023-01-06,Credit Card,In-store
95,TXN_1093668,2.0,2.0,4.0,Coffee,2023-05-18,Digital Wallet,Takeaway
96,TXN_1093800,4.0,3.0,12.0,Sandwich,2023-05-18,Cash,Takeaway
97,TXN_1094145,1.0,3.0,3.0,Cookie,2023-03-15,Credit Card,Takeaway
98,TXN_1094479,3.0,3.0,9.0,Cake,2023-06-08,Cash,In-store
99,TXN_1096690,4.0,5.0,20.0,Smoothie,2023-10-09,Credit Card,In-store
100,TXN_1097334,2.0,2.0,4.0,Coffee,2023-03-21,Credit Card,Takeaway
101,TXN_1099119,4.0,4.0,16.0,Smoothie,2023-02-09,Cash,In-store
102,TXN_1101527,4.0,5.0,20.0,Smoothie,2023-04-20,Digital Wallet,In-store
103,TXN_1102876,1.0,1.0,1.0,Cookie,2023-04-20,Cash,Takeaway
104,TXN_1103495,3.0,1.0,3.0,Juice,2023-04-20,Cash,Takeaway
105,TXN_1103883,1.0,5.0,5.0,Cookie,2023-08-09,Credit Card,Takeaway
106,TXN_1104849,4.0,4.0,16.0,Sandwich,2023-07-05,Digital Wallet,Takeaway
107,TXN_1105589,2.0,5.0,10.0,Coffee,2023-07-04,Cash,Takeaway
108,TXN_1108326,3.0,2.0,6.0,Cake,2023-07-04,Cash,Takeaway
109,TXN_1108663,3.0,3.0,9.0,Juice,2023-08-16,Cash,Takeaway
110,TXN_1109715,3.0,1.0,3.0,Cake,2023-07-15,Cash,In-store
111,TXN_1116119,4.0,4.0,16.0,Smoothie,2023-08-07,Digital Wallet,In-store
112,TXN_1118799,4.0,4.0,16.0,Sandwich,2023-09-19,Credit Card,Takeaway
113,TXN_1120969,2.0,2.0,4.0,Coffee,2023-04-15,Credit Card,Takeaway
114,TXN_1121833,2.0,4.0,8.0,Coffee,2023-03-16,Credit Card,In-store
115,TXN_1122140,4.0,4.0,16.0,Sandwich,2023-06-19,Cash,In-store
116,TXN_1122699,5.0,5.0,25.0,Salad,2023-10-14,Digital Wallet,In-store
117,TXN_1122700,5.0,5.0,25.0,Salad,2023-11-09,Digital Wallet,In-store
118,TXN_1123138,5.0,1.0,5.0,Salad,2023-02-10,Cash,In-store
119,TXN_1123346,1.5,3.0,4.5,Tea,2023-07-31,Digital Wallet,In-store
120,TXN_1124311,1.0,1.0,1.0,Cookie,2023-05-05,Cash,Takeaway
121,TXN_1124655,5.0,3.0,15.0,Salad,2023-10-23,Cash,In-store
122,TXN_1124753,5.0,4.0,20.0,Salad,2023-10-19,Digital Wallet,In-store
123,TXN_1124796,1.5,5.0,7.5,Tea,2023-10-28,Credit Card,In-store
124,TXN_1124900,4.0,4.0,16.0,Sandwich,2023-09-08,Credit Card,In-store
125,TXN_1128577,4.0,1.0,4.0,Sandwich,2023-11-23,Digital Wallet,In-store
126,TXN_1130142,1.0,1.0,1.0,Cookie,2023-03-13,Credit Card,In-store
127,TXN_1130191,4.0,2.0,8.0,Smoothie,2023-04-06,Cash,In-store
128,TXN_1131785,4.0,1.0,4.0,Sandwich,2023-12-19,Cash,In-store
129,TXN_1132293,1.5,4.0,6.0,Tea,2023-07-05,Digital Wallet,In-store
130,TXN_1132566,3.0,3.0,9.0,Cake,2023-02-27,Cash,Takeaway
131,TXN_1133945,4.0,2.0,8.0,Smoothie,2023-10-23,Digital Wallet,In-store
132,TXN_1135215,4.0,3.0,12.0,Sandwich,2023-04-10,Credit Card,In-store
133,TXN_1135761,3.0,3.0,9.0,Juice,2023-01-30,Digital Wallet,In-store
134,TXN_1136554,4.0,3.0,12.0,Smoothie,2023-03-26,Digital Wallet,Takeaway
135,TXN_1139495,5.0,3.0,15.0,Salad,2023-02-19,Digital Wallet,In-store
136,TXN_1141405,1.0,1.0,1.0,Cookie,2023-02-19,Digital Wallet,Takeaway
137,TXN_1141920,2.0,4.0,8.0,Coffee,2023-10-26,Digital Wallet,Takeaway
138,TXN_1142233,1.5,5.0,7.5,Tea,2023-09-01,Digital Wallet,Takeaway
139,TXN_1145592,3.0,1.0,3.0,Juice,2023-09-11,Credit Card,Takeaway
140,TXN_1145888,2.0,4.0,8.0,Coffee,2023-01-26,Digital Wallet,Takeaway
141,TXN_1148060,1.0,5.0,5.0,Cookie,2023-10-12,Cash,Takeaway
142,TXN_1148874,1.0,1.0,1.0,Cookie,2023-09-18,Credit Card,In-store
143,TXN_1148945,2.0,1.0,2.0,Coffee,2023-09-05,Digital Wallet,Takeaway
144,TXN_1149624,3.0,3.0,9.0,Cake,2023-09-14,Cash,Takeaway
145,TXN_1150033,3.0,5.0,15.0,Juice,2023-04-18,Cash,In-store
146,TXN_1151605,2.0,1.0,2.0,Coffee,2023-05-02,Digital Wallet,Takeaway
147,TXN_1152249,4.0,3.0,12.0,Smoothie,2023-05-09,Digital Wallet,In-store
148,TXN_1153869,4.0,5.0,20.0,Smoothie,2023-11-03,Credit Card,Takeaway
149,TXN_1154979,2.0,3.0,6.0,Coffee,2023-12-11,Credit Card,In-store
150,TXN_1157817,4.0,1.0,4.0,Smoothie,2023-04-25,Digital Wallet,In-store
151,TXN_1158197,2.0,2.0,4.0,Coffee,2023-05-21,Digital Wallet,Takeaway
152,TXN_1158829,1.5,1.0,1.5,Tea,2023-10-02,Credit Card,In-store
153,TXN_1161606,4.0,5.0,20.0,Sandwich,2023-09-20,Credit Card,Takeaway
154,TXN_1165762,2.0,3.0,6.0,Coffee,2023-10-22,Credit Card,Takeaway
155,TXN_1165779,1.0,4.0,4.0,Cookie,2023-06-30,Digital Wallet,Takeaway
156,TXN_1166001,3.0,5.0,15.0,Juice,2023-06-30,Cash,In-store
157,TXN_1169615,4.0,5.0,20.0,Smoothie,2023-03-16,Digital Wallet,In-store
158,TXN_1170198,1.5,4.0,6.0,Tea,2023-02-09,Credit Card,In-store
159,TXN_1170807,4.0,5.0,20.0,Smoothie,2023-09-15,Digital Wallet,In-store
160,TXN_1171080,4.0,3.0,12.0,Sandwich,2023-07-29,Credit Card,In-store
161,TXN_1171281,2.0,2.0,4.0,Coffee,2023-02-06,Digital Wallet,Takeaway
162,TXN_1172121,2.0,5.0,10.0,Coffee,2023-08-26,Cash,Takeaway
163,TXN_1173155,2.0,1.0,2.0,Coffee,2023-03-14,Cash,In-store
164,TXN_1177438,5.0,4.0,20.0,Salad,2023-08-21,Cash,Takeaway
165,TXN_1180397,4.0,3.0,12.0,Smoothie,2023-04-05,Credit Card,Takeaway
166,TXN_1180623,4.0,5.0,20.0,Sandwich,2023-09-23,Credit Card,In-store
167,TXN_1180969,1.0,1.0,1.0,Cookie,2023-01-06,Digital Wallet,In-store
168,TXN_1181626,1.0,4.0,4.0,Cookie,2023-02-06,Digital Wallet,Takeaway
169,TXN_1183208,4.0,5.0,20.0,Smoothie,2023-08-26,Digital Wallet,In-store
170,TXN_1183212,3.0,4.0,12.0,Juice,2023-06-30,Digital Wallet,In-store
171,TXN_1183995,5.0,5.0,25.0,Salad,2023-03-28,Digital Wallet,Takeaway
172,TXN_1184377,3.0,1.0,3.0,Juice,2023-10-25,Cash,In-store
173,TXN_1184715,3.0,2.0,6.0,Cake,2023-09-10,Cash,Takeaway
174,TXN_1185003,3.0,5.0,15.0,Juice,2023-01-06,Cash,Takeaway
175,TXN_1185069,5.0,1.0,5.0,Salad,2023-02-21,Digital Wallet,In-store
176,TXN_1185118,3.0,5.0,15.0,Juice,2023-02-21,Digital Wallet,In-store
177,TXN_1185156,4.0,4.0,16.0,Smoothie,2023-03-23,Digital Wallet,Takeaway
178,TXN_1186221,5.0,4.0,20.0,Salad,2023-04-21,Cash,Takeaway
179,TXN_1188551,2.0,2.0,4.0,Coffee,2023-03-20,Digital Wallet,Takeaway
180,TXN_1188596,3.0,1.0,3.0,Juice,2023-10-24,Cash,In-store
181,TXN_1190151,3.0,5.0,15.0,Juice,2023-08-14,Digital Wallet,In-store
182,TXN_1190402,3.0,1.0,3.0,Cake,2023-12-01,Credit Card,Takeaway
183,TXN_1191068,5.0,1.0,5.0,Salad,2023-05-19,Cash,In-store
184,TXN_1191659,2.0,4.0,8.0,Coffee,2023-11-21,Credit Card,In-store
185,TXN_1192009,2.0,1.0,2.0,Coffee,2023-05-18,Digital Wallet,Takeaway
186,TXN_1192970,2.0,2.0,4.0,Coffee,2023-06-17,Digital Wallet,Takeaway
187,TXN_1193221,1.5,3.0,4.5,Tea,2023-10-21,Credit Card,In-store
188,TXN_1193551,1.0,1.0,1.0,Cookie,2023-01-07,Digital Wallet,Takeaway
189,TXN_1193809,1.5,3.0,4.5,Tea,2023-01-21,Digital Wallet,In-store
190,TXN_1193930,2.0,1.0,2.0,Coffee,2023-01-21,Cash,Takeaway
191,TXN_1196223,3.0,3.0,9.0,Juice,2023-10-14,Digital Wallet,In-store
192,TXN_1196324,1.5,4.0,6.0,Tea,2023-09-26,Credit Card,In-store
193,TXN_1196923,4.0,2.0,8.0,Smoothie,2023-04-27,Digital Wallet,In-store
194,TXN_1197495,3.0,5.0,15.0,Juice,2023-04-27,Digital Wallet,Takeaway
195,TXN_1197536,5.0,3.0,15.0,Salad,2023-10-02,Cash,Takeaway
196,TXN_1199898,4.0,1.0,4.0,Smoothie,2023-10-26,Credit Card,In-store
197,TXN_1200795,4.0,1.0,4.0,Sandwich,2023-08-18,Credit Card,In-store
198,TXN_1203191,2.0,5.0,10.0,Coffee,2023-10-12,Digital Wallet,In-store
199,TXN_1203954,4.0,1.0,4.0,Sandwich,2023-08-12,Digital Wallet,In-store
200,TXN_1204426,4.0,3.0,12.0,Sandwich,2023-01-16,Credit Card,In-store
201,TXN_1205020,1.5,5.0,7.5,Tea,2023-10-03,Cash,In-store
202,TXN_1205522,3.0,5.0,15.0,Cake,2023-12-26,Cash,In-store
203,TXN_1205610,1.0,2.0,2.0,Cookie,2023-07-19,Digital Wallet,In-store
204,TXN_1205773,5.0,5.0,25.0,Salad,2023-01-27,Cash,In-store
205,TXN_1206585,1.5,2.0,3.0,Tea,2023-06-29,Cash,In-store
206,TXN_1208561,3.0,3.0,20.0,Juice,2023-08-19,Credit Card,In-store
207,TXN_1208926,1.0,4.0,4.0,Cookie,2023-12-07,Credit Card,In-store
208,TXN_1209852,1.0,2.0,2.0,Cookie,2023-11-18,Credit Card,In-store
209,TXN_1210058,1.5,5.0,7.5,Tea,2023-11-25,Digital Wallet,In-store
210,TXN_1210183,1.5,3.0,4.5,Tea,2023-01-23,Digital Wallet,In-store
211,TXN_1212652,3.0,3.0,9.0,Juice,2023-01-30,Credit Card,In-store
212,TXN_1213938,5.0,5.0,25.0,Salad,2023-07-06,Digital Wallet,Takeaway
213,TXN_1214868,3.0,4.0,12.0,Juice,2023-07-30,Cash,In-store
214,TXN_1216051,3.0,4.0,12.0,Cake,2023-10-28,Digital Wallet,Takeaway
215,TXN_1217810,1.0,1.0,1.0,Cookie,2023-07-06,Digital Wallet,Takeaway
216,TXN_1217959,3.0,2.0,6.0,Juice,2023-07-28,Digital Wallet,Takeaway
217,TXN_1218016,1.5,3.0,4.5,Tea,2023-11-26,Digital Wallet,In-store
218,TXN_1220061,4.0,3.0,12.0,Sandwich,2023-09-03,Digital Wallet,In-store
219,TXN_1221777,2.0,3.0,6.0,Coffee,2023-01-29,Digital Wallet,In-store
220,TXN_1221801,4.0,2.0,8.0,Smoothie,2023-06-17,Digital Wallet,In-store
221,TXN_1222338,1.0,1.0,1.0,Cookie,2023-10-11,Digital Wallet,In-store
222,TXN_1223805,3.0,3.0,9.0,Juice,2023-07-04,Digital Wallet,In-store
223,TXN_1224087,2.0,5.0,10.0,Coffee,2023-03-20,Digital Wallet,Takeaway
224,TXN_1225638,3.0,4.0,12.0,Cake,2023-05-28,Cash,Takeaway
225,TXN_1226662,5.0,1.0,5.0,Salad,2023-06-17,Cash,In-store
226,TXN_1227800,3.0,3.0,9.0,Juice,2023-02-19,Cash,Takeaway
227,TXN_1228474,4.0,4.0,16.0,Smoothie,2023-11-20,Digital Wallet,In-store
228,TXN_1228652,5.0,1.0,5.0,Salad,2023-07-24,Cash,In-store
229,TXN_1228888,1.0,1.0,1.0,Cookie,2023-10-05,Credit Card,In-store
230,TXN_1228927,1.5,2.0,3.0,Tea,2023-11-28,Credit Card,In-store
231,TXN_1229376,3.0,3.0,9.0,Cake,2023-08-14,Digital Wallet,In-store
232,TXN_1230311,3.0,3.0,9.0,Juice,2023-08-14,Digital Wallet,In-store
233,TXN_1231366,4.0,3.0,12.0,Sandwich,2023-11-28,Digital Wallet,Takeaway
234,TXN_1231531,2.0,5.0,10.0,Coffee,2023-07-24,Digital Wallet,In-store
235,TXN_1232346,5.0,5.0,25.0,Salad,2023-01-04,Digital Wallet,In-store
236,TXN_1234097,1.0,4.0,4.0,Cookie,2023-12-04,Cash,Takeaway
237,TXN_1234390,3.0,2.0,6.0,Cake,2023-06-02,Digital Wallet,Takeaway
238,TXN_1234907,3.0,1.0,3.0,Juice,2023-05-02,Credit Card,In-store
239,TXN_1235828,1.5,4.0,6.0,Tea,2023-02-19,Cash,Takeaway
240,TXN_1235969,1.0,1.0,1.0,Cookie,2023-07-08,Digital Wallet,Takeaway
241,TXN_1236759,2.0,1.0,2.0,Coffee,2023-01-26,Credit Card,In-store
242,TXN_1236779,3.0,3.0,9.0,Juice,2023-12-29,Credit Card,In-store
243,TXN_1237674,1.5,3.0,4.5,Tea,2023-10-04,Credit Card,In-store
244,TXN_1239021,4.0,5.0,20.0,Sandwich,2023-09-15,Credit Card,In-store
245,TXN_1239876,4.0,2.0,8.0,Sandwich,2023-04-04,Digital Wallet,In-store
246,TXN_1240476,3.0,2.0,6.0,Juice,2023-04-20,Digital Wallet,Takeaway
247,TXN_1242840,4.0,1.0,4.0,Smoothie,2023-08-26,Credit Card,In-store
248,TXN_1243964,1.5,3.0,4.5,Tea,2023-12-01,Digital Wallet,Takeaway
249,TXN_1244299,4.0,2.0,8.0,Sandwich,2023-07-18,Cash,Takeaway
250,TXN_1244509,4.0,3.0,12.0,Smoothie,2023-02-21,Credit Card,In-store
251,TXN_1244593,5.0,5.0,25.0,Salad,2023-04-11,Cash,In-store
252,TXN_1244739,5.0,2.0,10.0,Salad,2023-09-13,Credit Card,Takeaway
253,TXN_1245485,3.0,1.0,3.0,Cake,2023-05-15,Digital Wallet,Takeaway
254,TXN_1247244,4.0,1.0,4.0,Sandwich,2023-12-27,Digital Wallet,In-store
255,TXN_1248167,4.0,1.0,4.0,Sandwich,2023-03-05,Cash,In-store
256,TXN_1248266,5.0,3.0,15.0,Salad,2023-10-14,Credit Card,In-store
257,TXN_1248436,3.0,4.0,12.0,Cake,2023-08-14,Credit Card,Takeaway
258,TXN_1249069,2.0,2.0,4.0,Coffee,2023-01-22,Digital Wallet,Takeaway
259,TXN_1250407,1.0,1.0,1.0,Cookie,2023-11-21,Credit Card,Takeaway
260,TXN_1251960,4.0,5.0,20.0,Sandwich,2023-11-20,Digital Wallet,Takeaway
261,TXN_1252575,1.5,1.0,1.5,Tea,2023-10-16,Digital Wallet,Takeaway
262,TXN_1253619,3.0,5.0,15.0,Juice,2023-05-25,Digital Wallet,In-store
263,TXN_1254663,2.0,3.0,6.0,Coffee,2023-08-15,Digital Wallet,Takeaway
264,TXN_1255476,4.0,1.0,4.0,Smoothie,2023-08-28,Digital Wallet,In-store
265,TXN_1256513,2.0,4.0,8.0,Coffee,2023-02-21,Credit Card,In-store
266,TXN_1256536,5.0,1.0,5.0,Salad,2023-12-16,Cash,Takeaway
267,TXN_1256851,4.0,4.0,16.0,Sandwich,2023-07-29,Credit Card,In-store
268,TXN_1259340,1.5,3.0,4.5,Tea,2023-02-24,Digital Wallet,In-store
269,TXN_1259671,4.0,3.0,12.0,Sandwich,2023-10-08,Digital Wallet,In-store
270,TXN_1259824,1.0,5.0,5.0,Cookie,2023-04-29,Digital Wallet,Takeaway
271,TXN_1260335,1.0,4.0,4.0,Cookie,2023-04-29,Digital Wallet,In-store
272,TXN_1260517,4.0,5.0,20.0,Smoothie,2023-04-17,Digital Wallet,Takeaway
273,TXN_1261028,3.0,3.0,9.0,Juice,2023-10-27,Digital Wallet,In-store
274,TXN_1263426,4.0,2.0,8.0,Sandwich,2023-10-20,Credit Card,In-store
275,TXN_1266278,4.0,1.0,4.0,Smoothie,2023-11-03,Digital Wallet,Takeaway
276,TXN_1266598,3.0,4.0,12.0,Cake,2023-04-05,Digital Wallet,Takeaway
277,TXN_1267753,1.5,3.0,4.5,Tea,2023-06-28,Credit Card,In-store
278,TXN_1268480,5.0,5.0,25.0,Salad,2023-04-18,Cash,In-store
279,TXN_1268811,5.0,1.0,5.0,Salad,2023-01-04,Cash,In-store
280,TXN_1269172,4.0,1.0,4.0,Sandwich,2023-08-22,Cash,In-store
281,TXN_1269252,3.0,1.0,3.0,Cake,2023-07-18,Digital Wallet,Takeaway
282,TXN_1270603,3.0,4.0,12.0,Juice,2023-12-03,Credit Card,Takeaway
283,TXN_1272118,1.0,4.0,4.0,Cookie,2023-04-21,Credit Card,Takeaway
284,TXN_1272815,3.0,4.0,12.0,Juice,2023-08-07,Credit Card,In-store
285,TXN_1275124,2.0,3.0,6.0,Coffee,2023-06-21,Digital Wallet,Takeaway
286,TXN_1277813,3.0,5.0,15.0,Juice,2023-09-11,Digital Wallet,In-store
287,TXN_1277989,1.5,5.0,7.5,Tea,2023-08-09,Digital Wallet,In-store
288,TXN_1278539,1.5,1.0,1.5,Tea,2023-04-04,Credit Card,Takeaway
289,TXN_1279428,5.0,1.0,5.0,Salad,2023-03-02,Digital Wallet,In-store
290,TXN_1281536,4.0,5.0,20.0,Smoothie,2023-03-19,Digital Wallet,In-store
291,TXN_1282260,4.0,5.0,20.0,Sandwich,2023-07-21,Digital Wallet,In-store
292,TXN_1283149,5.0,2.0,10.0,Salad,2023-01-23,Credit Card,In-store
293,TXN_1285279,2.0,2.0,4.0,Coffee,2023-04-09,Cash,Takeaway
294,TXN_1286779,4.0,4.0,16.0,Smoothie,2023-04-13,Credit Card,In-store
295,TXN_1289133,3.0,1.0,3.0,Juice,2023-09-19,Cash,In-store
296,TXN_1292430,4.0,1.0,4.0,Smoothie,2023-03-09,Credit Card,Takeaway
297,TXN_1292476,3.0,4.0,12.0,Juice,2023-09-07,Digital Wallet,Takeaway
298,TXN_1293057,1.5,2.0,3.0,Tea,2023-07-03,Digital Wallet,In-store
299,TXN_1293509,3.0,3.0,9.0,Juice,2023-07-03,Cash,In-store
300,TXN_1294101,1.5,5.0,7.5,Tea,2023-03-31,Digital Wallet,Takeaway
301,TXN_1295824,1.5,1.0,1.5,Tea,2023-08-01,Credit Card,In-store
302,TXN_1296879,3.0,1.0,3.0,Cake,2023-11-17,Cash,Takeaway
303,TXN_1297663,4.0,5.0,20.0,Smoothie,2023-09-12,Credit Card,In-store
304,TXN_1298084,1.5,2.0,3.0,Tea,2023-01-02,Credit Card,Takeaway
305,TXN_1299936,2.0,1.0,2.0,Coffee,2023-03-27,Digital Wallet,Takeaway
306,TXN_1299959,4.0,5.0,20.0,Smoothie,2023-06-23,Cash,In-store
307,TXN_1302920,2.0,2.0,4.0,Coffee,2023-08-16,Digital Wallet,Takeaway
308,TXN_1303984,5.0,4.0,20.0,Salad,2023-07-24,Digital Wallet,In-store
309,TXN_1307239,2.0,1.0,2.0,Coffee,2023-10-26,Digital Wallet,Takeaway
310,TXN_1307428,1.5,4.0,6.0,Tea,2023-10-26,Credit Card,In-store
311,TXN_1309055,2.0,2.0,4.0,Coffee,2023-11-09,Credit Card,Takeaway
312,TXN_1309653,5.0,2.0,10.0,Salad,2023-11-09,Cash,In-store
313,TXN_1310741,4.0,3.0,12.0,Sandwich,2023-07-25,Credit Card,Takeaway
314,TXN_1311237,1.0,4.0,4.0,Cookie,2023-11-11,Credit Card,Takeaway
315,TXN_1311519,4.0,5.0,20.0,Smoothie,2023-01-28,Cash,In-store
316,TXN_1313643,3.0,4.0,12.0,Cake,2023-02-11,Cash,Takeaway
317,TXN_1313701,1.0,2.0,2.0,Cookie,2023-10-03,Digital Wallet,Takeaway
318,TXN_1315214,1.5,2.0,3.0,Tea,2023-11-03,Digital Wallet,In-store
319,TXN_1315847,3.0,1.0,3.0,Cake,2023-06-19,Digital Wallet,In-store
320,TXN_1316036,3.0,2.0,6.0,Juice,2023-10-27,Cash,Takeaway
321,TXN_1317114,1.0,2.0,2.0,Cookie,2023-11-06,Digital Wallet,Takeaway
322,TXN_1318238,4.0,1.0,4.0,Sandwich,2023-09-23,Digital Wallet,Takeaway
323,TXN_1318943,2.0,2.0,4.0,Coffee,2023-06-13,Cash,In-store
324,TXN_1319834,1.0,1.0,1.0,Cookie,2023-03-31,Digital Wallet,Takeaway
325,TXN_1322421,3.0,4.0,12.0,Juice,2023-03-05,Credit Card,Takeaway
326,TXN_1322520,5.0,5.0,25.0,Salad,2023-07-12,Cash,In-store
327,TXN_1323030,5.0,4.0,20.0,Salad,2023-03-30,Cash,In-store
328,TXN_1324760,1.5,4.0,6.0,Tea,2023-01-18,Cash,In-store
329,TXN_1324930,4.0,5.0,20.0,Sandwich,2023-01-11,Credit Card,Takeaway
330,TXN_1324968,1.0,3.0,3.0,Cookie,2023-01-05,Credit Card,In-store
331,TXN_1325631,3.0,4.0,12.0,Cake,2023-02-11,Credit Card,In-store
332,TXN_1326993,1.0,3.0,3.0,Cookie,2023-12-30,Digital Wallet,In-store
333,TXN_1328230,4.0,5.0,20.0,Sandwich,2023-02-03,Cash,In-store
334,TXN_1328953,4.0,3.0,12.0,Smoothie,2023-12-28,Digital Wallet,In-store
335,TXN_1328968,1.5,1.0,1.5,Tea,2023-06-28,Digital Wallet,In-store
336,TXN_1329167,1.5,5.0,7.5,Tea,2023-01-14,Digital Wallet,Takeaway
337,TXN_1330506,1.0,3.0,3.0,Cookie,2023-11-10,Digital Wallet,Takeaway
338,TXN_1332623,1.0,2.0,2.0,Cookie,2023-07-15,Digital Wallet,Takeaway
339,TXN_1333524,3.0,2.0,6.0,Cake,2023-05-05,Credit Card,Takeaway
340,TXN_1333682,4.0,1.0,4.0,Smoothie,2023-01-28,Digital Wallet,In-store
341,TXN_1334406,3.0,1.0,3.0,Juice,2023-09-26,Digital Wallet,In-store
342,TXN_1335256,2.0,5.0,10.0,Coffee,2023-08-04,Digital Wallet,Takeaway
343,TXN_1335337,1.5,3.0,4.5,Tea,2023-09-06,Credit Card,In-store
344,TXN_1336470,1.5,1.0,1.5,Tea,2023-12-22,Cash,In-store
345,TXN_1336727,4.0,2.0,8.0,Smoothie,2023-10-18,Digital Wallet,In-store
346,TXN_1336900,2.0,5.0,10.0,Coffee,2023-01-16,Credit Card,Takeaway
347,TXN_1339158,5.0,4.0,20.0,Salad,2023-01-16,Cash,In-store
348,TXN_1339457,4.0,3.0,12.0,Sandwich,2023-05-23,Digital Wallet,In-store
349,TXN_1340358,4.0,3.0,12.0,Sandwich,2023-06-09,Cash,Takeaway
350,TXN_1340956,2.0,4.0,8.0,Coffee,2023-10-26,Digital Wallet,Takeaway
351,TXN_1342359,3.0,4.0,12.0,Cake,2023-07-14,Cash,Takeaway
352,TXN_1342487,3.0,3.0,9.0,Juice,2023-09-21,Credit Card,In-store
353,TXN_1343750,1.0,2.0,2.0,Cookie,2023-02-15,Digital Wallet,Takeaway
354,TXN_1344947,3.0,3.0,9.0,Cake,2023-02-16,Cash,Takeaway
355,TXN_1345440,5.0,5.0,25.0,Salad,2023-06-20,Cash,In-store
356,TXN_1346517,2.0,1.0,2.0,Coffee,2023-03-20,Digital Wallet,Takeaway
357,TXN_1346936,1.0,5.0,5.0,Cookie,2023-10-10,Digital Wallet,Takeaway
358,TXN_1346953,1.5,3.0,4.5,Tea,2023-09-24,Digital Wallet,In-store
359,TXN_1347965,1.0,5.0,5.0,Cookie,2023-02-19,Digital Wallet,In-store
360,TXN_1348274,3.0,5.0,15.0,Cake,2023-11-14,Cash,Takeaway
361,TXN_1349215,4.0,1.0,4.0,Sandwich,2023-02-06,Digital Wallet,In-store
362,TXN_1349640,3.0,2.0,6.0,Juice,2023-06-17,Credit Card,In-store
363,TXN_1349738,4.0,3.0,12.0,Sandwich,2023-03-26,Cash,In-store
364,TXN_1350239,4.0,5.0,20.0,Smoothie,2023-11-18,Cash,In-store
365,TXN_1351151,4.0,1.0,4.0,Smoothie,2023-10-03,Credit Card,In-store
366,TXN_1353248,4.0,3.0,12.0,Sandwich,2023-09-03,Cash,In-store
367,TXN_1353266,4.0,1.0,4.0,Smoothie,2023-08-30,Digital Wallet,Takeaway
368,TXN_1353479,4.0,4.0,16.0,Smoothie,2023-09-20,Cash,In-store
369,TXN_1354464,3.0,5.0,15.0,Cake,2023-03-18,Digital Wallet,In-store
370,TXN_1355212,2.0,2.0,4.0,Coffee,2023-05-25,Digital Wallet,Takeaway
371,TXN_1356599,1.0,2.0,2.0,Cookie,2023-12-14,Cash,Takeaway
372,TXN_1357780,1.5,4.0,6.0,Tea,2023-10-23,Digital Wallet,In-store
373,TXN_1360379,1.5,1.0,1.5,Tea,2023-08-23,Credit Card,In-store
374,TXN_1360872,2.0,2.0,4.0,Coffee,2023-11-04,Credit Card,In-store
375,TXN_1360998,1.0,2.0,2.0,Cookie,2023-07-30,Cash,Takeaway
376,TXN_1363508,5.0,4.0,20.0,Salad,2023-08-08,Cash,In-store
377,TXN_1364211,5.0,2.0,10.0,Salad,2023-03-08,Cash,In-store
378,TXN_1365285,3.0,5.0,15.0,Juice,2023-06-11,Credit Card,In-store
379,TXN_1367003,5.0,5.0,25.0,Salad,2023-11-10,Cash,In-store
380,TXN_1367723,2.0,3.0,6.0,Coffee,2023-10-25,Cash,In-store
381,TXN_1368769,1.0,3.0,3.0,Cookie,2023-06-02,Credit Card,Takeaway
382,TXN_1370465,1.0,4.0,4.0,Cookie,2023-03-25,Digital Wallet,Takeaway
383,TXN_1371554,4.0,2.0,8.0,Sandwich,2023-05-19,Credit Card,In-store
384,TXN_1371708,1.0,2.0,2.0,Cookie,2023-03-14,Digital Wallet,Takeaway
385,TXN_1372003,1.5,4.0,6.0,Tea,2023-10-13,Digital Wallet,Takeaway
386,TXN_1372492,5.0,4.0,20.0,Salad,2023-03-28,Cash,Takeaway
387,TXN_1372991,2.0,4.0,8.0,Coffee,2023-11-17,Digital Wallet,In-store
388,TXN_1373048,5.0,5.0,25.0,Salad,2023-08-31,Cash,In-store
389,TXN_1374424,4.0,5.0,20.0,Sandwich,2023-04-24,Credit Card,In-store
390,TXN_1375992,2.0,5.0,10.0,Coffee,2023-03-23,Credit Card,In-store
391,TXN_1379209,1.5,5.0,7.5,Tea,2023-02-06,Digital Wallet,In-store
392,TXN_1380601,1.5,4.0,6.0,Tea,2023-03-11,Digital Wallet,In-store
393,TXN_1381818,3.0,4.0,12.0,Juice,2023-03-11,Credit Card,In-store
394,TXN_1386024,3.0,4.0,12.0,Cake,2023-05-21,Credit Card,Takeaway
395,TXN_1387062,4.0,5.0,20.0,Sandwich,2023-08-22,Credit Card,In-store
396,TXN_1387401,1.0,4.0,4.0,Cookie,2023-10-19,Cash,In-store
397,TXN_1388606,3.0,3.0,9.0,Cake,2023-08-31,Digital Wallet,Takeaway
398,TXN_1389258,5.0,1.0,5.0,Salad,2023-12-31,Cash,Takeaway
399,TXN_1390754,3.0,2.0,6.0,Cake,2023-11-08,Cash,Takeaway
400,TXN_1390917,4.0,1.0,4.0,Sandwich,2023-01-16,Credit Card,In-store
401,TXN_1392546,3.0,2.0,6.0,Cake,2023-12-06,Digital Wallet,In-store
402,TXN_1394131,3.0,4.0,12.0,Juice,2023-06-13,Digital Wallet,Takeaway
403,TXN_1395083,3.0,1.0,3.0,Juice,2023-07-08,Cash,In-store
404,TXN_1396019,2.0,4.0,8.0,Coffee,2023-12-03,Cash,In-store
405,TXN_1398511,2.0,5.0,10.0,Coffee,2023-12-19,Digital Wallet,Takeaway
406,TXN_1398769,4.0,1.0,4.0,Smoothie,2023-06-02,Cash,In-store
407,TXN_1399696,3.0,5.0,15.0,Cake,2023-04-08,Cash,In-store
408,TXN_1401771,4.0,2.0,8.0,Sandwich,2023-12-08,Cash,In-store
409,TXN_1402641,1.5,3.0,4.5,Tea,2023-09-12,Credit Card,Takeaway
410,TXN_1405124,4.0,3.0,12.0,Sandwich,2023-08-03,Digital Wallet,Takeaway
411,TXN_1405498,3.0,2.0,6.0,Juice,2023-12-31,Digital Wallet,Takeaway
412,TXN_1408709,4.0,5.0,20.0,Smoothie,2023-04-14,Cash,Takeaway
413,TXN_1409029,4.0,1.0,4.0,Sandwich,2023-04-14,Cash,In-store
414,TXN_1410102,5.0,1.0,5.0,Salad,2023-06-23,Cash,In-store
415,TXN_1411473,2.0,3.0,6.0,Coffee,2023-01-04,Credit Card,In-store
416,TXN_1411744,4.0,4.0,16.0,Smoothie,2023-09-17,Credit Card,Takeaway
417,TXN_1412415,3.0,3.0,9.0,Juice,2023-02-24,Cash,In-store
418,TXN_1413304,5.0,5.0,25.0,Salad,2023-03-17,Cash,Takeaway
419,TXN_1413310,4.0,3.0,12.0,Smoothie,2023-04-06,Digital Wallet,Takeaway
420,TXN_1413335,5.0,1.0,5.0,Salad,2023-05-17,Digital Wallet,Takeaway
421,TXN_1414039,3.0,4.0,12.0,Juice,2023-02-13,Digital Wallet,In-store
422,TXN_1417291,3.0,4.0,12.0,Juice,2023-05-11,Digital Wallet,In-store
423,TXN_1417400,1.0,2.0,2.0,Cookie,2023-03-20,Cash,In-store
424,TXN_1417724,4.0,2.0,8.0,Sandwich,2023-06-07,Digital Wallet,In-store
425,TXN_1417871,5.0,3.0,15.0,Salad,2023-03-12,Cash,Takeaway
426,TXN_1418829,4.0,1.0,4.0,Smoothie,2023-09-19,Digital Wallet,Takeaway
427,TXN_1419188,3.0,5.0,15.0,Cake,2023-11-26,Credit Card,Takeaway
428,TXN_1419669,3.0,5.0,15.0,Cake,2023-03-07,Cash,Takeaway
429,TXN_1419790,4.0,3.0,12.0,Sandwich,2023-01-06,Credit Card,In-store
430,TXN_1422305,4.0,4.0,16.0,Sandwich,2023-03-09,Credit Card,In-store
431,TXN_1423173,4.0,5.0,20.0,Smoothie,2023-10-02,Credit Card,In-store
432,TXN_1424056,4.0,1.0,4.0,Smoothie,2023-07-31,Cash,In-store
433,TXN_1425215,3.0,1.0,3.0,Juice,2023-03-13,Cash,Takeaway
434,TXN_1425591,4.0,1.0,4.0,Smoothie,2023-09-10,Cash,In-store
435,TXN_1427485,2.0,3.0,6.0,Coffee,2023-07-19,Credit Card,Takeaway
436,TXN_1427963,2.0,1.0,2.0,Coffee,2023-10-14,Cash,Takeaway
437,TXN_1429325,4.0,2.0,8.0,Smoothie,2023-04-20,Cash,In-store
438,TXN_1429858,1.0,4.0,4.0,Cookie,2023-03-15,Credit Card,Takeaway
439,TXN_1430778,1.5,1.0,1.5,Tea,2023-05-26,Credit Card,Takeaway
440,TXN_1432682,1.5,1.0,1.5,Tea,2023-07-11,Digital Wallet,In-store
441,TXN_1434598,4.0,5.0,20.0,Sandwich,2023-11-18,Cash,Takeaway
442,TXN_1434857,3.0,5.0,15.0,Cake,2023-01-13,Cash,In-store
443,TXN_1435035,4.0,1.0,4.0,Smoothie,2023-12-31,Digital Wallet,In-store
444,TXN_1435086,3.0,5.0,15.0,Cake,2023-02-09,Cash,Takeaway
445,TXN_1435192,3.0,2.0,6.0,Cake,2023-06-18,Cash,Takeaway
446,TXN_1436343,1.0,1.0,1.0,Cookie,2023-11-26,Credit Card,In-store
447,TXN_1436851,4.0,5.0,20.0,Sandwich,2023-07-28,Cash,Takeaway
448,TXN_1437083,4.0,2.0,8.0,Smoothie,2023-03-15,Credit Card,In-store
449,TXN_1437275,2.0,3.0,6.0,Coffee,2023-07-22,Credit Card,Takeaway
450,TXN_1438257,5.0,4.0,20.0,Salad,2023-06-13,Credit Card,Takeaway
451,TXN_1439390,3.0,4.0,12.0,Juice,2023-02-14,Digital Wallet,In-store
452,TXN_1442096,1.0,3.0,3.0,Cookie,2023-06-27,Credit Card,In-store
453,TXN_1442771,3.0,1.0,3.0,Juice,2023-04-25,Digital Wallet,In-store
454,TXN_1442791,1.5,1.0,1.5,Tea,2023-03-23,Digital Wallet,In-store
455,TXN_1443201,1.0,5.0,5.0,Cookie,2023-10-03,Credit Card,In-store
456,TXN_1443912,3.0,2.0,6.0,Juice,2023-06-08,Digital Wallet,In-store
457,TXN_1443928,3.0,4.0,12.0,Cake,2023-12-03,Cash,Takeaway
458,TXN_1444479,3.0,1.0,3.0,Juice,2023-12-10,Credit Card,In-store
459,TXN_1444932,4.0,1.0,4.0,Smoothie,2023-05-24,Cash,In-store
460,TXN_1445532,2.0,3.0,6.0,Coffee,2023-03-03,Cash,Takeaway
461,TXN_1446862,3.0,3.0,9.0,Cake,2023-09-26,Cash,Takeaway
462,TXN_1448501,3.0,4.0,12.0,Cake,2023-09-10,Credit Card,Takeaway
463,TXN_1449065,5.0,2.0,10.0,Salad,2023-10-03,Cash,In-store
464,TXN_1449866,5.0,4.0,20.0,Salad,2023-09-21,Cash,In-store
465,TXN_1450705,1.0,5.0,5.0,Cookie,2023-10-07,Digital Wallet,Takeaway
466,TXN_1452253,4.0,2.0,8.0,Sandwich,2023-05-12,Credit Card,In-store
467,TXN_1452931,1.5,1.0,1.5,Tea,2023-07-08,Digital Wallet,In-store
468,TXN_1453579,4.0,5.0,20.0,Sandwich,2023-01-21,Credit Card,In-store
469,TXN_1454024,1.0,5.0,5.0,Cookie,2023-01-21,Digital Wallet,Takeaway
470,TXN_1454467,3.0,3.0,9.0,Juice,2023-03-15,Cash,In-store
471,TXN_1454730,2.0,5.0,10.0,Coffee,2023-07-21,Digital Wallet,Takeaway
472,TXN_1454866,4.0,1.0,4.0,Sandwich,2023-12-13,Digital Wallet,Takeaway
473,TXN_1456374,1.0,5.0,5.0,Cookie,2023-02-15,Cash,Takeaway
474,TXN_1458905,4.0,1.0,4.0,Sandwich,2023-02-19,Digital Wallet,Takeaway
475,TXN_1459078,1.0,5.0,5.0,Cookie,2023-11-10,Digital Wallet,In-store
476,TXN_1460963,2.0,3.0,6.0,Coffee,2023-02-10,Cash,In-store
477,TXN_1461221,5.0,2.0,10.0,Salad,2023-04-30,Cash,In-store
478,TXN_1461246,4.0,1.0,4.0,Smoothie,2023-06-01,Digital Wallet,In-store
479,TXN_1461895,3.0,5.0,15.0,Juice,2023-06-17,Digital Wallet,In-store
480,TXN_1463795,2.0,5.0,10.0,Coffee,2023-08-04,Credit Card,Takeaway
481,TXN_1464150,2.0,5.0,10.0,Coffee,2023-02-14,Cash,Takeaway
482,TXN_1464694,4.0,1.0,4.0,Sandwich,2023-07-23,Credit Card,In-store
483,TXN_1465364,1.5,4.0,6.0,Tea,2023-07-23,Digital Wallet,In-store
484,TXN_1465584,4.0,1.0,4.0,Sandwich,2023-04-29,Credit Card,In-store
485,TXN_1466002,3.0,3.0,9.0,Juice,2023-11-23,Digital Wallet,In-store
486,TXN_1467367,4.0,3.0,12.0,Sandwich,2023-02-18,Credit Card,In-store
487,TXN_1467546,1.0,3.0,3.0,Cookie,2023-07-20,Digital Wallet,Takeaway
488,TXN_1469462,3.0,1.0,3.0,Cake,2023-09-05,Credit Card,Takeaway
489,TXN_1472433,2.0,1.0,2.0,Coffee,2023-04-05,Digital Wallet,Takeaway
490,TXN_1473693,4.0,4.0,16.0,Smoothie,2023-05-14,Digital Wallet,Takeaway
491,TXN_1474329,4.0,2.0,8.0,Smoothie,2023-03-02,Digital Wallet,Takeaway
492,TXN_1475403,1.0,1.0,1.0,Cookie,2023-03-02,Cash,In-store
493,TXN_1475459,1.5,4.0,6.0,Tea,2023-11-09,Digital Wallet,Takeaway
494,TXN_1476066,4.0,2.0,8.0,Smoothie,2023-10-19,Digital Wallet,Takeaway
495,TXN_1476711,1.5,2.0,3.0,Tea,2023-01-26,Digital Wallet,In-store
496,TXN_1476775,5.0,3.0,15.0,Salad,2023-11-01,Credit Card,In-store
497,TXN_1477525,5.0,3.0,15.0,Salad,2023-11-06,Cash,Takeaway
498,TXN_1478016,1.0,4.0,4.0,Cookie,2023-08-04,Digital Wallet,In-store
499,TXN_1480967,1.5,2.0,3.0,Tea,2023-08-04,Cash,Takeaway
500,TXN_1481116,1.5,2.0,3.0,Tea,2023-02-26,Digital Wallet,In-store
501,TXN_1481470,3.0,3.0,9.0,Juice,2023-02-26,Digital Wallet,Takeaway
502,TXN_1482123,2.0,1.0,2.0,Coffee,2023-06-17,Cash,In-store
503,TXN_1485417,1.0,3.0,3.0,Cookie,2023-06-17,Cash,In-store
504,TXN_1485725,5.0,5.0,25.0,Salad,2023-12-10,Cash,In-store
505,TXN_1486119,1.0,4.0,4.0,Cookie,2023-08-24,Digital Wallet,Takeaway
506,TXN_1486576,4.0,4.0,16.0,Sandwich,2023-09-10,Credit Card,Takeaway
507,TXN_1487762,1.5,3.0,4.5,Tea,2023-02-07,Digital Wallet,In-store
508,TXN_1488127,1.5,5.0,7.5,Tea,2023-12-12,Digital Wallet,Takeaway
509,TXN_1488458,2.0,4.0,8.0,Coffee,2023-08-21,Digital Wallet,Takeaway
510,TXN_1488481,2.0,4.0,8.0,Coffee,2023-07-28,Credit Card,Takeaway
511,TXN_1489194,2.0,3.0,6.0,Coffee,2023-07-18,Digital Wallet,Takeaway
512,TXN_1489200,3.0,1.0,3.0,Juice,2023-03-27,Digital Wallet,In-store
513,TXN_1489218,5.0,2.0,10.0,Salad,2023-09-13,Digital Wallet,In-store
514,TXN_1489746,1.0,3.0,3.0,Cookie,2023-12-18,Digital Wallet,In-store
515,TXN_1491299,3.0,2.0,6.0,Juice,2023-02-27,Credit Card,In-store
516,TXN_1491578,1.0,2.0,2.0,Cookie,2023-02-23,Digital Wallet,Takeaway
517,TXN_1491670,3.0,5.0,15.0,Juice,2023-06-28,Credit Card,Takeaway
518,TXN_1492585,4.0,3.0,12.0,Sandwich,2023-01-17,Cash,Takeaway
519,TXN_1493452,4.0,3.0,12.0,Sandwich,2023-11-08,Credit Card,In-store
520,TXN_1494502,5.0,5.0,25.0,Salad,2023-11-08,Digital Wallet,In-store
521,TXN_1494608,1.5,3.0,4.5,Tea,2023-05-07,Credit Card,In-store
522,TXN_1495371,4.0,2.0,8.0,Sandwich,2023-07-21,Credit Card,Takeaway
523,TXN_1496038,3.0,4.0,12.0,Juice,2023-12-22,Digital Wallet,In-store
524,TXN_1496962,4.0,5.0,20.0,Smoothie,2023-12-17,Digital Wallet,In-store
525,TXN_1498343,5.0,2.0,10.0,Salad,2023-03-31,Credit Card,Takeaway
526,TXN_1499208,4.0,1.0,4.0,Sandwich,2023-11-01,Cash,Takeaway
527,TXN_1499346,3.0,5.0,15.0,Cake,2023-12-09,Cash,Takeaway
528,TXN_1503602,1.5,5.0,7.5,Tea,2023-12-16,Digital Wallet,In-store
529,TXN_1503903,1.5,1.0,1.5,Tea,2023-03-20,Cash,Takeaway
530,TXN_1504466,2.0,1.0,2.0,Coffee,2023-11-07,Cash,Takeaway
531,TXN_1505837,4.0,3.0,12.0,Sandwich,2023-12-15,Credit Card,In-store
532,TXN_1505875,4.0,4.0,16.0,Smoothie,2023-05-17,Cash,Takeaway
533,TXN_1505947,1.0,3.0,3.0,Cookie,2023-11-21,Cash,Takeaway
534,TXN_1509627,3.0,4.0,12.0,Juice,2023-03-23,Digital Wallet,In-store
535,TXN_1510315,2.0,3.0,6.0,Coffee,2023-02-28,Cash,Takeaway
536,TXN_1510406,5.0,3.0,15.0,Salad,2023-01-12,Cash,In-store
537,TXN_1510673,3.0,3.0,9.0,Juice,2023-02-26,Digital Wallet,In-store
538,TXN_1512118,5.0,4.0,20.0,Salad,2023-03-01,Cash,In-store
539,TXN_1512159,3.0,2.0,6.0,Cake,2023-11-25,Credit Card,In-store
540,TXN_1512184,2.0,3.0,6.0,Coffee,2023-01-28,Digital Wallet,Takeaway
541,TXN_1512185,2.0,4.0,8.0,Coffee,2023-06-16,Cash,Takeaway
542,TXN_1514364,2.0,5.0,10.0,Coffee,2023-01-21,Digital Wallet,In-store
543,TXN_1515059,3.0,4.0,12.0,Juice,2023-10-25,Digital Wallet,In-store
544,TXN_1516182,1.0,1.0,1.0,Cookie,2023-06-18,Digital Wallet,Takeaway
545,TXN_1516961,4.0,3.0,12.0,Sandwich,2023-11-01,Credit Card,Takeaway
546,TXN_1518379,3.0,4.0,12.0,Juice,2023-08-12,Digital Wallet,In-store
547,TXN_1521486,5.0,4.0,20.0,Salad,2023-01-28,Cash,In-store
548,TXN_1521861,3.0,5.0,15.0,Juice,2023-04-02,Cash,In-store
549,TXN_1522122,1.0,5.0,5.0,Cookie,2023-02-14,Credit Card,In-store
550,TXN_1522140,1.0,4.0,4.0,Cookie,2023-05-28,Cash,Takeaway
551,TXN_1522176,4.0,1.0,4.0,Smoothie,2023-04-29,Digital Wallet,Takeaway
552,TXN_1522430,4.0,3.0,12.0,Smoothie,2023-12-06,Credit Card,In-store
553,TXN_1523567,5.0,3.0,15.0,Salad,2023-11-22,Digital Wallet,Takeaway
554,TXN_1523626,3.0,4.0,12.0,Cake,2023-07-21,Cash,Takeaway
555,TXN_1524602,2.0,3.0,6.0,Coffee,2023-05-11,Cash,Takeaway
556,TXN_1524626,4.0,2.0,8.0,Smoothie,2023-12-29,Digital Wallet,In-store
557,TXN_1525046,4.0,2.0,8.0,Smoothie,2023-12-02,Cash,In-store
558,TXN_1525583,4.0,3.0,12.0,Sandwich,2023-05-20,Cash,Takeaway
559,TXN_1526864,4.0,3.0,12.0,Smoothie,2023-01-27,Digital Wallet,In-store
560,TXN_1526920,4.0,5.0,20.0,Sandwich,2023-01-27,Digital Wallet,Takeaway
561,TXN_1528454,2.0,2.0,4.0,Coffee,2023-03-22,Digital Wallet,In-store
562,TXN_1529845,3.0,3.0,9.0,Juice,2023-01-25,Credit Card,In-store
563,TXN_1529904,2.0,1.0,2.0,Coffee,2023-01-25,Credit Card,In-store
564,TXN_1529961,4.0,4.0,16.0,Smoothie,2023-09-29,Credit Card,In-store
565,TXN_1530892,3.0,2.0,6.0,Juice,2023-09-09,Digital Wallet,In-store
566,TXN_1532390,1.5,5.0,7.5,Tea,2023-04-08,Digital Wallet,In-store
567,TXN_1533652,1.5,3.0,4.5,Tea,2023-08-17,Cash,In-store
568,TXN_1533790,3.0,4.0,12.0,Cake,2023-07-21,Digital Wallet,Takeaway
569,TXN_1534223,3.0,3.0,9.0,Cake,2023-01-30,Credit Card,Takeaway
570,TXN_1534763,1.0,2.0,2.0,Cookie,2023-09-17,Cash,Takeaway
571,TXN_1535311,3.0,3.0,9.0,Juice,2023-03-16,Cash,In-store
572,TXN_1538510,2.0,5.0,10.0,Coffee,2023-05-22,Digital Wallet,Takeaway
573,TXN_1538515,3.0,4.0,12.0,Juice,2023-06-11,Cash,In-store
574,TXN_1540181,1.5,3.0,4.5,Tea,2023-08-17,Digital Wallet,Takeaway
575,TXN_1542042,3.0,4.0,12.0,Cake,2023-07-26,Credit Card,Takeaway
576,TXN_1544070,2.0,5.0,10.0,Coffee,2023-09-05,Digital Wallet,Takeaway
577,TXN_1546695,2.0,5.0,10.0,Coffee,2023-03-06,Digital Wallet,Takeaway
578,TXN_1547245,4.0,3.0,9.0,Sandwich,2023-09-11,Credit Card,Takeaway
579,TXN_1547555,4.0,3.0,12.0,Smoothie,2023-09-11,Digital Wallet,Takeaway
580,TXN_1547704,2.0,5.0,10.0,Coffee,2023-02-14,Cash,In-store
581,TXN_1547717,4.0,5.0,20.0,Sandwich,2023-12-15,Credit Card,In-store
582,TXN_1548245,4.0,4.0,16.0,Sandwich,2023-03-15,Credit Card,In-store
583,TXN_1554195,4.0,2.0,8.0,Smoothie,2023-10-22,Digital Wallet,In-store
584,TXN_1555314,4.0,1.0,4.0,Sandwich,2023-02-25,Credit Card,Takeaway
585,TXN_1556046,4.0,4.0,16.0,Sandwich,2023-04-09,Credit Card,Takeaway
586,TXN_1556480,1.5,5.0,7.5,Tea,2023-02-06,Digital Wallet,In-store
587,TXN_1556609,4.0,1.0,4.0,Sandwich,2023-07-21,Digital Wallet,In-store
588,TXN_1556652,3.0,5.0,15.0,Cake,2023-04-06,Digital Wallet,Takeaway
589,TXN_1556708,4.0,1.0,4.0,Smoothie,2023-06-11,Digital Wallet,Takeaway
590,TXN_1559313,4.0,2.0,8.0,Smoothie,2023-12-02,Credit Card,In-store
591,TXN_1559512,3.0,5.0,15.0,Juice,2023-11-28,Credit Card,In-store
592,TXN_1559521,2.0,5.0,10.0,Coffee,2023-07-05,Digital Wallet,In-store
593,TXN_1560873,1.0,2.0,2.0,Cookie,2023-07-19,Digital Wallet,Takeaway
594,TXN_1561430,1.5,2.0,3.0,Tea,2023-10-13,Digital Wallet,Takeaway
595,TXN_1564506,4.0,5.0,20.0,Smoothie,2023-02-01,Digital Wallet,In-store
596,TXN_1564754,5.0,3.0,15.0,Salad,2023-03-14,Digital Wallet,In-store
597,TXN_1565027,1.5,3.0,4.5,Tea,2023-03-16,Digital Wallet,In-store
598,TXN_1566564,1.0,3.0,3.0,Cookie,2023-09-08,Credit Card,Takeaway
599,TXN_1568657,2.0,2.0,4.0,Coffee,2023-09-08,Cash,Takeaway
600,TXN_1569248,1.5,1.0,1.5,Tea,2023-11-14,Credit Card,In-store
601,TXN_1569729,4.0,5.0,20.0,Smoothie,2023-07-16,Cash,Takeaway
602,TXN_1570573,4.0,3.0,12.0,Sandwich,2023-04-09,Digital Wallet,Takeaway
603,TXN_1570632,4.0,5.0,20.0,Sandwich,2023-02-28,Digital Wallet,In-store
604,TXN_1571824,1.0,4.0,4.0,Cookie,2023-10-16,Cash,Takeaway
605,TXN_1571874,3.0,1.0,3.0,Cake,2023-07-10,Digital Wallet,Takeaway
606,TXN_1572930,2.0,3.0,6.0,Coffee,2023-07-17,Digital Wallet,In-store
607,TXN_1574190,4.0,3.0,12.0,Smoothie,2023-12-17,Digital Wallet,In-store
608,TXN_1575608,4.0,5.0,20.0,Sandwich,2023-01-05,Credit Card,Takeaway
609,TXN_1576076,2.0,3.0,6.0,Coffee,2023-10-07,Cash,Takeaway
610,TXN_1576355,2.0,4.0,8.0,Coffee,2023-10-20,Digital Wallet,Takeaway
611,TXN_1577802,3.0,2.0,6.0,Juice,2023-11-29,Credit Card,In-store
612,TXN_1578981,3.0,1.0,3.0,Cake,2023-05-15,Cash,In-store
613,TXN_1579182,3.0,5.0,15.0,Juice,2023-02-20,Cash,In-store
614,TXN_1580822,3.0,5.0,15.0,Juice,2023-02-20,Credit Card,In-store
615,TXN_1581562,2.0,2.0,4.0,Coffee,2023-01-01,Cash,In-store
616,TXN_1581997,5.0,4.0,20.0,Salad,2023-08-26,Digital Wallet,In-store
617,TXN_1582958,2.0,2.0,4.0,Coffee,2023-12-08,Cash,Takeaway
618,TXN_1583315,1.0,3.0,3.0,Cookie,2023-10-17,Digital Wallet,Takeaway
619,TXN_1583597,5.0,1.0,5.0,Salad,2023-05-10,Cash,In-store
620,TXN_1583983,1.5,3.0,4.5,Tea,2023-03-02,Credit Card,In-store
621,TXN_1584851,4.0,1.0,4.0,Smoothie,2023-04-10,Credit Card,In-store
622,TXN_1585329,4.0,4.0,16.0,Smoothie,2023-07-16,Credit Card,In-store
623,TXN_1585827,3.0,3.0,9.0,Cake,2023-09-30,Credit Card,In-store
624,TXN_1586452,5.0,2.0,10.0,Salad,2023-02-01,Cash,In-store
625,TXN_1588687,2.0,2.0,4.0,Coffee,2023-08-22,Digital Wallet,Takeaway
626,TXN_1589264,5.0,2.0,10.0,Salad,2023-07-26,Cash,In-store
627,TXN_1591640,3.0,2.0,6.0,Cake,2023-05-26,Cash,In-store
628,TXN_1593691,4.0,2.0,8.0,Sandwich,2023-03-11,Credit Card,In-store
629,TXN_1595139,4.0,5.0,20.0,Smoothie,2023-08-24,Cash,In-store
630,TXN_1598214,3.0,1.0,3.0,Juice,2023-01-07,Credit Card,Takeaway
631,TXN_1599516,3.0,3.0,9.0,Juice,2023-05-11,Cash,In-store
632,TXN_1602123,2.0,1.0,2.0,Coffee,2023-04-11,Cash,Takeaway
633,TXN_1602435,4.0,1.0,4.0,Smoothie,2023-12-01,Cash,In-store
634,TXN_1602799,3.0,4.0,12.0,Cake,2023-03-23,Digital Wallet,Takeaway
635,TXN_1603051,1.0,4.0,4.0,Cookie,2023-03-21,Credit Card,Takeaway
636,TXN_1603186,3.0,3.0,9.0,Cake,2023-10-13,Cash,Takeaway
637,TXN_1603563,3.0,4.0,12.0,Cake,2023-04-13,Cash,Takeaway
638,TXN_1604072,2.0,2.0,4.0,Coffee,2023-01-01,Digital Wallet,Takeaway
639,TXN_1605048,3.0,4.0,12.0,Cake,2023-03-16,Cash,Takeaway
640,TXN_1605677,1.5,5.0,7.5,Tea,2023-01-15,Digital Wallet,In-store
641,TXN_1606273,2.0,1.0,2.0,Coffee,2023-11-02,Digital Wallet,Takeaway
642,TXN_1607471,4.0,2.0,8.0,Sandwich,2023-01-03,Credit Card,Takeaway
643,TXN_1607650,1.0,2.0,2.0,Cookie,2023-04-27,Digital Wallet,Takeaway
644,TXN_1610137,2.0,3.0,6.0,Coffee,2023-04-02,Cash,Takeaway
645,TXN_1610204,3.0,1.0,3.0,Cake,2023-02-19,Cash,Takeaway
646,TXN_1613996,3.0,2.0,6.0,Juice,2023-10-12,Digital Wallet,In-store
647,TXN_1616810,1.0,2.0,2.0,Cookie,2023-09-05,Digital Wallet,In-store
648,TXN_1617029,5.0,4.0,20.0,Salad,2023-05-15,Cash,Takeaway
649,TXN_1617476,3.0,2.0,6.0,Cake,2023-02-10,Digital Wallet,In-store
650,TXN_1617594,4.0,1.0,4.0,Sandwich,2023-04-23,Credit Card,In-store
651,TXN_1621227,2.0,2.0,4.0,Coffee,2023-04-23,Cash,Takeaway
652,TXN_1621920,5.0,3.0,15.0,Salad,2023-10-28,Cash,Takeaway
653,TXN_1622123,1.0,2.0,2.0,Cookie,2023-01-05,Cash,Takeaway
654,TXN_1622411,5.0,2.0,10.0,Salad,2023-07-23,Cash,Takeaway
655,TXN_1622577,3.0,1.0,3.0,Juice,2023-03-14,Cash,In-store
656,TXN_1623966,1.5,2.0,3.0,Tea,2023-03-14,Cash,Takeaway
657,TXN_1624458,1.5,4.0,6.0,Tea,2023-03-14,Digital Wallet,In-store
658,TXN_1625754,3.0,5.0,15.0,Cake,2023-08-03,Digital Wallet,In-store
659,TXN_1627038,3.0,4.0,12.0,Juice,2023-12-25,Digital Wallet,Takeaway
660,TXN_1628509,4.0,5.0,20.0,Smoothie,2023-12-25,Digital Wallet,Takeaway
661,TXN_1629092,1.0,3.0,3.0,Cookie,2023-02-13,Credit Card,Takeaway
662,TXN_1629218,2.0,3.0,6.0,Coffee,2023-06-27,Digital Wallet,Takeaway
663,TXN_1630051,4.0,5.0,20.0,Smoothie,2023-03-17,Digital Wallet,Takeaway
664,TXN_1631377,2.0,5.0,10.0,Coffee,2023-06-07,Digital Wallet,Takeaway
665,TXN_1631695,1.5,2.0,3.0,Tea,2023-09-19,Digital Wallet,In-store
666,TXN_1632205,1.0,4.0,4.0,Cookie,2023-02-04,Digital Wallet,In-store
667,TXN_1633337,5.0,5.0,25.0,Salad,2023-06-29,Credit Card,In-store
668,TXN_1633563,4.0,4.0,16.0,Sandwich,2023-02-05,Digital Wallet,In-store
669,TXN_1633607,3.0,1.0,3.0,Juice,2023-03-13,Cash,Takeaway
670,TXN_1634534,3.0,5.0,15.0,Juice,2023-12-03,Digital Wallet,In-store
671,TXN_1635137,3.0,2.0,6.0,Cake,2023-12-28,Cash,Takeaway
672,TXN_1635631,1.0,4.0,4.0,Cookie,2023-07-04,Credit Card,Takeaway
673,TXN_1636908,3.0,4.0,12.0,Cake,2023-10-17,Digital Wallet,Takeaway
674,TXN_1637131,1.5,4.0,6.0,Tea,2023-10-17,Cash,In-store
675,TXN_1637334,1.5,2.0,3.0,Tea,2023-08-09,Credit Card,In-store
676,TXN_1640172,5.0,1.0,5.0,Salad,2023-04-13,Cash,In-store
677,TXN_1640649,1.0,4.0,4.0,Cookie,2023-12-05,Digital Wallet,In-store
678,TXN_1641000,4.0,2.0,8.0,Sandwich,2023-08-19,Cash,In-store
679,TXN_1643029,1.0,3.0,3.0,Cookie,2023-09-11,Digital Wallet,Takeaway
680,TXN_1643039,1.0,3.0,3.0,Cookie,2023-02-17,Digital Wallet,Takeaway
681,TXN_1643122,3.0,3.0,9.0,Juice,2023-05-15,Digital Wallet,In-store
682,TXN_1643447,3.0,1.0,3.0,Juice,2023-09-03,Digital Wallet,In-store
683,TXN_1643870,5.0,4.0,20.0,Salad,2023-10-07,Digital Wallet,Takeaway
684,TXN_1645743,1.0,4.0,4.0,Cookie,2023-07-02,Digital Wallet,Takeaway
685,TXN_1646009,5.0,4.0,20.0,Salad,2023-10-11,Credit Card,In-store
686,TXN_1647069,4.0,1.0,4.0,Sandwich,2023-04-06,Credit Card,Takeaway
687,TXN_1647077,4.0,2.0,8.0,Smoothie,2023-08-19,Digital Wallet,In-store
688,TXN_1647144,5.0,2.0,10.0,Salad,2023-08-29,Cash,Takeaway
689,TXN_1648671,4.0,3.0,12.0,Sandwich,2023-05-21,Cash,Takeaway
690,TXN_1650385,4.0,1.0,4.0,Sandwich,2023-07-24,Credit Card,In-store
691,TXN_1652596,4.0,5.0,20.0,Smoothie,2023-10-04,Digital Wallet,In-store
692,TXN_1653570,2.0,5.0,10.0,Coffee,2023-10-10,Digital Wallet,Takeaway
693,TXN_1654784,1.0,5.0,5.0,Cookie,2023-12-31,Digital Wallet,In-store
694,TXN_1655100,3.0,4.0,12.0,Cake,2023-12-20,Credit Card,Takeaway
695,TXN_1655827,3.0,1.0,3.0,Cake,2023-09-06,Cash,In-store
696,TXN_1660104,4.0,2.0,8.0,Smoothie,2023-02-04,Credit Card,Takeaway
697,TXN_1660757,3.0,4.0,12.0,Cake,2023-11-08,Digital Wallet,Takeaway
698,TXN_1661068,5.0,3.0,15.0,Salad,2023-04-09,Cash,Takeaway
699,TXN_1661682,4.0,5.0,20.0,Sandwich,2023-07-13,Digital Wallet,In-store
700,TXN_1662024,1.0,4.0,4.0,Cookie,2023-01-16,Digital Wallet,In-store
701,TXN_1663113,4.0,4.0,16.0,Smoothie,2023-12-24,Credit Card,Takeaway
702,TXN_1663257,3.0,3.0,9.0,Juice,2023-04-23,Credit Card,In-store
703,TXN_1664563,4.0,3.0,12.0,Smoothie,2023-04-28,Cash,In-store
704,TXN_1664665,3.0,3.0,9.0,Juice,2023-05-21,Credit Card,In-store
705,TXN_1665056,5.0,5.0,25.0,Salad,2023-01-05,Cash,In-store
706,TXN_1665810,4.0,5.0,20.0,Sandwich,2023-02-26,Digital Wallet,In-store
707,TXN_1666190,4.0,4.0,16.0,Smoothie,2023-07-28,Digital Wallet,Takeaway
708,TXN_1667192,3.0,4.0,12.0,Cake,2023-07-17,Cash,Takeaway
709,TXN_1670597,2.0,2.0,4.0,Coffee,2023-05-21,Cash,Takeaway
710,TXN_1670848,3.0,2.0,6.0,Cake,2023-08-04,Credit Card,Takeaway
711,TXN_1671480,1.0,5.0,5.0,Cookie,2023-01-06,Digital Wallet,Takeaway
712,TXN_1672229,1.0,2.0,2.0,Cookie,2023-11-12,Cash,Takeaway
713,TXN_1672443,2.0,1.0,2.0,Coffee,2023-10-03,Credit Card,Takeaway
714,TXN_1672632,5.0,3.0,15.0,Salad,2023-07-04,Digital Wallet,In-store
715,TXN_1672708,5.0,4.0,20.0,Salad,2023-04-04,Cash,In-store
716,TXN_1674042,2.0,5.0,10.0,Coffee,2023-09-19,Digital Wallet,Takeaway
717,TXN_1675510,4.0,3.0,12.0,Sandwich,2023-09-09,Credit Card,In-store
718,TXN_1678985,3.0,2.0,6.0,Juice,2023-07-16,Cash,In-store
719,TXN_1679800,4.0,4.0,16.0,Smoothie,2023-10-17,Cash,In-store
720,TXN_1681153,3.0,3.0,9.0,Juice,2023-02-09,Cash,Takeaway
721,TXN_1681216,3.0,3.0,9.0,Cake,2023-03-23,Cash,Takeaway
722,TXN_1686323,4.0,4.0,16.0,Smoothie,2023-11-30,Digital Wallet,In-store
723,TXN_1687822,5.0,4.0,20.0,Salad,2023-11-30,Credit Card,Takeaway
724,TXN_1688292,3.0,3.0,9.0,Juice,2023-11-30,Credit Card,In-store
725,TXN_1688499,4.0,2.0,8.0,Smoothie,2023-03-23,Credit Card,In-store
726,TXN_1689024,2.0,5.0,10.0,Coffee,2023-04-17,Credit Card,In-store
727,TXN_1691313,4.0,2.0,8.0,Sandwich,2023-03-17,Digital Wallet,Takeaway
728,TXN_1691512,4.0,1.0,4.0,Smoothie,2023-03-25,Digital Wallet,In-store
729,TXN_1694090,2.0,4.0,8.0,Coffee,2023-11-30,Digital Wallet,Takeaway
730,TXN_1694364,4.0,3.0,12.0,Sandwich,2023-06-10,Credit Card,Takeaway
731,TXN_1696300,1.0,1.0,1.0,Cookie,2023-05-28,Digital Wallet,In-store
732,TXN_1696813,1.0,3.0,3.0,Cookie,2023-04-02,Cash,In-store
733,TXN_1697018,3.0,4.0,12.0,Juice,2023-07-02,Digital Wallet,In-store
734,TXN_1697299,4.0,3.0,12.0,Smoothie,2023-10-08,Cash,In-store
735,TXN_1698600,5.0,4.0,20.0,Salad,2023-07-31,Cash,Takeaway
736,TXN_1700027,4.0,4.0,16.0,Smoothie,2023-06-04,Digital Wallet,In-store
737,TXN_1700374,4.0,5.0,20.0,Sandwich,2023-08-11,Credit Card,In-store
738,TXN_1701465,3.0,1.0,3.0,Cake,2023-06-15,Cash,Takeaway
739,TXN_1701500,4.0,1.0,4.0,Smoothie,2023-01-05,Digital Wallet,Takeaway
740,TXN_1701766,3.0,4.0,12.0,Cake,2023-11-22,Cash,Takeaway
741,TXN_1701798,2.0,2.0,4.0,Coffee,2023-07-24,Cash,Takeaway
742,TXN_1702434,4.0,3.0,12.0,Smoothie,2023-07-22,Digital Wallet,In-store
743,TXN_1702437,4.0,4.0,16.0,Smoothie,2023-06-27,Credit Card,Takeaway
744,TXN_1704041,2.0,4.0,8.0,Coffee,2023-05-21,Credit Card,Takeaway
745,TXN_1704642,3.0,5.0,15.0,Juice,2023-05-21,Digital Wallet,In-store
746,TXN_1706201,2.0,3.0,6.0,Coffee,2023-08-23,Credit Card,In-store
747,TXN_1706896,4.0,3.0,12.0,Smoothie,2023-07-15,Cash,In-store
748,TXN_1707251,4.0,2.0,8.0,Sandwich,2023-10-06,Digital Wallet,Takeaway
749,TXN_1707537,3.0,3.0,9.0,Cake,2023-10-17,Digital Wallet,Takeaway
750,TXN_1708928,4.0,1.0,4.0,Smoothie,2023-10-17,Digital Wallet,In-store
751,TXN_1710476,3.0,4.0,12.0,Juice,2023-05-22,Digital Wallet,Takeaway
752,TXN_1710823,5.0,2.0,10.0,Salad,2023-01-27,Credit Card,In-store
753,TXN_1711730,3.0,5.0,15.0,Juice,2023-06-01,Digital Wallet,Takeaway
754,TXN_1711872,3.0,1.0,3.0,Juice,2023-01-27,Digital Wallet,Takeaway
755,TXN_1712662,3.0,2.0,6.0,Juice,2023-05-31,Cash,In-store
756,TXN_1713098,4.0,4.0,16.0,Smoothie,2023-11-22,Digital Wallet,In-store
757,TXN_1713128,4.0,3.0,12.0,Smoothie,2023-05-01,Credit Card,In-store
758,TXN_1713639,1.0,1.0,1.0,Cookie,2023-08-04,Digital Wallet,Takeaway
759,TXN_1713983,5.0,2.0,10.0,Salad,2023-05-11,Cash,In-store
760,TXN_1714274,1.0,4.0,4.0,Cookie,2023-12-27,Digital Wallet,In-store
761,TXN_1714348,4.0,2.0,8.0,Sandwich,2023-12-31,Cash,Takeaway
762,TXN_1714471,3.0,4.0,12.0,Juice,2023-08-17,Cash,Takeaway
763,TXN_1715317,3.0,5.0,15.0,Juice,2023-02-10,Digital Wallet,In-store
764,TXN_1715684,4.0,1.0,4.0,Smoothie,2023-07-13,Digital Wallet,In-store
765,TXN_1716710,2.0,2.0,4.0,Coffee,2023-02-23,Digital Wallet,Takeaway
766,TXN_1718733,2.0,3.0,6.0,Coffee,2023-05-31,Cash,Takeaway
767,TXN_1719440,1.0,5.0,5.0,Cookie,2023-07-13,Digital Wallet,Takeaway
768,TXN_1720238,5.0,5.0,25.0,Salad,2023-05-08,Cash,Takeaway
769,TXN_1720329,1.0,2.0,2.0,Cookie,2023-04-06,Cash,Takeaway
770,TXN_1721242,4.0,5.0,20.0,Smoothie,2023-11-23,Digital Wallet,In-store
771,TXN_1721342,4.0,5.0,20.0,Smoothie,2023-08-23,Digital Wallet,In-store
772,TXN_1721366,4.0,5.0,20.0,Smoothie,2023-04-09,Digital Wallet,In-store
773,TXN_1721827,3.0,4.0,12.0,Cake,2023-08-22,Digital Wallet,Takeaway
774,TXN_1721910,3.0,4.0,12.0,Juice,2023-03-21,Digital Wallet,In-store
775,TXN_1723062,5.0,1.0,5.0,Salad,2023-09-21,Cash,In-store
776,TXN_1724233,1.0,5.0,5.0,Cookie,2023-02-01,Digital Wallet,Takeaway
777,TXN_1724815,4.0,3.0,12.0,Sandwich,2023-08-16,Credit Card,In-store
778,TXN_1725926,3.0,5.0,15.0,Juice,2023-12-23,Credit Card,In-store
779,TXN_1726774,5.0,3.0,15.0,Salad,2023-11-16,Cash,In-store
780,TXN_1726858,4.0,3.0,12.0,Smoothie,2023-11-16,Cash,In-store
781,TXN_1727281,3.0,4.0,12.0,Juice,2023-01-05,Digital Wallet,Takeaway
782,TXN_1728427,2.0,5.0,10.0,Coffee,2023-02-11,Cash,Takeaway
783,TXN_1728644,2.0,1.0,2.0,Coffee,2023-04-07,Cash,Takeaway
784,TXN_1730385,3.0,2.0,6.0,Cake,2023-03-01,Credit Card,Takeaway
785,TXN_1730647,3.0,5.0,15.0,Juice,2023-01-18,Digital Wallet,In-store
786,TXN_1730850,3.0,2.0,6.0,Juice,2023-12-15,Cash,Takeaway
787,TXN_1731476,4.0,1.0,4.0,Sandwich,2023-04-19,Digital Wallet,Takeaway
788,TXN_1732216,2.0,3.0,6.0,Coffee,2023-08-30,Digital Wallet,Takeaway
789,TXN_1732639,1.0,4.0,4.0,Cookie,2023-08-30,Digital Wallet,In-store
790,TXN_1733916,4.0,4.0,16.0,Sandwich,2023-01-12,Digital Wallet,In-store
791,TXN_1736287,2.0,5.0,10.0,Coffee,2023-06-02,Digital Wallet,Takeaway
792,TXN_1736294,2.0,3.0,6.0,Coffee,2023-09-06,Digital Wallet,Takeaway
793,TXN_1736630,1.5,5.0,7.5,Tea,2023-07-16,Credit Card,In-store
794,TXN_1737731,4.0,5.0,20.0,Smoothie,2023-06-29,Digital Wallet,In-store
795,TXN_1738607,3.0,2.0,6.0,Juice,2023-01-17,Credit Card,In-store
796,TXN_1740742,1.5,4.0,6.0,Tea,2023-10-06,Digital Wallet,In-store
797,TXN_1741325,1.5,2.0,3.0,Tea,2023-03-31,Credit Card,In-store
798,TXN_1741685,3.0,5.0,15.0,Juice,2023-08-18,Cash,In-store
799,TXN_1744319,4.0,3.0,12.0,Smoothie,2023-03-24,Cash,In-store
800,TXN_1745182,1.0,2.0,2.0,Cookie,2023-09-26,Digital Wallet,Takeaway
801,TXN_1746001,1.0,3.0,3.0,Cookie,2023-03-15,Digital Wallet,Takeaway
802,TXN_1746320,5.0,1.0,5.0,Salad,2023-11-14,Cash,In-store
803,TXN_1748121,3.0,2.0,6.0,Cake,2023-12-07,Cash,In-store
804,TXN_1749105,4.0,5.0,20.0,Sandwich,2023-10-17,Cash,In-store
805,TXN_1749299,4.0,2.0,8.0,Smoothie,2023-10-28,Digital Wallet,In-store
806,TXN_1749930,5.0,5.0,25.0,Salad,2023-07-01,Cash,In-store
807,TXN_1750875,3.0,3.0,9.0,Juice,2023-12-13,Digital Wallet,In-store
808,TXN_1751164,5.0,2.0,10.0,Salad,2023-09-11,Cash,In-store
809,TXN_1751183,4.0,5.0,20.0,Sandwich,2023-12-25,Credit Card,In-store
810,TXN_1752617,1.5,5.0,7.5,Tea,2023-09-05,Digital Wallet,Takeaway
811,TXN_1752992,2.0,3.0,6.0,Coffee,2023-12-12,Digital Wallet,Takeaway
812,TXN_1755661,5.0,5.0,25.0,Salad,2023-07-14,Cash,In-store
813,TXN_1755817,5.0,5.0,25.0,Salad,2023-07-17,Digital Wallet,Takeaway
814,TXN_1756717,4.0,3.0,12.0,Smoothie,2023-01-22,Credit Card,In-store
815,TXN_1757340,3.0,2.0,6.0,Cake,2023-12-29,Credit Card,In-store
816,TXN_1758689,4.0,3.0,12.0,Smoothie,2023-02-17,Cash,In-store
817,TXN_1759063,1.0,2.0,2.0,Cookie,2023-09-09,Digital Wallet,Takeaway
818,TXN_1759314,5.0,5.0,25.0,Salad,2023-08-23,Cash,In-store
819,TXN_1760092,2.0,1.0,2.0,Coffee,2023-04-15,Credit Card,Takeaway
820,TXN_1765281,4.0,3.0,12.0,Smoothie,2023-01-28,Credit Card,In-store
821,TXN_1766527,5.0,4.0,20.0,Salad,2023-02-07,Digital Wallet,In-store
822,TXN_1767201,5.0,5.0,25.0,Salad,2023-07-12,Credit Card,In-store
823,TXN_1767321,4.0,1.0,4.0,Sandwich,2023-03-24,Credit Card,In-store
824,TXN_1767872,5.0,2.0,10.0,Salad,2023-01-05,Credit Card,In-store
825,TXN_1769466,2.0,5.0,10.0,Coffee,2023-08-01,Digital Wallet,Takeaway
826,TXN_1769882,3.0,3.0,9.0,Juice,2023-03-17,Digital Wallet,Takeaway
827,TXN_1770073,1.0,2.0,2.0,Cookie,2023-12-03,Digital Wallet,Takeaway
828,TXN_1770648,4.0,4.0,16.0,Sandwich,2023-09-30,Credit Card,In-store
829,TXN_1772692,4.0,3.0,12.0,Smoothie,2023-09-05,Cash,In-store
830,TXN_1773856,3.0,2.0,6.0,Cake,2023-08-11,Cash,Takeaway
831,TXN_1773873,5.0,5.0,25.0,Salad,2023-06-10,Credit Card,Takeaway
832,TXN_1775278,3.0,4.0,12.0,Juice,2023-02-22,Credit Card,Takeaway
833,TXN_1775884,3.0,4.0,12.0,Juice,2023-10-08,Cash,In-store
834,TXN_1776070,4.0,3.0,12.0,Sandwich,2023-10-08,Credit Card,In-store
835,TXN_1777171,2.0,2.0,4.0,Coffee,2023-08-17,Digital Wallet,In-store
836,TXN_1777959,1.5,5.0,7.5,Tea,2023-10-18,Digital Wallet,Takeaway
837,TXN_1778597,1.0,3.0,3.0,Cookie,2023-09-28,Cash,Takeaway
838,TXN_1778707,5.0,5.0,25.0,Salad,2023-03-26,Credit Card,Takeaway
839,TXN_1779679,2.0,5.0,10.0,Coffee,2023-01-06,Digital Wallet,In-store
840,TXN_1781777,5.0,3.0,15.0,Salad,2023-10-26,Credit Card,Takeaway
841,TXN_1783857,2.0,2.0,4.0,Coffee,2023-11-29,Digital Wallet,In-store
842,TXN_1784150,1.0,3.0,3.0,Cookie,2023-03-10,Digital Wallet,Takeaway
843,TXN_1784478,3.0,5.0,15.0,Juice,2023-07-31,Cash,In-store
844,TXN_1785371,2.0,1.0,2.0,Coffee,2023-01-16,Digital Wallet,Takeaway
845,TXN_1785644,1.5,5.0,7.5,Tea,2023-08-13,Digital Wallet,In-store
846,TXN_1786141,4.0,4.0,16.0,Smoothie,2023-03-12,Digital Wallet,In-store
847,TXN_1789504,5.0,1.0,5.0,Salad,2023-06-12,Credit Card,In-store
848,TXN_1789644,2.0,4.0,8.0,Coffee,2023-06-12,Credit Card,In-store
849,TXN_1792405,1.5,3.0,4.5,Tea,2023-07-06,Digital Wallet,Takeaway
850,TXN_1792573,4.0,5.0,20.0,Smoothie,2023-12-07,Cash,Takeaway
851,TXN_1794862,3.0,2.0,6.0,Cake,2023-07-16,Cash,Takeaway
852,TXN_1795044,2.0,2.0,4.0,Coffee,2023-08-15,Digital Wallet,Takeaway
853,TXN_1796259,3.0,1.0,3.0,Juice,2023-04-29,Digital Wallet,In-store
854,TXN_1797690,3.0,5.0,15.0,Cake,2023-08-10,Credit Card,Takeaway
855,TXN_1799247,2.0,3.0,6.0,Coffee,2023-01-25,Digital Wallet,Takeaway
856,TXN_1801691,5.0,1.0,5.0,Salad,2023-05-18,Cash,Takeaway
857,TXN_1803599,4.0,1.0,4.0,Sandwich,2023-08-30,Digital Wallet,Takeaway
858,TXN_1803889,5.0,4.0,20.0,Salad,2023-06-23,Cash,In-store
859,TXN_1804132,4.0,3.0,12.0,Smoothie,2023-06-23,Digital Wallet,In-store
860,TXN_1804335,3.0,3.0,9.0,Juice,2023-10-05,Credit Card,In-store
861,TXN_1805937,3.0,3.0,9.0,Juice,2023-06-12,Credit Card,In-store
862,TXN_1807140,5.0,1.0,5.0,Salad,2023-03-22,Cash,In-store
863,TXN_1811216,4.0,1.0,4.0,Sandwich,2023-01-18,Digital Wallet,Takeaway
864,TXN_1811734,2.0,4.0,8.0,Coffee,2023-07-16,Digital Wallet,Takeaway
865,TXN_1811953,1.0,2.0,2.0,Cookie,2023-06-26,Digital Wallet,Takeaway
866,TXN_1812185,3.0,2.0,6.0,Juice,2023-09-21,Digital Wallet,In-store
867,TXN_1815061,3.0,3.0,9.0,Cake,2023-01-20,Digital Wallet,In-store
868,TXN_1817076,3.0,3.0,9.0,Juice,2023-05-31,Cash,In-store
869,TXN_1817275,5.0,2.0,10.0,Salad,2023-09-02,Cash,In-store
870,TXN_1817596,1.5,2.0,3.0,Tea,2023-11-04,Digital Wallet,In-store
871,TXN_1818438,2.0,5.0,10.0,Coffee,2023-06-18,Cash,Takeaway
872,TXN_1819615,2.0,4.0,8.0,Coffee,2023-06-03,Digital Wallet,Takeaway
873,TXN_1822234,5.0,2.0,10.0,Salad,2023-10-15,Cash,In-store
874,TXN_1823906,5.0,3.0,15.0,Salad,2023-06-26,Digital Wallet,In-store
875,TXN_1824506,3.0,1.0,3.0,Cake,2023-03-02,Cash,In-store
876,TXN_1826919,3.0,4.0,12.0,Juice,2023-02-21,Credit Card,In-store
877,TXN_1827212,4.0,5.0,20.0,Sandwich,2023-12-22,Credit Card,In-store
878,TXN_1827937,2.0,1.0,2.0,Coffee,2023-12-22,Digital Wallet,Takeaway
879,TXN_1828494,3.0,2.0,6.0,Juice,2023-07-21,Digital Wallet,Takeaway
880,TXN_1829391,3.0,4.0,12.0,Juice,2023-10-06,Credit Card,In-store
881,TXN_1830278,1.0,3.0,3.0,Cookie,2023-05-15,Credit Card,Takeaway
882,TXN_1830432,1.0,3.0,3.0,Cookie,2023-11-02,Digital Wallet,Takeaway
883,TXN_1833012,5.0,3.0,15.0,Salad,2023-08-16,Digital Wallet,In-store
884,TXN_1833277,1.5,2.0,3.0,Tea,2023-10-19,Digital Wallet,Takeaway
885,TXN_1834831,5.0,5.0,25.0,Salad,2023-02-16,Digital Wallet,In-store
886,TXN_1836754,1.5,1.0,1.5,Tea,2023-09-10,Credit Card,In-store
887,TXN_1837617,3.0,3.0,9.0,Juice,2023-01-16,Digital Wallet,In-store
888,TXN_1837764,1.5,3.0,4.5,Tea,2023-07-30,Cash,In-store
889,TXN_1837817,1.5,2.0,3.0,Tea,2023-08-13,Cash,In-store
890,TXN_1839407,1.0,3.0,3.0,Cookie,2023-03-15,Cash,Takeaway
891,TXN_1840566,2.0,4.0,8.0,Coffee,2023-01-05,Digital Wallet,Takeaway
892,TXN_1840584,3.0,5.0,15.0,Cake,2023-05-28,Digital Wallet,Takeaway
893,TXN_1840897,5.0,1.0,5.0,Salad,2023-06-03,Cash,In-store
894,TXN_1841204,5.0,3.0,15.0,Salad,2023-04-18,Digital Wallet,In-store
895,TXN_1842675,1.0,4.0,4.0,Cookie,2023-06-23,Credit Card,Takeaway
896,TXN_1842697,3.0,5.0,15.0,Juice,2023-10-25,Digital Wallet,In-store
897,TXN_1842981,1.5,5.0,7.5,Tea,2023-04-12,Credit Card,In-store
898,TXN_1843989,1.0,5.0,5.0,Cookie,2023-07-19,Digital Wallet,Takeaway
899,TXN_1844925,1.5,5.0,7.5,Tea,2023-10-21,Cash,In-store
900,TXN_1846004,3.0,3.0,9.0,Juice,2023-05-21,Cash,In-store
901,TXN_1846455,4.0,4.0,16.0,Sandwich,2023-03-16,Credit Card,In-store
902,TXN_1848481,1.0,4.0,4.0,Cookie,2023-03-16,Credit Card,Takeaway
903,TXN_1849406,4.0,5.0,20.0,Sandwich,2023-11-30,Cash,In-store
904,TXN_1849597,4.0,2.0,8.0,Sandwich,2023-11-01,Cash,In-store
905,TXN_1850339,1.0,5.0,5.0,Cookie,2023-01-17,Cash,Takeaway
906,TXN_1851725,3.0,5.0,15.0,Cake,2023-02-19,Cash,Takeaway
907,TXN_1852224,1.5,4.0,6.0,Tea,2023-01-06,Cash,Takeaway
908,TXN_1852436,3.0,4.0,12.0,Juice,2023-01-06,Digital Wallet,In-store
909,TXN_1852586,3.0,5.0,15.0,Cake,2023-01-06,Cash,In-store
910,TXN_1853196,4.0,1.0,4.0,Sandwich,2023-08-28,Credit Card,In-store
911,TXN_1853298,1.0,5.0,5.0,Cookie,2023-01-02,Credit Card,Takeaway
912,TXN_1853983,1.5,1.0,1.5,Tea,2023-12-04,Cash,In-store
913,TXN_1854102,2.0,2.0,4.0,Coffee,2023-07-18,Digital Wallet,Takeaway
914,TXN_1856112,5.0,3.0,15.0,Salad,2023-06-08,Credit Card,In-store
915,TXN_1856153,2.0,5.0,10.0,Coffee,2023-12-02,Credit Card,Takeaway
916,TXN_1856538,2.0,3.0,6.0,Coffee,2023-11-01,Cash,Takeaway
917,TXN_1857902,4.0,5.0,20.0,Sandwich,2023-04-26,Credit Card,Takeaway
918,TXN_1858674,4.0,2.0,8.0,Smoothie,2023-04-09,Digital Wallet,In-store
919,TXN_1860406,2.0,2.0,4.0,Coffee,2023-06-17,Digital Wallet,Takeaway
920,TXN_1861717,1.5,2.0,3.0,Tea,2023-11-10,Cash,In-store
921,TXN_1862184,2.0,4.0,8.0,Coffee,2023-01-21,Digital Wallet,In-store
922,TXN_1863866,4.0,1.0,4.0,Smoothie,2023-10-03,Cash,In-store
923,TXN_1865302,1.0,5.0,5.0,Cookie,2023-08-16,Credit Card,In-store
924,TXN_1865735,4.0,2.0,8.0,Smoothie,2023-09-22,Digital Wallet,In-store
925,TXN_1866028,1.5,5.0,7.5,Tea,2023-06-12,Credit Card,Takeaway
926,TXN_1866707,4.0,3.0,12.0,Smoothie,2023-06-05,Cash,In-store
927,TXN_1866816,3.0,3.0,9.0,Juice,2023-08-21,Digital Wallet,In-store
928,TXN_1867158,1.0,4.0,4.0,Cookie,2023-05-16,Digital Wallet,Takeaway
929,TXN_1867836,3.0,1.0,3.0,Juice,2023-03-21,Credit Card,In-store
930,TXN_1868447,1.5,3.0,4.5,Tea,2023-09-30,Cash,In-store
931,TXN_1868529,5.0,1.0,5.0,Salad,2023-01-25,Credit Card,In-store
932,TXN_1869147,4.0,4.0,16.0,Smoothie,2023-11-21,Digital Wallet,In-store
933,TXN_1869814,1.5,1.0,1.5,Tea,2023-05-24,Digital Wallet,Takeaway
934,TXN_1870303,2.0,4.0,8.0,Coffee,2023-05-05,Digital Wallet,In-store
935,TXN_1870423,5.0,2.0,10.0,Salad,2023-04-12,Credit Card,Takeaway
936,TXN_1872692,5.0,5.0,25.0,Salad,2023-08-09,Cash,In-store
937,TXN_1872922,4.0,5.0,20.0,Sandwich,2023-07-16,Credit Card,In-store
938,TXN_1873800,4.0,3.0,12.0,Smoothie,2023-02-01,Digital Wallet,In-store
939,TXN_1873852,3.0,3.0,9.0,Juice,2023-07-07,Digital Wallet,Takeaway
940,TXN_1874601,2.0,4.0,8.0,Coffee,2023-12-10,Digital Wallet,Takeaway
941,TXN_1875220,1.5,3.0,4.5,Tea,2023-03-07,Cash,In-store
942,TXN_1882390,1.0,1.0,1.0,Cookie,2023-05-22,Digital Wallet,Takeaway
943,TXN_1882700,1.5,3.0,4.5,Tea,2023-04-18,Digital Wallet,In-store
944,TXN_1883231,3.0,5.0,15.0,Juice,2023-10-21,Digital Wallet,In-store
945,TXN_1884923,2.0,4.0,8.0,Coffee,2023-05-11,Digital Wallet,Takeaway
946,TXN_1885495,2.0,4.0,8.0,Coffee,2023-03-04,Cash,Takeaway
947,TXN_1887083,3.0,1.0,3.0,Juice,2023-05-05,Digital Wallet,In-store
948,TXN_1887250,1.5,3.0,4.5,Tea,2023-05-15,Digital Wallet,Takeaway
949,TXN_1887522,4.0,4.0,16.0,Sandwich,2023-02-20,Cash,In-store
950,TXN_1887555,3.0,2.0,6.0,Juice,2023-01-08,Cash,In-store
951,TXN_1888294,3.0,3.0,9.0,Juice,2023-07-03,Cash,In-store
952,TXN_1888706,1.0,1.0,1.0,Cookie,2023-11-26,Digital Wallet,Takeaway
953,TXN_1888708,4.0,4.0,16.0,Sandwich,2023-08-17,Cash,In-store
954,TXN_1891141,3.0,4.0,12.0,Juice,2023-10-25,Digital Wallet,In-store
955,TXN_1891217,1.5,5.0,7.5,Tea,2023-04-02,Digital Wallet,In-store
956,TXN_1891978,5.0,4.0,20.0,Salad,2023-09-13,Digital Wallet,In-store
957,TXN_1892102,4.0,3.0,12.0,Sandwich,2023-03-23,Cash,In-store
958,TXN_1892454,3.0,1.0,3.0,Juice,2023-07-19,Digital Wallet,In-store
959,TXN_1893222,4.0,5.0,20.0,Smoothie,2023-12-20,Credit Card,In-store
960,TXN_1893337,3.0,2.0,6.0,Cake,2023-05-16,Cash,Takeaway
961,TXN_1894142,4.0,4.0,16.0,Sandwich,2023-09-13,Cash,In-store
962,TXN_1895899,4.0,4.0,16.0,Smoothie,2023-07-17,Credit Card,In-store
963,TXN_1896955,5.0,5.0,25.0,Salad,2023-09-23,Cash,In-store
964,TXN_1897660,1.5,3.0,4.5,Tea,2023-09-23,Digital Wallet,In-store
965,TXN_1897783,4.0,3.0,12.0,Smoothie,2023-02-02,Cash,In-store
966,TXN_1898102,3.0,4.0,12.0,Cake,2023-10-17,Credit Card,Takeaway
967,TXN_1898329,3.0,5.0,15.0,Cake,2023-04-12,Cash,In-store
968,TXN_1899114,1.5,3.0,4.5,Tea,2023-04-05,Digital Wallet,Takeaway
969,TXN_1899827,2.0,5.0,10.0,Coffee,2023-06-24,Credit Card,Takeaway
970,TXN_1900036,1.0,1.0,1.0,Cookie,2023-12-20,Digital Wallet,Takeaway
971,TXN_1900411,5.0,3.0,15.0,Salad,2023-09-24,Cash,In-store
972,TXN_1900620,4.0,2.0,8.0,Smoothie,2023-12-14,Credit Card,In-store
973,TXN_1900906,2.0,5.0,10.0,Coffee,2023-01-31,Cash,Takeaway
974,TXN_1901704,5.0,5.0,25.0,Salad,2023-11-17,Cash,In-store
975,TXN_1901729,3.0,2.0,6.0,Cake,2023-03-18,Cash,Takeaway
976,TXN_1902009,3.0,2.0,6.0,Juice,2023-04-12,Credit Card,In-store
977,TXN_1902038,2.0,4.0,8.0,Coffee,2023-04-07,Credit Card,Takeaway
978,TXN_1903825,5.0,4.0,20.0,Salad,2023-04-01,Digital Wallet,Takeaway
979,TXN_1905459,4.0,3.0,12.0,Smoothie,2023-08-18,Digital Wallet,In-store
980,TXN_1906642,1.0,4.0,4.0,Cookie,2023-06-06,Digital Wallet,Takeaway
981,TXN_1907250,1.0,1.0,1.0,Cookie,2023-11-15,Credit Card,Takeaway
982,TXN_1907428,3.0,4.0,12.0,Juice,2023-06-06,Credit Card,In-store
983,TXN_1907740,4.0,1.0,4.0,Sandwich,2023-03-17,Cash,In-store
984,TXN_1908100,3.0,2.0,6.0,Juice,2023-04-17,Digital Wallet,In-store
985,TXN_1908636,1.5,2.0,3.0,Tea,2023-04-17,Digital Wallet,In-store
986,TXN_1909796,4.0,2.0,8.0,Smoothie,2023-07-12,Digital Wallet,Takeaway
987,TXN_1910487,4.0,3.0,12.0,Sandwich,2023-08-14,Digital Wallet,In-store
988,TXN_1910553,4.0,5.0,20.0,Smoothie,2023-10-01,Cash,In-store
989,TXN_1910957,1.5,5.0,7.5,Tea,2023-07-25,Digital Wallet,Takeaway
990,TXN_1911093,1.5,2.0,3.0,Tea,2023-10-07,Digital Wallet,In-store
991,TXN_1912525,4.0,4.0,16.0,Sandwich,2023-11-25,Cash,Takeaway
992,TXN_1914728,1.0,5.0,5.0,Cookie,2023-06-16,Cash,In-store
993,TXN_1915046,4.0,5.0,20.0,Sandwich,2023-04-12,Credit Card,In-store
994,TXN_1916339,3.0,1.0,3.0,Cake,2023-07-15,Cash,In-store
995,TXN_1917336,4.0,3.0,12.0,Sandwich,2023-04-12,Cash,In-store
996,TXN_1917388,3.0,2.0,6.0,Juice,2023-04-15,Digital Wallet,In-store
997,TXN_1921262,4.0,2.0,8.0,Sandwich,2023-11-24,Credit Card,In-store
998,TXN_1921415,3.0,1.0,3.0,Cake,2023-11-03,Cash,Takeaway
999,TXN_1923263,4.0,4.0,16.0,Sandwich,2023-03-12,Digital Wallet,In-store
1000,TXN_1923349,1.5,4.0,6.0,Tea,2023-07-06,Digital Wallet,In-store
1001,TXN_1923984,3.0,2.0,6.0,Cake,2023-08-31,Credit Card,Takeaway
1002,TXN_1926278,1.0,1.0,1.0,Cookie,2023-07-29,Credit Card,Takeaway
1003,TXN_1926712,2.0,5.0,10.0,Coffee,2023-01-31,Credit Card,Takeaway
1004,TXN_1926794,4.0,1.0,4.0,Smoothie,2023-01-14,Digital Wallet,In-store
1005,TXN_1927324,4.0,1.0,4.0,Sandwich,2023-08-29,Digital Wallet,Takeaway
1006,TXN_1927404,3.0,1.0,3.0,Juice,2023-12-22,Digital Wallet,In-store
1007,TXN_1927431,1.0,1.0,1.0,Cookie,2023-02-07,Credit Card,In-store
1008,TXN_1927704,5.0,2.0,10.0,Salad,2023-01-05,Digital Wallet,In-store
1009,TXN_1928131,4.0,1.0,4.0,Smoothie,2023-04-17,Credit Card,Takeaway
1010,TXN_1928241,2.0,3.0,6.0,Coffee,2023-04-30,Cash,In-store
1011,TXN_1928401,4.0,5.0,20.0,Sandwich,2023-06-15,Digital Wallet,In-store
1012,TXN_1929109,4.0,5.0,20.0,Sandwich,2023-06-15,Credit Card,In-store
1013,TXN_1929398,4.0,1.0,4.0,Sandwich,2023-02-23,Digital Wallet,In-store
1014,TXN_1931190,1.0,3.0,3.0,Cookie,2023-12-31,Digital Wallet,Takeaway
1015,TXN_1931404,3.0,5.0,15.0,Cake,2023-10-01,Cash,In-store
1016,TXN_1931832,4.0,4.0,16.0,Sandwich,2023-05-07,Credit Card,In-store
1017,TXN_1932224,2.0,1.0,2.0,Coffee,2023-09-09,Credit Card,Takeaway
1018,TXN_1932897,1.0,1.0,1.0,Cookie,2023-09-09,Digital Wallet,Takeaway
1019,TXN_1933315,3.0,2.0,6.0,Juice,2023-09-29,Digital Wallet,In-store
1020,TXN_1933628,3.0,2.0,6.0,Juice,2023-08-27,Cash,In-store
1021,TXN_1934166,4.0,5.0,20.0,Sandwich,2023-03-06,Cash,In-store
1022,TXN_1935119,2.0,4.0,8.0,Coffee,2023-07-15,Credit Card,Takeaway
1023,TXN_1936447,1.0,2.0,2.0,Cookie,2023-10-28,Cash,Takeaway
1024,TXN_1936644,3.0,3.0,9.0,Juice,2023-01-28,Digital Wallet,In-store
1025,TXN_1936915,5.0,3.0,15.0,Salad,2023-01-24,Digital Wallet,In-store
1026,TXN_1937081,3.0,2.0,6.0,Cake,2023-06-07,Credit Card,Takeaway
1027,TXN_1937611,1.5,2.0,3.0,Tea,2023-11-02,Credit Card,Takeaway
1028,TXN_1938071,4.0,4.0,16.0,Sandwich,2023-12-25,Credit Card,In-store
1029,TXN_1938148,3.0,2.0,6.0,Cake,2023-06-07,Credit Card,Takeaway
1030,TXN_1938413,4.0,4.0,16.0,Smoothie,2023-04-01,Digital Wallet,In-store
1031,TXN_1940330,1.5,4.0,6.0,Tea,2023-01-12,Digital Wallet,In-store
1032,TXN_1940778,1.5,2.0,3.0,Tea,2023-02-01,Cash,In-store
1033,TXN_1941099,1.0,5.0,5.0,Cookie,2023-04-14,Cash,Takeaway
1034,TXN_1942950,4.0,4.0,16.0,Sandwich,2023-03-25,Credit Card,Takeaway
1035,TXN_1943186,5.0,2.0,10.0,Salad,2023-12-16,Cash,In-store
1036,TXN_1944293,2.0,3.0,6.0,Coffee,2023-02-25,Digital Wallet,In-store
1037,TXN_1945918,3.0,2.0,6.0,Juice,2023-09-12,Digital Wallet,In-store
1038,TXN_1946773,4.0,4.0,16.0,Sandwich,2023-08-28,Cash,In-store
1039,TXN_1948437,4.0,2.0,8.0,Smoothie,2023-11-03,Digital Wallet,Takeaway
1040,TXN_1949093,4.0,2.0,8.0,Smoothie,2023-02-05,Cash,In-store
1041,TXN_1949789,5.0,2.0,10.0,Salad,2023-11-07,Cash,Takeaway
1042,TXN_1950008,4.0,4.0,16.0,Smoothie,2023-07-24,Digital Wallet,In-store
1043,TXN_1950063,5.0,2.0,10.0,Salad,2023-02-24,Cash,In-store
1044,TXN_1950187,1.5,2.0,3.0,Tea,2023-04-13,Credit Card,Takeaway
1045,TXN_1950343,1.0,2.0,2.0,Cookie,2023-07-25,Digital Wallet,Takeaway
1046,TXN_1950777,5.0,5.0,25.0,Salad,2023-08-26,Cash,Takeaway
1047,TXN_1951166,1.5,2.0,3.0,Tea,2023-08-28,Credit Card,In-store
1048,TXN_1951569,5.0,2.0,10.0,Salad,2023-02-27,Digital Wallet,In-store
1049,TXN_1952465,3.0,2.0,6.0,Cake,2023-06-11,Cash,Takeaway
1050,TXN_1955127,3.0,5.0,15.0,Juice,2023-02-18,Digital Wallet,In-store
1051,TXN_1958525,1.0,3.0,3.0,Cookie,2023-10-08,Digital Wallet,Takeaway
1052,TXN_1958614,4.0,2.0,8.0,Smoothie,2023-07-02,Digital Wallet,In-store
1053,TXN_1959082,3.0,5.0,15.0,Juice,2023-06-08,Credit Card,In-store
1054,TXN_1959334,2.0,3.0,6.0,Coffee,2023-06-29,Digital Wallet,Takeaway
1055,TXN_1960599,3.0,4.0,12.0,Cake,2023-01-06,Cash,Takeaway
1056,TXN_1961373,2.0,2.0,4.0,Coffee,2023-09-08,Credit Card,Takeaway
1057,TXN_1961595,4.0,5.0,20.0,Smoothie,2023-07-02,Digital Wallet,In-store
1058,TXN_1961943,4.0,3.0,12.0,Smoothie,2023-11-05,Digital Wallet,In-store
1059,TXN_1962275,2.0,5.0,10.0,Coffee,2023-05-26,Credit Card,Takeaway
1060,TXN_1963345,4.0,4.0,16.0,Smoothie,2023-10-12,Digital Wallet,In-store
1061,TXN_1964555,4.0,2.0,8.0,Smoothie,2023-04-11,Digital Wallet,In-store
1062,TXN_1964893,4.0,1.0,4.0,Smoothie,2023-04-11,Digital Wallet,In-store
1063,TXN_1967032,1.5,1.0,1.5,Tea,2023-01-12,Digital Wallet,Takeaway
1064,TXN_1967565,4.0,5.0,20.0,Smoothie,2023-03-31,Credit Card,Takeaway
1065,TXN_1970180,3.0,2.0,6.0,Cake,2023-08-02,Digital Wallet,Takeaway
1066,TXN_1971103,3.0,4.0,12.0,Juice,2023-08-22,Digital Wallet,In-store
1067,TXN_1971201,4.0,2.0,8.0,Smoothie,2023-11-07,Digital Wallet,In-store
1068,TXN_1971865,3.0,1.0,3.0,Cake,2023-04-11,Digital Wallet,Takeaway
1069,TXN_1972584,4.0,5.0,20.0,Sandwich,2023-07-10,Digital Wallet,In-store
1070,TXN_1972843,2.0,2.0,4.0,Coffee,2023-02-20,Digital Wallet,Takeaway
1071,TXN_1973716,5.0,4.0,20.0,Salad,2023-01-21,Credit Card,In-store
1072,TXN_1975184,2.0,3.0,9.0,Coffee,2023-01-15,Digital Wallet,Takeaway
1073,TXN_1976619,2.0,2.0,4.0,Coffee,2023-08-02,Digital Wallet,Takeaway
1074,TXN_1978239,5.0,4.0,20.0,Salad,2023-09-20,Cash,In-store
1075,TXN_1978687,3.0,2.0,6.0,Juice,2023-12-13,Digital Wallet,In-store
1076,TXN_1980303,1.5,3.0,4.5,Tea,2023-04-22,Digital Wallet,In-store
1077,TXN_1981602,4.0,4.0,16.0,Sandwich,2023-09-04,Cash,In-store
1078,TXN_1982031,1.0,4.0,4.0,Cookie,2023-02-03,Cash,Takeaway
1079,TXN_1983422,1.0,2.0,2.0,Cookie,2023-06-26,Digital Wallet,In-store
1080,TXN_1983705,3.0,3.0,9.0,Juice,2023-06-26,Cash,Takeaway
1081,TXN_1983842,3.0,5.0,15.0,Cake,2023-03-16,Digital Wallet,Takeaway
1082,TXN_1984774,1.5,3.0,4.5,Tea,2023-11-13,Cash,Takeaway
1083,TXN_1984966,1.5,2.0,3.0,Tea,2023-03-31,Credit Card,Takeaway
1084,TXN_1985142,4.0,3.0,12.0,Smoothie,2023-03-31,Digital Wallet,In-store
1085,TXN_1985223,4.0,3.0,12.0,Smoothie,2023-09-21,Digital Wallet,Takeaway
1086,TXN_1985278,4.0,3.0,12.0,Sandwich,2023-02-13,Credit Card,In-store
1087,TXN_1985396,4.0,3.0,12.0,Sandwich,2023-01-23,Cash,In-store
1088,TXN_1987212,4.0,5.0,20.0,Smoothie,2023-04-07,Credit Card,Takeaway
1089,TXN_1987311,4.0,1.0,4.0,Smoothie,2023-08-03,Digital Wallet,In-store
1090,TXN_1987716,2.0,1.0,2.0,Coffee,2023-11-13,Credit Card,Takeaway
1091,TXN_1987977,4.0,2.0,8.0,Sandwich,2023-11-16,Credit Card,In-store
1092,TXN_1990029,1.5,4.0,6.0,Tea,2023-11-18,Credit Card,In-store
1093,TXN_1990997,5.0,1.0,5.0,Salad,2023-03-27,Digital Wallet,In-store
1094,TXN_1991104,3.0,2.0,6.0,Juice,2023-11-29,Digital Wallet,Takeaway
1095,TXN_1991987,3.0,3.0,9.0,Cake,2023-10-22,Credit Card,In-store
1096,TXN_1992699,1.0,2.0,2.0,Cookie,2023-05-08,Digital Wallet,Takeaway
1097,TXN_1992966,4.0,5.0,20.0,Smoothie,2023-08-09,Digital Wallet,In-store
1098,TXN_1993002,3.0,4.0,12.0,Juice,2023-03-30,Digital Wallet,Takeaway
1099,TXN_1993155,3.0,1.0,3.0,Juice,2023-05-23,Digital Wallet,In-store
1100,TXN_1993289,4.0,2.0,8.0,Sandwich,2023-04-18,Credit Card,In-store
1101,TXN_1993503,1.0,4.0,4.0,Cookie,2023-08-16,Credit Card,Takeaway
1102,TXN_1993675,1.0,3.0,3.0,Cookie,2023-01-09,Cash,Takeaway
1103,TXN_1995528,2.0,5.0,10.0,Coffee,2023-06-24,Digital Wallet,In-store
1104,TXN_1996318,3.0,5.0,15.0,Cake,2023-09-04,Digital Wallet,Takeaway
1105,TXN_1996466,4.0,1.0,4.0,Smoothie,2023-04-24,Digital Wallet,In-store
1106,TXN_1998143,1.0,1.0,1.0,Cookie,2023-12-10,Digital Wallet,In-store
1107,TXN_1998357,3.0,2.0,6.0,Cake,2023-12-10,Digital Wallet,Takeaway
1108,TXN_1998401,4.0,1.0,4.0,Sandwich,2023-09-17,Cash,In-store
1109,TXN_1999100,4.0,3.0,12.0,Smoothie,2023-11-08,Digital Wallet,In-store
1110,TXN_2000331,4.0,3.0,12.0,Sandwich,2023-03-30,Credit Card,Takeaway
1111,TXN_2000400,1.5,5.0,7.5,Tea,2023-09-29,Digital Wallet,Takeaway
1112,TXN_2000406,3.0,2.0,6.0,Cake,2023-06-06,Credit Card,Takeaway
1113,TXN_2001807,4.0,5.0,20.0,Sandwich,2023-08-10,Credit Card,In-store
1114,TXN_2002049,2.0,5.0,10.0,Coffee,2023-03-17,Digital Wallet,Takeaway
1115,TXN_2002730,4.0,2.0,8.0,Smoothie,2023-09-27,Digital Wallet,Takeaway
1116,TXN_2003488,3.0,3.0,9.0,Juice,2023-09-25,Digital Wallet,Takeaway
1117,TXN_2004781,4.0,5.0,20.0,Sandwich,2023-04-20,Credit Card,Takeaway
1118,TXN_2004851,5.0,5.0,25.0,Salad,2023-04-20,Credit Card,In-store
1119,TXN_2005032,1.0,2.0,2.0,Cookie,2023-11-30,Digital Wallet,Takeaway
1120,TXN_2005789,3.0,3.0,9.0,Juice,2023-03-13,Credit Card,Takeaway
1121,TXN_2006923,5.0,5.0,25.0,Salad,2023-05-31,Digital Wallet,In-store
1122,TXN_2007418,4.0,4.0,16.0,Smoothie,2023-06-16,Cash,In-store
1123,TXN_2007652,3.0,2.0,6.0,Juice,2023-12-09,Digital Wallet,In-store
1124,TXN_2008137,2.0,4.0,8.0,Coffee,2023-10-07,Digital Wallet,Takeaway
1125,TXN_2009407,3.0,5.0,15.0,Juice,2023-05-05,Cash,Takeaway
1126,TXN_2009782,5.0,5.0,25.0,Salad,2023-05-11,Credit Card,In-store
1127,TXN_2009893,4.0,3.0,12.0,Smoothie,2023-12-06,Digital Wallet,In-store
1128,TXN_2010060,3.0,1.0,3.0,Juice,2023-11-09,Cash,In-store
1129,TXN_2010507,3.0,3.0,9.0,Cake,2023-05-23,Cash,Takeaway
1130,TXN_2010658,4.0,3.0,12.0,Smoothie,2023-02-20,Digital Wallet,In-store
1131,TXN_2014042,1.0,4.0,4.0,Cookie,2023-10-27,Digital Wallet,Takeaway
1132,TXN_2015313,5.0,5.0,25.0,Salad,2023-10-18,Cash,In-store
1133,TXN_2017793,1.5,3.0,4.5,Tea,2023-07-18,Digital Wallet,In-store
1134,TXN_2018236,2.0,5.0,10.0,Coffee,2023-04-19,Cash,Takeaway
1135,TXN_2018654,5.0,1.0,5.0,Salad,2023-10-23,Cash,In-store
1136,TXN_2018943,4.0,5.0,20.0,Smoothie,2023-05-27,Digital Wallet,In-store
1137,TXN_2019127,5.0,1.0,5.0,Salad,2023-08-03,Cash,In-store
1138,TXN_2019258,3.0,4.0,12.0,Juice,2023-02-03,Credit Card,In-store
1139,TXN_2020318,1.5,3.0,4.5,Tea,2023-10-12,Digital Wallet,In-store
1140,TXN_2020445,4.0,2.0,8.0,Smoothie,2023-03-06,Cash,In-store
1141,TXN_2021680,3.0,3.0,9.0,Juice,2023-08-16,Digital Wallet,Takeaway
1142,TXN_2023651,4.0,3.0,9.0,Sandwich,2023-05-25,Cash,In-store
1143,TXN_2023802,3.0,2.0,6.0,Cake,2023-02-28,Cash,In-store
1144,TXN_2024121,3.0,5.0,15.0,Juice,2023-11-06,Digital Wallet,In-store
1145,TXN_2024598,4.0,1.0,4.0,Sandwich,2023-01-01,Digital Wallet,In-store
1146,TXN_2025634,4.0,1.0,4.0,Sandwich,2023-01-01,Credit Card,In-store
1147,TXN_2026084,2.0,2.0,4.0,Coffee,2023-10-20,Cash,In-store
1148,TXN_2027203,2.0,3.0,6.0,Coffee,2023-07-15,Credit Card,Takeaway
1149,TXN_2028930,1.0,2.0,2.0,Cookie,2023-11-25,Digital Wallet,Takeaway
1150,TXN_2029301,1.5,5.0,7.5,Tea,2023-08-06,Digital Wallet,In-store
1151,TXN_2029497,4.0,2.0,8.0,Sandwich,2023-01-06,Cash,Takeaway
1152,TXN_2030078,4.0,1.0,4.0,Smoothie,2023-04-10,Digital Wallet,Takeaway
1153,TXN_2030107,3.0,4.0,12.0,Juice,2023-01-03,Digital Wallet,Takeaway
1154,TXN_2031459,3.0,3.0,9.0,Cake,2023-07-04,Cash,Takeaway
1155,TXN_2031545,3.0,2.0,6.0,Juice,2023-05-02,Digital Wallet,In-store
1156,TXN_2032049,5.0,2.0,10.0,Salad,2023-10-12,Credit Card,In-store
1157,TXN_2035137,1.5,2.0,3.0,Tea,2023-03-12,Digital Wallet,Takeaway
1158,TXN_2035283,4.0,3.0,12.0,Sandwich,2023-01-14,Credit Card,In-store
1159,TXN_2035772,1.0,2.0,2.0,Cookie,2023-01-17,Cash,Takeaway
1160,TXN_2035838,3.0,5.0,15.0,Juice,2023-02-01,Digital Wallet,Takeaway
1161,TXN_2036482,3.0,1.0,3.0,Cake,2023-06-04,Cash,Takeaway
1162,TXN_2037742,3.0,4.0,12.0,Cake,2023-11-14,Digital Wallet,In-store
1163,TXN_2038871,1.5,2.0,3.0,Tea,2023-07-15,Digital Wallet,Takeaway
1164,TXN_2041190,3.0,1.0,3.0,Juice,2023-11-04,Digital Wallet,In-store
1165,TXN_2044375,5.0,1.0,5.0,Salad,2023-01-05,Cash,Takeaway
1166,TXN_2044945,1.5,2.0,3.0,Tea,2023-10-18,Cash,In-store
1167,TXN_2047672,4.0,1.0,4.0,Sandwich,2023-01-25,Credit Card,In-store
1168,TXN_2049313,1.5,4.0,6.0,Tea,2023-12-25,Credit Card,In-store
1169,TXN_2050017,4.0,4.0,16.0,Sandwich,2023-03-24,Credit Card,Takeaway
1170,TXN_2050630,1.0,3.0,3.0,Cookie,2023-01-18,Digital Wallet,Takeaway
1171,TXN_2052060,4.0,3.0,12.0,Sandwich,2023-11-07,Cash,Takeaway
1172,TXN_2052395,4.0,3.0,12.0,Smoothie,2023-07-06,Credit Card,In-store
1173,TXN_2052609,3.0,4.0,12.0,Cake,2023-06-23,Credit Card,Takeaway
1174,TXN_2052771,1.5,4.0,6.0,Tea,2023-06-23,Digital Wallet,Takeaway
1175,TXN_2053125,5.0,1.0,5.0,Salad,2023-07-26,Digital Wallet,In-store
1176,TXN_2053631,5.0,1.0,5.0,Salad,2023-03-21,Credit Card,In-store
1177,TXN_2053993,1.5,2.0,3.0,Tea,2023-09-21,Digital Wallet,Takeaway
1178,TXN_2054549,4.0,1.0,4.0,Smoothie,2023-04-07,Digital Wallet,In-store
1179,TXN_2055898,1.5,4.0,6.0,Tea,2023-12-01,Digital Wallet,In-store
1180,TXN_2056358,2.0,3.0,6.0,Coffee,2023-09-17,Cash,In-store
1181,TXN_2057961,3.0,2.0,6.0,Juice,2023-10-04,Digital Wallet,In-store
1182,TXN_2058243,4.0,5.0,20.0,Smoothie,2023-03-19,Digital Wallet,Takeaway
1183,TXN_2059647,1.5,1.0,1.5,Tea,2023-05-29,Digital Wallet,In-store
1184,TXN_2062269,3.0,4.0,12.0,Juice,2023-09-08,Digital Wallet,Takeaway
1185,TXN_2062604,2.0,2.0,4.0,Coffee,2023-09-08,Cash,In-store
1186,TXN_2062854,4.0,4.0,16.0,Sandwich,2023-12-01,Digital Wallet,Takeaway
1187,TXN_2064049,5.0,4.0,20.0,Salad,2023-09-21,Credit Card,Takeaway
1188,TXN_2064360,2.0,4.0,8.0,Coffee,2023-08-30,Digital Wallet,In-store
1189,TXN_2064365,4.0,5.0,20.0,Sandwich,2023-12-31,Credit Card,In-store
1190,TXN_2065683,2.0,3.0,6.0,Coffee,2023-09-21,Digital Wallet,Takeaway
1191,TXN_2066115,5.0,4.0,20.0,Salad,2023-08-18,Credit Card,In-store
1192,TXN_2069068,3.0,5.0,15.0,Cake,2023-06-15,Cash,In-store
1193,TXN_2070818,4.0,5.0,20.0,Smoothie,2023-06-05,Digital Wallet,Takeaway
1194,TXN_2073001,2.0,2.0,4.0,Coffee,2023-11-22,Digital Wallet,Takeaway
1195,TXN_2073647,4.0,3.0,12.0,Sandwich,2023-09-01,Credit Card,In-store
1196,TXN_2074343,4.0,3.0,12.0,Sandwich,2023-05-30,Digital Wallet,In-store
1197,TXN_2077318,3.0,2.0,6.0,Juice,2023-08-24,Digital Wallet,In-store
1198,TXN_2078232,1.5,1.0,1.5,Tea,2023-06-11,Digital Wallet,In-store
1199,TXN_2078317,1.5,1.0,1.5,Tea,2023-09-21,Cash,In-store
1200,TXN_2078474,1.0,2.0,2.0,Cookie,2023-11-03,Digital Wallet,Takeaway
1201,TXN_2078577,1.5,4.0,6.0,Tea,2023-01-31,Credit Card,In-store
1202,TXN_2079029,3.0,5.0,15.0,Cake,2023-05-11,Cash,In-store
1203,TXN_2080228,3.0,1.0,3.0,Juice,2023-06-21,Digital Wallet,In-store
1204,TXN_2080682,2.0,3.0,6.0,Coffee,2023-05-02,Credit Card,In-store
1205,TXN_2080895,3.0,1.0,3.0,Cake,2023-04-19,Digital Wallet,In-store
1206,TXN_2081985,2.0,2.0,4.0,Coffee,2023-03-24,Digital Wallet,Takeaway
1207,TXN_2083119,1.0,2.0,2.0,Cookie,2023-06-11,Digital Wallet,In-store
1208,TXN_2083132,5.0,1.0,5.0,Salad,2023-08-31,Cash,In-store
1209,TXN_2083138,4.0,3.0,12.0,Smoothie,2023-04-17,Digital Wallet,In-store
1210,TXN_2084080,1.0,4.0,4.0,Cookie,2023-09-22,Digital Wallet,Takeaway
1211,TXN_2084232,1.5,4.0,6.0,Tea,2023-10-11,Digital Wallet,Takeaway
1212,TXN_2084377,4.0,1.0,4.0,Smoothie,2023-10-22,Credit Card,In-store
1213,TXN_2085081,3.0,2.0,6.0,Cake,2023-03-14,Cash,Takeaway
1214,TXN_2085992,3.0,1.0,3.0,Cake,2023-05-15,Cash,Takeaway
1215,TXN_2086325,2.0,2.0,4.0,Coffee,2023-08-14,Credit Card,Takeaway
1216,TXN_2086557,4.0,2.0,8.0,Smoothie,2023-01-13,Cash,In-store
1217,TXN_2086841,5.0,4.0,20.0,Salad,2023-03-16,Credit Card,In-store
1218,TXN_2086896,3.0,4.0,12.0,Juice,2023-11-25,Cash,Takeaway
1219,TXN_2089778,3.0,1.0,3.0,Cake,2023-06-12,Cash,In-store
1220,TXN_2090061,4.0,4.0,16.0,Smoothie,2023-06-23,Digital Wallet,In-store
1221,TXN_2091128,3.0,1.0,3.0,Cake,2023-06-23,Credit Card,Takeaway
1222,TXN_2091733,5.0,1.0,5.0,Salad,2023-06-23,Cash,In-store
1223,TXN_2092288,2.0,1.0,2.0,Coffee,2023-03-30,Credit Card,Takeaway
1224,TXN_2092306,3.0,4.0,12.0,Juice,2023-04-01,Digital Wallet,In-store
1225,TXN_2093816,4.0,3.0,12.0,Sandwich,2023-04-06,Cash,Takeaway
1226,TXN_2096487,4.0,5.0,20.0,Sandwich,2023-08-09,Digital Wallet,Takeaway
1227,TXN_2096922,2.0,3.0,6.0,Coffee,2023-12-11,Digital Wallet,Takeaway
1228,TXN_2097023,5.0,3.0,15.0,Salad,2023-11-10,Digital Wallet,Takeaway
1229,TXN_2097072,1.5,4.0,6.0,Tea,2023-11-10,Digital Wallet,In-store
1230,TXN_2097987,4.0,2.0,8.0,Sandwich,2023-11-10,Digital Wallet,In-store
1231,TXN_2098878,3.0,2.0,6.0,Juice,2023-08-19,Digital Wallet,Takeaway
1232,TXN_2099497,3.0,1.0,3.0,Juice,2023-02-27,Digital Wallet,Takeaway
1233,TXN_2100697,2.0,3.0,6.0,Coffee,2023-09-19,Digital Wallet,Takeaway
1234,TXN_2101437,4.0,2.0,8.0,Sandwich,2023-08-27,Cash,In-store
1235,TXN_2101632,4.0,4.0,16.0,Sandwich,2023-06-12,Credit Card,Takeaway
1236,TXN_2101934,4.0,4.0,16.0,Smoothie,2023-11-27,Cash,In-store
1237,TXN_2102561,1.0,2.0,2.0,Cookie,2023-04-05,Digital Wallet,In-store
1238,TXN_2102950,2.0,5.0,10.0,Coffee,2023-12-07,Digital Wallet,Takeaway
1239,TXN_2103018,3.0,5.0,15.0,Cake,2023-11-24,Credit Card,In-store
1240,TXN_2103626,3.0,3.0,9.0,Juice,2023-04-23,Cash,In-store
1241,TXN_2104473,3.0,3.0,9.0,Cake,2023-01-01,Digital Wallet,Takeaway
1242,TXN_2104550,2.0,4.0,8.0,Coffee,2023-09-08,Credit Card,In-store
1243,TXN_2106437,1.5,1.0,1.5,Tea,2023-08-01,Cash,Takeaway
1244,TXN_2106959,4.0,5.0,20.0,Sandwich,2023-09-05,Digital Wallet,In-store
1245,TXN_2107161,1.0,4.0,4.0,Cookie,2023-09-05,Credit Card,Takeaway
1246,TXN_2108125,2.0,1.0,2.0,Coffee,2023-10-06,Credit Card,In-store
1247,TXN_2108486,3.0,4.0,12.0,Juice,2023-12-28,Digital Wallet,Takeaway
1248,TXN_2108894,4.0,4.0,16.0,Sandwich,2023-10-30,Credit Card,In-store
1249,TXN_2109416,4.0,1.0,4.0,Sandwich,2023-09-21,Credit Card,In-store
1250,TXN_2110490,5.0,1.0,5.0,Salad,2023-08-29,Cash,In-store
1251,TXN_2111293,4.0,3.0,12.0,Smoothie,2023-05-29,Digital Wallet,Takeaway
1252,TXN_2111973,1.5,4.0,6.0,Tea,2023-05-29,Digital Wallet,In-store
1253,TXN_2112333,1.0,2.0,2.0,Cookie,2023-05-29,Credit Card,In-store
1254,TXN_2112522,4.0,5.0,20.0,Sandwich,2023-04-30,Digital Wallet,Takeaway
1255,TXN_2112848,1.0,4.0,4.0,Cookie,2023-10-16,Credit Card,In-store
1256,TXN_2112911,5.0,3.0,15.0,Salad,2023-09-18,Digital Wallet,Takeaway
1257,TXN_2114182,1.0,3.0,3.0,Cookie,2023-07-28,Digital Wallet,Takeaway
1258,TXN_2114258,1.0,1.0,1.0,Cookie,2023-12-04,Digital Wallet,In-store
1259,TXN_2118759,2.0,2.0,4.0,Coffee,2023-08-07,Digital Wallet,Takeaway
1260,TXN_2119325,3.0,5.0,15.0,Cake,2023-11-13,Cash,In-store
1261,TXN_2119373,5.0,4.0,20.0,Salad,2023-06-30,Credit Card,In-store
1262,TXN_2119809,5.0,5.0,25.0,Salad,2023-04-21,Digital Wallet,In-store
1263,TXN_2122597,3.0,3.0,9.0,Cake,2023-05-11,Credit Card,Takeaway
1264,TXN_2123367,1.0,2.0,2.0,Cookie,2023-11-07,Digital Wallet,Takeaway
1265,TXN_2123573,2.0,5.0,10.0,Coffee,2023-01-09,Digital Wallet,Takeaway
1266,TXN_2126034,2.0,4.0,8.0,Coffee,2023-10-30,Cash,In-store
1267,TXN_2126408,1.0,3.0,3.0,Cookie,2023-10-19,Cash,Takeaway
1268,TXN_2127588,3.0,4.0,12.0,Cake,2023-07-17,Cash,In-store
1269,TXN_2130245,4.0,5.0,20.0,Smoothie,2023-11-13,Credit Card,In-store
1270,TXN_2130415,2.0,1.0,2.0,Coffee,2023-12-08,Digital Wallet,Takeaway
1271,TXN_2130483,1.5,4.0,6.0,Tea,2023-11-25,Cash,In-store
1272,TXN_2131494,5.0,2.0,10.0,Salad,2023-02-27,Cash,In-store
1273,TXN_2132186,5.0,1.0,5.0,Salad,2023-02-01,Credit Card,In-store
1274,TXN_2132434,5.0,4.0,20.0,Salad,2023-06-03,Digital Wallet,In-store
1275,TXN_2132747,4.0,2.0,8.0,Sandwich,2023-12-19,Credit Card,In-store
1276,TXN_2133223,3.0,3.0,9.0,Cake,2023-11-17,Cash,Takeaway
1277,TXN_2134650,3.0,4.0,12.0,Juice,2023-02-11,Digital Wallet,Takeaway
1278,TXN_2134660,3.0,5.0,15.0,Juice,2023-11-08,Credit Card,In-store
1279,TXN_2134763,3.0,3.0,9.0,Juice,2023-03-28,Credit Card,Takeaway
1280,TXN_2134911,1.5,5.0,7.5,Tea,2023-10-07,Digital Wallet,In-store
1281,TXN_2135358,3.0,5.0,15.0,Cake,2023-05-28,Credit Card,Takeaway
1282,TXN_2135613,4.0,3.0,12.0,Smoothie,2023-04-06,Digital Wallet,In-store
1283,TXN_2136226,3.0,2.0,6.0,Juice,2023-12-12,Digital Wallet,In-store
1284,TXN_2137354,2.0,2.0,4.0,Coffee,2023-05-17,Digital Wallet,Takeaway
1285,TXN_2139240,4.0,4.0,16.0,Sandwich,2023-04-06,Digital Wallet,In-store
1286,TXN_2140056,1.0,1.0,1.0,Cookie,2023-12-07,Digital Wallet,Takeaway
1287,TXN_2141924,5.0,5.0,25.0,Salad,2023-11-27,Cash,In-store
1288,TXN_2142941,1.0,5.0,5.0,Cookie,2023-11-03,Digital Wallet,Takeaway
1289,TXN_2142961,2.0,5.0,10.0,Coffee,2023-09-21,Credit Card,Takeaway
1290,TXN_2143187,4.0,1.0,4.0,Smoothie,2023-04-21,Digital Wallet,In-store
1291,TXN_2144031,3.0,1.0,3.0,Juice,2023-02-25,Digital Wallet,In-store
1292,TXN_2145530,4.0,3.0,12.0,Sandwich,2023-10-08,Digital Wallet,In-store
1293,TXN_2146829,5.0,4.0,20.0,Salad,2023-12-26,Cash,In-store
1294,TXN_2147448,2.0,4.0,8.0,Coffee,2023-11-27,Credit Card,In-store
1295,TXN_2147453,1.0,4.0,4.0,Cookie,2023-04-27,Credit Card,Takeaway
1296,TXN_2147706,3.0,5.0,15.0,Juice,2023-03-23,Digital Wallet,In-store
1297,TXN_2148444,3.0,2.0,6.0,Juice,2023-11-27,Cash,In-store
1298,TXN_2148617,3.0,3.0,9.0,Juice,2023-01-10,Digital Wallet,In-store
1299,TXN_2148838,4.0,2.0,8.0,Sandwich,2023-08-05,Credit Card,In-store
1300,TXN_2150872,3.0,5.0,15.0,Juice,2023-03-18,Cash,Takeaway
1301,TXN_2151258,3.0,3.0,9.0,Cake,2023-08-09,Credit Card,Takeaway
1302,TXN_2151688,3.0,5.0,15.0,Cake,2023-09-29,Cash,Takeaway
1303,TXN_2152054,3.0,2.0,6.0,Cake,2023-05-11,Digital Wallet,Takeaway
1304,TXN_2152670,1.5,3.0,4.5,Tea,2023-12-24,Credit Card,In-store
1305,TXN_2153100,1.5,2.0,3.0,Tea,2023-12-29,Cash,In-store
1306,TXN_2153529,1.0,1.0,1.0,Cookie,2023-09-11,Credit Card,Takeaway
1307,TXN_2153838,1.5,4.0,6.0,Tea,2023-12-19,Digital Wallet,In-store
1308,TXN_2154477,3.0,4.0,12.0,Cake,2023-02-11,Cash,Takeaway
1309,TXN_2154866,1.5,2.0,3.0,Tea,2023-08-11,Credit Card,Takeaway
1310,TXN_2155368,1.0,2.0,2.0,Cookie,2023-02-06,Digital Wallet,Takeaway
1311,TXN_2155393,3.0,2.0,6.0,Juice,2023-07-12,Digital Wallet,In-store
1312,TXN_2156128,4.0,1.0,4.0,Sandwich,2023-07-21,Digital Wallet,In-store
1313,TXN_2156206,4.0,2.0,8.0,Smoothie,2023-02-04,Digital Wallet,In-store
1314,TXN_2156218,4.0,2.0,8.0,Smoothie,2023-07-24,Digital Wallet,In-store
1315,TXN_2156454,1.0,5.0,5.0,Cookie,2023-08-17,Digital Wallet,In-store
1316,TXN_2158361,3.0,2.0,6.0,Juice,2023-07-27,Digital Wallet,In-store
1317,TXN_2160119,4.0,5.0,20.0,Sandwich,2023-12-27,Cash,In-store
1318,TXN_2160316,4.0,1.0,4.0,Sandwich,2023-10-24,Credit Card,In-store
1319,TXN_2161255,4.0,3.0,12.0,Sandwich,2023-06-08,Credit Card,In-store
1320,TXN_2161341,5.0,5.0,25.0,Salad,2023-03-12,Digital Wallet,In-store
1321,TXN_2161372,3.0,1.0,3.0,Juice,2023-12-17,Credit Card,Takeaway
1322,TXN_2161957,1.0,2.0,2.0,Cookie,2023-05-19,Digital Wallet,Takeaway
1323,TXN_2163150,5.0,1.0,5.0,Salad,2023-08-25,Cash,In-store
1324,TXN_2163229,1.0,4.0,4.0,Cookie,2023-12-21,Cash,Takeaway
1325,TXN_2165365,2.0,5.0,10.0,Coffee,2023-06-08,Digital Wallet,Takeaway
1326,TXN_2165745,2.0,4.0,8.0,Coffee,2023-01-31,Credit Card,In-store
1327,TXN_2166064,2.0,4.0,8.0,Coffee,2023-02-08,Digital Wallet,In-store
1328,TXN_2167159,3.0,2.0,6.0,Cake,2023-04-06,Cash,Takeaway
1329,TXN_2168277,1.0,1.0,1.0,Cookie,2023-06-02,Digital Wallet,Takeaway
1330,TXN_2168513,3.0,1.0,3.0,Cake,2023-02-09,Digital Wallet,In-store
1331,TXN_2169664,4.0,1.0,4.0,Smoothie,2023-07-23,Cash,In-store
1332,TXN_2172301,1.0,4.0,4.0,Cookie,2023-04-06,Digital Wallet,Takeaway
1333,TXN_2172960,4.0,1.0,4.0,Smoothie,2023-07-04,Digital Wallet,In-store
1334,TXN_2174821,2.0,1.0,2.0,Coffee,2023-11-08,Digital Wallet,Takeaway
1335,TXN_2175096,1.5,1.0,1.5,Tea,2023-02-25,Digital Wallet,In-store
1336,TXN_2176024,2.0,5.0,10.0,Coffee,2023-02-03,Digital Wallet,In-store
1337,TXN_2176727,1.5,1.0,1.5,Tea,2023-07-26,Digital Wallet,Takeaway
1338,TXN_2176821,5.0,3.0,15.0,Salad,2023-05-05,Digital Wallet,In-store
1339,TXN_2177436,3.0,1.0,3.0,Cake,2023-03-13,Cash,Takeaway
1340,TXN_2178059,4.0,4.0,16.0,Sandwich,2023-03-24,Credit Card,In-store
1341,TXN_2178735,3.0,3.0,9.0,Juice,2023-07-24,Credit Card,Takeaway
1342,TXN_2178964,1.5,4.0,6.0,Tea,2023-12-25,Cash,Takeaway
1343,TXN_2179458,3.0,1.0,3.0,Juice,2023-10-23,Cash,In-store
1344,TXN_2180562,5.0,2.0,10.0,Salad,2023-07-02,Cash,Takeaway
1345,TXN_2181545,3.0,4.0,12.0,Juice,2023-07-14,Credit Card,Takeaway
1346,TXN_2181920,4.0,3.0,12.0,Sandwich,2023-02-11,Cash,In-store
1347,TXN_2182790,1.5,5.0,7.5,Tea,2023-05-05,Credit Card,Takeaway
1348,TXN_2184573,1.5,4.0,6.0,Tea,2023-04-26,Digital Wallet,Takeaway
1349,TXN_2185661,4.0,4.0,16.0,Sandwich,2023-03-16,Cash,In-store
1350,TXN_2185727,5.0,4.0,20.0,Salad,2023-10-08,Digital Wallet,In-store
1351,TXN_2187911,2.0,3.0,6.0,Coffee,2023-04-20,Credit Card,Takeaway
1352,TXN_2188137,1.5,1.0,1.5,Tea,2023-01-15,Credit Card,In-store
1353,TXN_2188342,2.0,3.0,6.0,Coffee,2023-09-10,Cash,Takeaway
1354,TXN_2188356,1.5,1.0,1.5,Tea,2023-07-14,Digital Wallet,In-store
1355,TXN_2190325,4.0,4.0,16.0,Sandwich,2023-03-10,Credit Card,In-store
1356,TXN_2190793,1.0,4.0,4.0,Cookie,2023-07-29,Credit Card,Takeaway
1357,TXN_2192787,4.0,5.0,20.0,Sandwich,2023-01-01,Cash,In-store
1358,TXN_2193092,3.0,4.0,12.0,Juice,2023-10-30,Digital Wallet,Takeaway
1359,TXN_2193333,2.0,4.0,8.0,Coffee,2023-07-21,Digital Wallet,Takeaway
1360,TXN_2194305,4.0,2.0,8.0,Sandwich,2023-09-16,Credit Card,Takeaway
1361,TXN_2194660,5.0,1.0,5.0,Salad,2023-09-16,Cash,In-store
1362,TXN_2195218,3.0,4.0,12.0,Cake,2023-09-10,Digital Wallet,In-store
1363,TXN_2195630,4.0,5.0,20.0,Sandwich,2023-03-09,Credit Card,Takeaway
1364,TXN_2196926,3.0,2.0,6.0,Juice,2023-07-27,Digital Wallet,In-store
1365,TXN_2199236,4.0,5.0,20.0,Smoothie,2023-10-06,Digital Wallet,Takeaway
1366,TXN_2199500,4.0,1.0,4.0,Smoothie,2023-04-04,Credit Card,In-store
1367,TXN_2199647,5.0,1.0,5.0,Salad,2023-05-05,Cash,In-store
1368,TXN_2200163,2.0,4.0,8.0,Coffee,2023-03-13,Cash,Takeaway
1369,TXN_2201235,1.5,1.0,1.5,Tea,2023-12-17,Digital Wallet,In-store
1370,TXN_2201248,1.5,1.0,1.5,Tea,2023-07-20,Cash,Takeaway
1371,TXN_2201857,4.0,1.0,4.0,Smoothie,2023-02-19,Digital Wallet,Takeaway
1372,TXN_2202863,5.0,5.0,25.0,Salad,2023-07-28,Cash,In-store
1373,TXN_2203547,3.0,3.0,9.0,Juice,2023-07-01,Digital Wallet,In-store
1374,TXN_2203873,1.5,3.0,4.5,Tea,2023-01-26,Digital Wallet,In-store
1375,TXN_2204457,2.0,4.0,8.0,Coffee,2023-01-06,Cash,Takeaway
1376,TXN_2205071,2.0,5.0,10.0,Coffee,2023-11-23,Credit Card,In-store
1377,TXN_2205690,1.0,5.0,5.0,Cookie,2023-03-02,Digital Wallet,In-store
1378,TXN_2206639,2.0,4.0,8.0,Coffee,2023-06-29,Cash,Takeaway
1379,TXN_2206740,2.0,3.0,6.0,Coffee,2023-06-07,Digital Wallet,Takeaway
1380,TXN_2206884,5.0,5.0,25.0,Salad,2023-06-22,Credit Card,In-store
1381,TXN_2207332,2.0,1.0,2.0,Coffee,2023-01-12,Credit Card,Takeaway
1382,TXN_2208733,3.0,1.0,3.0,Juice,2023-06-20,Digital Wallet,Takeaway
1383,TXN_2208949,3.0,4.0,12.0,Cake,2023-08-05,Cash,Takeaway
1384,TXN_2210019,4.0,3.0,12.0,Sandwich,2023-12-05,Cash,In-store
1385,TXN_2210265,3.0,2.0,6.0,Juice,2023-06-14,Credit Card,Takeaway
1386,TXN_2210925,3.0,4.0,12.0,Juice,2023-07-06,Cash,In-store
1387,TXN_2211685,4.0,1.0,4.0,Smoothie,2023-06-06,Credit Card,In-store
1388,TXN_2212234,3.0,2.0,6.0,Juice,2023-12-22,Cash,In-store
1389,TXN_2213556,2.0,1.0,2.0,Coffee,2023-05-30,Cash,In-store
1390,TXN_2214698,5.0,4.0,20.0,Salad,2023-10-10,Credit Card,In-store
1391,TXN_2216532,1.5,3.0,4.5,Tea,2023-12-27,Cash,In-store
1392,TXN_2217015,2.0,3.0,6.0,Coffee,2023-04-17,Digital Wallet,Takeaway
1393,TXN_2217038,1.5,5.0,7.5,Tea,2023-06-12,Digital Wallet,In-store
1394,TXN_2217295,3.0,4.0,12.0,Juice,2023-11-22,Credit Card,In-store
1395,TXN_2220389,5.0,4.0,20.0,Salad,2023-07-26,Credit Card,In-store
1396,TXN_2221447,1.0,1.0,1.0,Cookie,2023-12-06,Credit Card,In-store
1397,TXN_2222893,2.0,4.0,8.0,Coffee,2023-12-20,Digital Wallet,Takeaway
1398,TXN_2223047,2.0,2.0,4.0,Coffee,2023-06-14,Digital Wallet,Takeaway
1399,TXN_2224251,3.0,4.0,12.0,Juice,2023-04-14,Digital Wallet,Takeaway
1400,TXN_2224935,2.0,1.0,2.0,Coffee,2023-04-15,Digital Wallet,Takeaway
1401,TXN_2226371,3.0,1.0,3.0,Cake,2023-11-18,Cash,Takeaway
1402,TXN_2227781,3.0,1.0,3.0,Cake,2023-01-21,Cash,Takeaway
1403,TXN_2227825,4.0,5.0,20.0,Sandwich,2023-06-05,Credit Card,In-store
1404,TXN_2229365,4.0,2.0,8.0,Sandwich,2023-09-07,Cash,In-store
1405,TXN_2230167,3.0,4.0,12.0,Cake,2023-09-22,Digital Wallet,Takeaway
1406,TXN_2231082,3.0,5.0,15.0,Cake,2023-05-03,Cash,In-store
1407,TXN_2234460,1.5,2.0,3.0,Tea,2023-08-15,Digital Wallet,Takeaway
1408,TXN_2237115,2.0,1.0,2.0,Coffee,2023-01-13,Digital Wallet,Takeaway
1409,TXN_2238287,5.0,3.0,15.0,Salad,2023-05-22,Digital Wallet,In-store
1410,TXN_2238658,1.5,3.0,4.5,Tea,2023-08-11,Digital Wallet,Takeaway
1411,TXN_2239041,1.5,4.0,6.0,Tea,2023-10-24,Digital Wallet,In-store
1412,TXN_2241162,3.0,3.0,9.0,Juice,2023-08-09,Digital Wallet,In-store
1413,TXN_2242015,1.5,2.0,3.0,Tea,2023-08-26,Cash,In-store
1414,TXN_2244418,5.0,5.0,25.0,Salad,2023-10-15,Cash,Takeaway
1415,TXN_2244902,2.0,5.0,10.0,Coffee,2023-02-13,Credit Card,Takeaway
1416,TXN_2245037,2.0,2.0,4.0,Coffee,2023-10-18,Digital Wallet,Takeaway
1417,TXN_2245465,5.0,2.0,10.0,Salad,2023-12-27,Digital Wallet,In-store
1418,TXN_2245787,5.0,4.0,20.0,Salad,2023-10-29,Cash,Takeaway
1419,TXN_2248497,5.0,2.0,10.0,Salad,2023-03-07,Cash,Takeaway
1420,TXN_2249212,3.0,2.0,6.0,Cake,2023-03-07,Cash,Takeaway
1421,TXN_2250398,3.0,3.0,9.0,Juice,2023-05-31,Digital Wallet,In-store
1422,TXN_2250785,3.0,1.0,3.0,Cake,2023-03-19,Cash,Takeaway
1423,TXN_2250898,4.0,3.0,12.0,Smoothie,2023-12-23,Credit Card,In-store
1424,TXN_2251009,1.0,5.0,5.0,Cookie,2023-04-02,Digital Wallet,Takeaway
1425,TXN_2251128,4.0,3.0,12.0,Smoothie,2023-06-07,Credit Card,In-store
1426,TXN_2252121,4.0,3.0,12.0,Smoothie,2023-02-01,Digital Wallet,In-store
1427,TXN_2252218,5.0,4.0,20.0,Salad,2023-02-01,Cash,In-store
1428,TXN_2252244,3.0,2.0,6.0,Juice,2023-03-10,Credit Card,In-store
1429,TXN_2252586,1.5,3.0,4.5,Tea,2023-09-08,Cash,Takeaway
1430,TXN_2253622,4.0,5.0,20.0,Sandwich,2023-09-30,Digital Wallet,Takeaway
1431,TXN_2253852,1.0,2.0,2.0,Cookie,2023-08-26,Credit Card,Takeaway
1432,TXN_2254479,1.5,2.0,3.0,Tea,2023-08-03,Digital Wallet,Takeaway
1433,TXN_2255634,5.0,4.0,20.0,Salad,2023-04-09,Cash,In-store
1434,TXN_2256622,1.0,2.0,2.0,Cookie,2023-10-04,Cash,In-store
1435,TXN_2257337,1.0,4.0,4.0,Cookie,2023-07-24,Cash,Takeaway
1436,TXN_2258091,3.0,2.0,6.0,Juice,2023-10-11,Digital Wallet,In-store
1437,TXN_2259102,4.0,2.0,8.0,Sandwich,2023-02-19,Credit Card,In-store
1438,TXN_2260070,5.0,1.0,5.0,Salad,2023-10-06,Cash,In-store
1439,TXN_2260351,2.0,3.0,6.0,Coffee,2023-10-26,Cash,Takeaway
1440,TXN_2262195,4.0,3.0,12.0,Smoothie,2023-10-13,Cash,In-store
1441,TXN_2262398,1.5,1.0,1.5,Tea,2023-09-12,Credit Card,Takeaway
1442,TXN_2264601,1.5,1.0,1.5,Tea,2023-01-21,Digital Wallet,In-store
1443,TXN_2264883,3.0,2.0,6.0,Juice,2023-12-24,Credit Card,Takeaway
1444,TXN_2265316,1.0,3.0,3.0,Cookie,2023-12-29,Credit Card,In-store
1445,TXN_2265329,3.0,5.0,15.0,Cake,2023-12-23,Credit Card,Takeaway
1446,TXN_2265543,5.0,3.0,15.0,Salad,2023-02-19,Cash,Takeaway
1447,TXN_2265603,4.0,3.0,12.0,Smoothie,2023-02-19,Digital Wallet,Takeaway
1448,TXN_2265984,1.0,5.0,5.0,Cookie,2023-10-18,Credit Card,Takeaway
1449,TXN_2268203,5.0,3.0,15.0,Salad,2023-10-18,Cash,In-store
1450,TXN_2269396,2.0,3.0,6.0,Coffee,2023-10-26,Digital Wallet,In-store
1451,TXN_2269497,2.0,5.0,10.0,Coffee,2023-08-14,Digital Wallet,Takeaway
1452,TXN_2271705,1.5,5.0,7.5,Tea,2023-07-20,Digital Wallet,In-store
1453,TXN_2271725,4.0,5.0,20.0,Smoothie,2023-12-21,Cash,In-store
1454,TXN_2273499,2.0,3.0,6.0,Coffee,2023-01-27,Cash,Takeaway
1455,TXN_2273573,1.0,5.0,5.0,Cookie,2023-11-12,Cash,In-store
1456,TXN_2274702,1.0,5.0,5.0,Cookie,2023-12-11,Credit Card,In-store
1457,TXN_2274945,4.0,4.0,16.0,Sandwich,2023-03-29,Cash,In-store
1458,TXN_2275523,1.5,4.0,6.0,Tea,2023-09-02,Digital Wallet,In-store
1459,TXN_2275799,4.0,3.0,12.0,Sandwich,2023-10-04,Digital Wallet,In-store
1460,TXN_2275914,4.0,2.0,8.0,Sandwich,2023-10-24,Credit Card,Takeaway
1461,TXN_2276426,3.0,5.0,15.0,Juice,2023-10-21,Credit Card,In-store
1462,TXN_2276722,5.0,2.0,10.0,Salad,2023-12-21,Cash,Takeaway
1463,TXN_2277013,4.0,3.0,12.0,Smoothie,2023-07-26,Digital Wallet,In-store
1464,TXN_2277042,1.5,1.0,1.5,Tea,2023-04-08,Cash,In-store
1465,TXN_2278015,1.5,2.0,3.0,Tea,2023-04-10,Digital Wallet,In-store
1466,TXN_2279313,1.0,2.0,2.0,Cookie,2023-08-23,Digital Wallet,In-store
1467,TXN_2282283,1.0,2.0,2.0,Cookie,2023-02-23,Digital Wallet,Takeaway
1468,TXN_2282319,3.0,2.0,6.0,Juice,2023-08-14,Cash,In-store
1469,TXN_2282416,1.5,4.0,6.0,Tea,2023-04-29,Digital Wallet,Takeaway
1470,TXN_2285849,1.5,2.0,3.0,Tea,2023-09-10,Credit Card,Takeaway
1471,TXN_2287941,1.0,1.0,1.0,Cookie,2023-09-22,Digital Wallet,Takeaway
1472,TXN_2289122,4.0,4.0,16.0,Smoothie,2023-08-20,Cash,In-store
1473,TXN_2291079,2.0,1.0,2.0,Coffee,2023-10-07,Cash,Takeaway
1474,TXN_2291713,5.0,4.0,20.0,Salad,2023-08-06,Cash,In-store
1475,TXN_2292088,4.0,1.0,4.0,Sandwich,2023-03-04,Digital Wallet,Takeaway
1476,TXN_2294397,2.0,5.0,10.0,Coffee,2023-02-25,Digital Wallet,In-store
1477,TXN_2294603,1.5,1.0,1.5,Tea,2023-09-02,Credit Card,Takeaway
1478,TXN_2294776,3.0,4.0,12.0,Juice,2023-04-10,Credit Card,Takeaway
1479,TXN_2294778,1.0,3.0,3.0,Cookie,2023-05-29,Digital Wallet,Takeaway
1480,TXN_2299364,5.0,1.0,5.0,Salad,2023-10-26,Cash,In-store
1481,TXN_2300313,2.0,4.0,8.0,Coffee,2023-06-02,Digital Wallet,In-store
1482,TXN_2301001,4.0,1.0,4.0,Smoothie,2023-01-06,Digital Wallet,Takeaway
1483,TXN_2301505,3.0,5.0,15.0,Cake,2023-03-21,Digital Wallet,Takeaway
1484,TXN_2302259,3.0,3.0,9.0,Juice,2023-09-20,Credit Card,Takeaway
1485,TXN_2305908,2.0,4.0,8.0,Coffee,2023-04-25,Cash,Takeaway
1486,TXN_2308317,2.0,2.0,4.0,Coffee,2023-11-13,Digital Wallet,Takeaway
1487,TXN_2311186,4.0,3.0,12.0,Smoothie,2023-07-16,Digital Wallet,In-store
1488,TXN_2311188,3.0,2.0,6.0,Cake,2023-09-07,Digital Wallet,Takeaway
1489,TXN_2311707,1.5,5.0,7.5,Tea,2023-08-03,Cash,In-store
1490,TXN_2312908,2.0,3.0,6.0,Coffee,2023-02-07,Cash,In-store
1491,TXN_2313646,4.0,3.0,12.0,Sandwich,2023-08-24,Credit Card,In-store
1492,TXN_2316206,1.0,1.0,1.0,Cookie,2023-01-23,Credit Card,In-store
1493,TXN_2317041,1.5,3.0,4.5,Tea,2023-01-15,Cash,In-store
1494,TXN_2317867,1.5,5.0,7.5,Tea,2023-01-23,Cash,In-store
1495,TXN_2320493,4.0,1.0,4.0,Smoothie,2023-03-22,Digital Wallet,In-store
1496,TXN_2322162,3.0,5.0,15.0,Juice,2023-11-12,Digital Wallet,In-store
1497,TXN_2322399,5.0,4.0,20.0,Salad,2023-04-15,Cash,Takeaway
1498,TXN_2323650,1.5,4.0,6.0,Tea,2023-10-09,Digital Wallet,In-store
1499,TXN_2324227,1.0,1.0,1.0,Cookie,2023-06-07,Digital Wallet,In-store
1500,TXN_2325141,1.5,3.0,4.5,Tea,2023-08-26,Digital Wallet,In-store
1501,TXN_2325484,5.0,1.0,5.0,Salad,2023-08-16,Digital Wallet,Takeaway
1502,TXN_2328896,4.0,4.0,16.0,Smoothie,2023-10-20,Cash,In-store
1503,TXN_2329938,4.0,3.0,12.0,Sandwich,2023-03-29,Credit Card,In-store
1504,TXN_2330694,5.0,3.0,15.0,Salad,2023-05-31,Cash,In-store
1505,TXN_2331025,1.0,2.0,2.0,Cookie,2023-04-28,Cash,Takeaway
1506,TXN_2332364,3.0,2.0,6.0,Cake,2023-08-10,Credit Card,Takeaway
1507,TXN_2332609,4.0,5.0,20.0,Sandwich,2023-05-17,Credit Card,In-store
1508,TXN_2333576,1.5,2.0,3.0,Tea,2023-11-22,Digital Wallet,Takeaway
1509,TXN_2334047,1.5,1.0,1.5,Tea,2023-11-08,Digital Wallet,Takeaway
1510,TXN_2334523,2.0,5.0,10.0,Coffee,2023-08-17,Digital Wallet,Takeaway
1511,TXN_2334962,3.0,5.0,15.0,Juice,2023-01-31,Digital Wallet,In-store
1512,TXN_2335088,5.0,4.0,20.0,Salad,2023-10-27,Cash,In-store
1513,TXN_2335312,3.0,2.0,6.0,Juice,2023-06-23,Digital Wallet,In-store
1514,TXN_2336248,3.0,5.0,15.0,Cake,2023-10-19,Cash,Takeaway
1515,TXN_2336708,3.0,2.0,6.0,Juice,2023-06-16,Cash,In-store
1516,TXN_2336857,3.0,3.0,9.0,Cake,2023-08-02,Cash,In-store
1517,TXN_2336921,3.0,3.0,9.0,Juice,2023-05-01,Digital Wallet,Takeaway
1518,TXN_2336946,4.0,4.0,16.0,Sandwich,2023-05-29,Credit Card,In-store
1519,TXN_2337113,2.0,1.0,2.0,Coffee,2023-11-19,Digital Wallet,Takeaway
1520,TXN_2337888,2.0,1.0,2.0,Coffee,2023-02-10,Credit Card,In-store
1521,TXN_2338426,2.0,2.0,4.0,Coffee,2023-05-07,Digital Wallet,Takeaway
1522,TXN_2338617,3.0,2.0,6.0,Juice,2023-01-12,Digital Wallet,In-store
1523,TXN_2339781,4.0,2.0,8.0,Smoothie,2023-01-02,Digital Wallet,In-store
1524,TXN_2340312,3.0,4.0,12.0,Cake,2023-07-30,Cash,Takeaway
1525,TXN_2340643,5.0,5.0,25.0,Salad,2023-01-05,Cash,In-store
1526,TXN_2342256,1.5,3.0,4.5,Tea,2023-01-05,Digital Wallet,In-store
1527,TXN_2342308,1.0,5.0,5.0,Cookie,2023-05-20,Digital Wallet,Takeaway
1528,TXN_2345326,1.0,3.0,3.0,Cookie,2023-01-29,Digital Wallet,Takeaway
1529,TXN_2345332,1.5,3.0,4.5,Tea,2023-07-05,Digital Wallet,In-store
1530,TXN_2345373,1.5,3.0,4.5,Tea,2023-02-20,Credit Card,Takeaway
1531,TXN_2346001,5.0,2.0,10.0,Salad,2023-08-21,Digital Wallet,Takeaway
1532,TXN_2346296,3.0,4.0,12.0,Cake,2023-10-04,Digital Wallet,Takeaway
1533,TXN_2346362,3.0,4.0,12.0,Juice,2023-12-30,Digital Wallet,In-store
1534,TXN_2347248,5.0,1.0,5.0,Salad,2023-11-11,Credit Card,In-store
1535,TXN_2347596,3.0,4.0,12.0,Juice,2023-12-27,Credit Card,In-store
1536,TXN_2349072,4.0,5.0,20.0,Smoothie,2023-09-06,Cash,Takeaway
1537,TXN_2350703,3.0,4.0,12.0,Juice,2023-08-20,Cash,In-store
1538,TXN_2351890,1.5,4.0,6.0,Tea,2023-02-27,Digital Wallet,In-store
1539,TXN_2352246,4.0,4.0,16.0,Smoothie,2023-06-20,Credit Card,Takeaway
1540,TXN_2352308,1.0,2.0,2.0,Cookie,2023-11-10,Cash,Takeaway
1541,TXN_2352685,1.0,1.0,1.0,Cookie,2023-11-10,Cash,Takeaway
1542,TXN_2353057,3.0,3.0,9.0,Cake,2023-08-04,Cash,Takeaway
1543,TXN_2354394,1.5,4.0,6.0,Tea,2023-04-17,Cash,In-store
1544,TXN_2354774,2.0,5.0,10.0,Coffee,2023-04-17,Digital Wallet,In-store
1545,TXN_2355099,5.0,5.0,25.0,Salad,2023-03-18,Cash,Takeaway
1546,TXN_2356583,4.0,4.0,16.0,Smoothie,2023-11-30,Digital Wallet,In-store
1547,TXN_2357107,4.0,1.0,4.0,Sandwich,2023-07-05,Credit Card,In-store
1548,TXN_2360229,4.0,1.0,4.0,Sandwich,2023-06-18,Digital Wallet,In-store
1549,TXN_2361290,5.0,4.0,20.0,Salad,2023-07-16,Cash,In-store
1550,TXN_2363378,2.0,5.0,10.0,Coffee,2023-04-23,Cash,Takeaway
1551,TXN_2364171,3.0,4.0,12.0,Juice,2023-05-18,Cash,In-store
1552,TXN_2365394,3.0,2.0,6.0,Cake,2023-04-06,Digital Wallet,In-store
1553,TXN_2366464,3.0,1.0,3.0,Juice,2023-06-05,Cash,Takeaway
1554,TXN_2367947,4.0,5.0,20.0,Smoothie,2023-05-13,Digital Wallet,Takeaway
1555,TXN_2368126,3.0,5.0,15.0,Cake,2023-12-06,Cash,In-store
1556,TXN_2369294,4.0,2.0,8.0,Sandwich,2023-09-07,Cash,Takeaway
1557,TXN_2370338,3.0,4.0,12.0,Cake,2023-10-30,Credit Card,Takeaway
1558,TXN_2371464,4.0,4.0,16.0,Smoothie,2023-09-20,Cash,In-store
1559,TXN_2371763,4.0,4.0,16.0,Sandwich,2023-05-17,Cash,In-store
1560,TXN_2371827,1.0,5.0,5.0,Cookie,2023-04-03,Cash,In-store
1561,TXN_2371941,3.0,2.0,6.0,Juice,2023-01-26,Cash,In-store
1562,TXN_2372348,3.0,2.0,6.0,Cake,2023-01-05,Digital Wallet,Takeaway
1563,TXN_2374950,3.0,5.0,15.0,Cake,2023-04-28,Digital Wallet,Takeaway
1564,TXN_2375667,5.0,1.0,5.0,Salad,2023-12-28,Cash,In-store
1565,TXN_2375919,4.0,3.0,12.0,Sandwich,2023-11-23,Credit Card,In-store
1566,TXN_2376525,4.0,5.0,20.0,Sandwich,2023-11-23,Credit Card,In-store
1567,TXN_2376870,4.0,5.0,20.0,Sandwich,2023-11-23,Digital Wallet,In-store
1568,TXN_2377667,4.0,3.0,12.0,Smoothie,2023-10-27,Digital Wallet,Takeaway
1569,TXN_2377708,1.0,1.0,1.0,Cookie,2023-01-03,Digital Wallet,Takeaway
1570,TXN_2378096,1.5,3.0,4.5,Tea,2023-09-22,Cash,Takeaway
1571,TXN_2379052,5.0,1.0,5.0,Salad,2023-02-16,Cash,In-store
1572,TXN_2379467,2.0,5.0,10.0,Coffee,2023-04-01,Digital Wallet,Takeaway
1573,TXN_2380352,1.5,3.0,4.5,Tea,2023-11-03,Digital Wallet,In-store
1574,TXN_2381411,2.0,5.0,10.0,Coffee,2023-07-30,Cash,In-store
1575,TXN_2383598,4.0,2.0,8.0,Sandwich,2023-09-19,Digital Wallet,In-store
1576,TXN_2385697,2.0,1.0,2.0,Coffee,2023-09-10,Cash,Takeaway
1577,TXN_2386202,5.0,4.0,20.0,Salad,2023-01-22,Cash,In-store
1578,TXN_2389110,4.0,2.0,8.0,Sandwich,2023-05-30,Cash,In-store
1579,TXN_2389320,2.0,2.0,4.0,Coffee,2023-07-26,Digital Wallet,Takeaway
1580,TXN_2390146,2.0,3.0,6.0,Coffee,2023-06-24,Digital Wallet,Takeaway
1581,TXN_2391245,2.0,4.0,8.0,Coffee,2023-04-13,Digital Wallet,In-store
1582,TXN_2391446,4.0,3.0,12.0,Sandwich,2023-12-06,Credit Card,In-store
1583,TXN_2391534,1.0,3.0,3.0,Cookie,2023-05-06,Credit Card,Takeaway
1584,TXN_2391659,1.5,5.0,7.5,Tea,2023-02-16,Digital Wallet,In-store
1585,TXN_2392263,5.0,5.0,25.0,Salad,2023-02-08,Cash,Takeaway
1586,TXN_2392934,2.0,2.0,4.0,Coffee,2023-11-25,Digital Wallet,In-store
1587,TXN_2393219,3.0,4.0,12.0,Juice,2023-12-27,Digital Wallet,In-store
1588,TXN_2393287,3.0,2.0,6.0,Juice,2023-04-14,Cash,In-store
1589,TXN_2393500,3.0,1.0,3.0,Juice,2023-12-15,Credit Card,In-store
1590,TXN_2394502,1.0,4.0,4.0,Cookie,2023-12-22,Digital Wallet,In-store
1591,TXN_2395608,1.5,3.0,4.5,Tea,2023-03-16,Cash,In-store
1592,TXN_2396191,3.0,4.0,12.0,Juice,2023-05-12,Credit Card,In-store
1593,TXN_2396923,1.0,1.0,1.0,Cookie,2023-11-02,Digital Wallet,Takeaway
1594,TXN_2398895,3.0,5.0,15.0,Juice,2023-04-04,Digital Wallet,In-store
1595,TXN_2399870,5.0,4.0,20.0,Salad,2023-04-08,Cash,In-store
1596,TXN_2400518,3.0,3.0,9.0,Juice,2023-02-04,Credit Card,In-store
1597,TXN_2401073,2.0,4.0,8.0,Coffee,2023-02-10,Credit Card,Takeaway
1598,TXN_2401829,4.0,5.0,20.0,Smoothie,2023-02-07,Digital Wallet,Takeaway
1599,TXN_2402637,4.0,2.0,8.0,Sandwich,2023-06-18,Credit Card,Takeaway
1600,TXN_2402928,2.0,4.0,8.0,Coffee,2023-10-20,Cash,Takeaway
1601,TXN_2402978,1.0,3.0,3.0,Cookie,2023-01-21,Credit Card,In-store
1602,TXN_2402993,1.0,5.0,5.0,Cookie,2023-06-11,Cash,Takeaway
1603,TXN_2404800,4.0,5.0,20.0,Sandwich,2023-01-28,Cash,In-store
1604,TXN_2405666,3.0,2.0,6.0,Juice,2023-04-20,Cash,Takeaway
1605,TXN_2406254,3.0,5.0,15.0,Juice,2023-11-12,Digital Wallet,Takeaway
1606,TXN_2406283,3.0,4.0,12.0,Juice,2023-02-24,Digital Wallet,In-store
1607,TXN_2407379,4.0,4.0,16.0,Smoothie,2023-03-13,Digital Wallet,In-store
1608,TXN_2408143,2.0,2.0,4.0,Coffee,2023-11-15,Digital Wallet,Takeaway
1609,TXN_2408294,4.0,4.0,16.0,Sandwich,2023-12-26,Digital Wallet,In-store
1610,TXN_2409052,4.0,1.0,4.0,Sandwich,2023-07-08,Credit Card,In-store
1611,TXN_2413026,2.0,1.0,2.0,Coffee,2023-04-26,Digital Wallet,Takeaway
1612,TXN_2413548,1.5,2.0,3.0,Tea,2023-08-12,Credit Card,In-store
1613,TXN_2413626,3.0,1.0,3.0,Cake,2023-11-06,Credit Card,Takeaway
1614,TXN_2414686,3.0,1.0,3.0,Cake,2023-11-06,Cash,Takeaway
1615,TXN_2416816,4.0,5.0,20.0,Smoothie,2023-10-19,Digital Wallet,In-store
1616,TXN_2417271,1.5,4.0,6.0,Tea,2023-02-01,Credit Card,Takeaway
1617,TXN_2417402,4.0,3.0,12.0,Sandwich,2023-05-09,Digital Wallet,In-store
1618,TXN_2417721,2.0,4.0,8.0,Coffee,2023-10-20,Credit Card,Takeaway
1619,TXN_2418609,4.0,2.0,8.0,Sandwich,2023-09-06,Digital Wallet,In-store
1620,TXN_2421387,1.0,4.0,4.0,Cookie,2023-04-09,Digital Wallet,Takeaway
1621,TXN_2421873,2.0,2.0,4.0,Coffee,2023-02-18,Credit Card,Takeaway
1622,TXN_2422584,1.5,1.0,1.5,Tea,2023-11-28,Cash,In-store
1623,TXN_2423167,3.0,3.0,9.0,Cake,2023-06-29,Digital Wallet,Takeaway
1624,TXN_2423343,1.5,4.0,6.0,Tea,2023-09-25,Digital Wallet,In-store
1625,TXN_2423762,2.0,1.0,2.0,Coffee,2023-08-12,Digital Wallet,Takeaway
1626,TXN_2424839,3.0,4.0,12.0,Juice,2023-09-28,Digital Wallet,In-store
1627,TXN_2424930,1.5,5.0,7.5,Tea,2023-01-20,Digital Wallet,In-store
1628,TXN_2425755,4.0,1.0,4.0,Smoothie,2023-09-14,Digital Wallet,Takeaway
1629,TXN_2426782,2.0,2.0,4.0,Coffee,2023-11-04,Credit Card,In-store
1630,TXN_2427584,4.0,4.0,16.0,Sandwich,2023-12-22,Credit Card,Takeaway
1631,TXN_2427834,1.5,4.0,6.0,Tea,2023-06-15,Digital Wallet,In-store
1632,TXN_2428781,5.0,3.0,9.0,Salad,2023-05-09,Cash,In-store
1633,TXN_2430215,1.0,2.0,2.0,Cookie,2023-04-10,Digital Wallet,Takeaway
1634,TXN_2432379,2.0,1.0,2.0,Coffee,2023-10-24,Credit Card,In-store
1635,TXN_2435025,3.0,1.0,3.0,Juice,2023-10-08,Cash,In-store
1636,TXN_2435218,2.0,5.0,10.0,Coffee,2023-05-02,Digital Wallet,In-store
1637,TXN_2436779,3.0,1.0,3.0,Cake,2023-05-24,Credit Card,Takeaway
1638,TXN_2437112,1.0,3.0,3.0,Cookie,2023-04-06,Digital Wallet,Takeaway
1639,TXN_2437508,5.0,2.0,10.0,Salad,2023-11-20,Cash,Takeaway
1640,TXN_2437586,4.0,4.0,16.0,Sandwich,2023-08-29,Cash,In-store
1641,TXN_2437725,4.0,4.0,16.0,Sandwich,2023-01-27,Credit Card,Takeaway
1642,TXN_2437751,4.0,1.0,4.0,Sandwich,2023-03-18,Credit Card,In-store
1643,TXN_2438638,3.0,2.0,6.0,Cake,2023-08-12,Credit Card,Takeaway
1644,TXN_2441029,3.0,5.0,15.0,Cake,2023-05-18,Cash,In-store
1645,TXN_2444134,4.0,2.0,8.0,Sandwich,2023-01-16,Credit Card,In-store
1646,TXN_2444408,4.0,2.0,8.0,Sandwich,2023-05-11,Digital Wallet,In-store
1647,TXN_2445017,1.5,5.0,7.5,Tea,2023-07-23,Digital Wallet,Takeaway
1648,TXN_2446298,3.0,5.0,15.0,Juice,2023-05-21,Digital Wallet,In-store
1649,TXN_2446874,3.0,4.0,12.0,Juice,2023-07-22,Credit Card,In-store
1650,TXN_2447261,1.0,3.0,3.0,Cookie,2023-10-15,Credit Card,Takeaway
1651,TXN_2449402,4.0,5.0,20.0,Smoothie,2023-01-29,Cash,In-store
1652,TXN_2450799,1.5,5.0,7.5,Tea,2023-11-26,Digital Wallet,In-store
1653,TXN_2450896,4.0,1.0,4.0,Smoothie,2023-11-26,Digital Wallet,Takeaway
1654,TXN_2451247,1.5,4.0,6.0,Tea,2023-02-14,Digital Wallet,Takeaway
1655,TXN_2452624,3.0,1.0,3.0,Juice,2023-11-10,Cash,In-store
1656,TXN_2452819,1.0,3.0,3.0,Cookie,2023-07-31,Credit Card,In-store
1657,TXN_2453194,3.0,4.0,12.0,Cake,2023-11-18,Digital Wallet,Takeaway
1658,TXN_2454046,3.0,2.0,6.0,Juice,2023-11-18,Digital Wallet,Takeaway
1659,TXN_2457189,4.0,3.0,12.0,Sandwich,2023-08-28,Digital Wallet,Takeaway
1660,TXN_2457961,2.0,2.0,4.0,Coffee,2023-06-08,Credit Card,In-store
1661,TXN_2458782,5.0,1.0,5.0,Salad,2023-04-15,Cash,In-store
1662,TXN_2461238,2.0,1.0,2.0,Coffee,2023-01-29,Digital Wallet,Takeaway
1663,TXN_2461859,4.0,2.0,8.0,Sandwich,2023-09-23,Digital Wallet,In-store
1664,TXN_2462604,1.5,5.0,7.5,Tea,2023-07-13,Credit Card,In-store
1665,TXN_2463115,4.0,5.0,20.0,Sandwich,2023-09-12,Credit Card,Takeaway
1666,TXN_2464054,2.0,5.0,10.0,Coffee,2023-08-18,Digital Wallet,Takeaway
1667,TXN_2464236,1.0,5.0,5.0,Cookie,2023-04-02,Digital Wallet,Takeaway
1668,TXN_2464706,3.0,4.0,12.0,Cake,2023-11-09,Digital Wallet,Takeaway
1669,TXN_2464879,3.0,2.0,6.0,Cake,2023-10-11,Credit Card,Takeaway
1670,TXN_2465074,4.0,1.0,4.0,Smoothie,2023-09-29,Digital Wallet,In-store
1671,TXN_2466036,2.0,5.0,10.0,Coffee,2023-08-31,Digital Wallet,Takeaway
1672,TXN_2466187,2.0,2.0,4.0,Coffee,2023-04-18,Digital Wallet,Takeaway
1673,TXN_2467699,1.5,1.0,1.5,Tea,2023-06-17,Cash,In-store
1674,TXN_2468359,5.0,2.0,10.0,Salad,2023-07-20,Cash,In-store
1675,TXN_2470530,3.0,1.0,3.0,Cake,2023-03-21,Digital Wallet,Takeaway
1676,TXN_2470532,2.0,1.0,2.0,Coffee,2023-01-21,Digital Wallet,In-store
1677,TXN_2470745,4.0,2.0,8.0,Sandwich,2023-01-10,Digital Wallet,In-store
1678,TXN_2471972,1.0,1.0,1.0,Cookie,2023-04-08,Cash,Takeaway
1679,TXN_2473090,1.5,2.0,3.0,Tea,2023-03-03,Credit Card,In-store
1680,TXN_2474286,3.0,2.0,6.0,Juice,2023-12-09,Digital Wallet,In-store
1681,TXN_2474395,4.0,4.0,16.0,Smoothie,2023-12-28,Digital Wallet,Takeaway
1682,TXN_2475111,1.0,3.0,3.0,Cookie,2023-03-31,Digital Wallet,Takeaway
1683,TXN_2475259,4.0,2.0,8.0,Smoothie,2023-03-31,Cash,In-store
1684,TXN_2477021,1.0,4.0,4.0,Cookie,2023-03-31,Credit Card,In-store
1685,TXN_2477550,4.0,2.0,8.0,Sandwich,2023-02-02,Cash,Takeaway
1686,TXN_2477650,1.0,1.0,1.0,Cookie,2023-10-24,Cash,Takeaway
1687,TXN_2480488,3.0,2.0,6.0,Juice,2023-03-01,Cash,Takeaway
1688,TXN_2480808,4.0,1.0,4.0,Sandwich,2023-03-30,Credit Card,In-store
1689,TXN_2482129,3.0,1.0,3.0,Juice,2023-12-12,Cash,In-store
1690,TXN_2482242,1.0,4.0,4.0,Cookie,2023-02-07,Digital Wallet,Takeaway
1691,TXN_2482298,5.0,2.0,10.0,Salad,2023-06-15,Cash,Takeaway
1692,TXN_2482363,1.5,3.0,4.5,Tea,2023-08-06,Cash,In-store
1693,TXN_2484241,3.0,3.0,9.0,Cake,2023-07-19,Digital Wallet,Takeaway
1694,TXN_2485183,4.0,5.0,20.0,Smoothie,2023-07-07,Cash,In-store
1695,TXN_2485272,1.5,4.0,6.0,Tea,2023-06-30,Digital Wallet,Takeaway
1696,TXN_2486026,1.5,5.0,7.5,Tea,2023-03-26,Digital Wallet,In-store
1697,TXN_2488232,1.5,2.0,3.0,Tea,2023-10-05,Digital Wallet,In-store
1698,TXN_2488987,1.5,5.0,7.5,Tea,2023-06-12,Cash,In-store
1699,TXN_2489067,3.0,2.0,6.0,Juice,2023-07-05,Digital Wallet,Takeaway
1700,TXN_2490026,3.0,5.0,15.0,Cake,2023-10-21,Cash,Takeaway
1701,TXN_2490185,5.0,4.0,20.0,Salad,2023-12-18,Credit Card,In-store
1702,TXN_2490435,1.0,1.0,1.0,Cookie,2023-03-13,Digital Wallet,Takeaway
1703,TXN_2490461,5.0,4.0,20.0,Salad,2023-09-22,Cash,In-store
1704,TXN_2490699,2.0,1.0,2.0,Coffee,2023-10-05,Cash,Takeaway
1705,TXN_2490759,4.0,3.0,12.0,Smoothie,2023-11-19,Cash,In-store
1706,TXN_2491186,5.0,5.0,25.0,Salad,2023-11-28,Cash,In-store
1707,TXN_2492058,4.0,5.0,20.0,Smoothie,2023-09-22,Cash,In-store
1708,TXN_2492586,5.0,3.0,15.0,Salad,2023-05-17,Cash,In-store
1709,TXN_2493262,1.0,2.0,2.0,Cookie,2023-01-03,Credit Card,Takeaway
1710,TXN_2493446,4.0,1.0,4.0,Sandwich,2023-05-19,Cash,Takeaway
1711,TXN_2494138,1.0,3.0,3.0,Cookie,2023-01-10,Cash,Takeaway
1712,TXN_2494194,5.0,5.0,25.0,Salad,2023-02-11,Digital Wallet,In-store
1713,TXN_2494494,2.0,1.0,2.0,Coffee,2023-06-13,Cash,Takeaway
1714,TXN_2495471,5.0,3.0,15.0,Salad,2023-10-22,Credit Card,Takeaway
1715,TXN_2495788,1.0,2.0,2.0,Cookie,2023-12-16,Credit Card,Takeaway
1716,TXN_2496249,3.0,4.0,12.0,Juice,2023-12-16,Cash,Takeaway
1717,TXN_2496907,2.0,2.0,4.0,Coffee,2023-11-28,Credit Card,Takeaway
1718,TXN_2498488,4.0,2.0,8.0,Smoothie,2023-12-06,Digital Wallet,Takeaway
1719,TXN_2500345,5.0,5.0,25.0,Salad,2023-04-16,Cash,In-store
1720,TXN_2501648,3.0,2.0,6.0,Cake,2023-12-05,Credit Card,Takeaway
1721,TXN_2501656,3.0,5.0,15.0,Cake,2023-07-02,Digital Wallet,Takeaway
1722,TXN_2503128,3.0,1.0,3.0,Cake,2023-01-12,Cash,In-store
1723,TXN_2503245,4.0,3.0,12.0,Sandwich,2023-04-15,Credit Card,Takeaway
1724,TXN_2504703,4.0,5.0,20.0,Smoothie,2023-01-09,Digital Wallet,Takeaway
1725,TXN_2505327,3.0,2.0,6.0,Juice,2023-01-09,Digital Wallet,In-store
1726,TXN_2505416,1.0,2.0,2.0,Cookie,2023-05-18,Digital Wallet,Takeaway
1727,TXN_2507188,2.0,1.0,2.0,Coffee,2023-02-04,Credit Card,Takeaway
1728,TXN_2508266,1.0,1.0,1.0,Cookie,2023-01-28,Digital Wallet,Takeaway
1729,TXN_2508476,4.0,5.0,20.0,Smoothie,2023-04-14,Cash,In-store
1730,TXN_2508499,1.5,3.0,4.5,Tea,2023-02-22,Credit Card,In-store
1731,TXN_2509803,2.0,1.0,2.0,Coffee,2023-02-22,Digital Wallet,Takeaway
1732,TXN_2510233,4.0,2.0,8.0,Sandwich,2023-11-04,Credit Card,In-store
1733,TXN_2513558,3.0,4.0,12.0,Juice,2023-10-11,Digital Wallet,In-store
1734,TXN_2513950,4.0,4.0,16.0,Smoothie,2023-04-03,Digital Wallet,In-store
1735,TXN_2515796,1.5,3.0,4.5,Tea,2023-02-06,Credit Card,Takeaway
1736,TXN_2515920,3.0,3.0,9.0,Juice,2023-10-02,Cash,In-store
1737,TXN_2517078,4.0,2.0,8.0,Sandwich,2023-03-07,Credit Card,In-store
1738,TXN_2518917,1.0,1.0,1.0,Cookie,2023-05-21,Digital Wallet,In-store
1739,TXN_2519044,5.0,5.0,25.0,Salad,2023-05-20,Digital Wallet,Takeaway
1740,TXN_2520102,2.0,1.0,2.0,Coffee,2023-03-08,Digital Wallet,Takeaway
1741,TXN_2521185,4.0,2.0,8.0,Smoothie,2023-03-20,Cash,Takeaway
1742,TXN_2522047,5.0,1.0,5.0,Salad,2023-12-05,Cash,Takeaway
1743,TXN_2522182,5.0,2.0,10.0,Salad,2023-11-11,Digital Wallet,In-store
1744,TXN_2522828,4.0,4.0,16.0,Smoothie,2023-01-15,Credit Card,In-store
1745,TXN_2523298,1.5,4.0,6.0,Tea,2023-03-25,Digital Wallet,In-store
1746,TXN_2525207,1.0,2.0,2.0,Cookie,2023-11-25,Digital Wallet,Takeaway
1747,TXN_2526267,4.0,5.0,20.0,Sandwich,2023-04-06,Cash,In-store
1748,TXN_2526667,3.0,3.0,9.0,Juice,2023-06-10,Digital Wallet,In-store
1749,TXN_2527007,4.0,1.0,4.0,Smoothie,2023-10-22,Digital Wallet,In-store
1750,TXN_2528186,2.0,2.0,4.0,Coffee,2023-06-17,Cash,Takeaway
1751,TXN_2529216,1.5,3.0,4.5,Tea,2023-06-17,Credit Card,In-store
1752,TXN_2530326,4.0,5.0,20.0,Sandwich,2023-05-06,Credit Card,In-store
1753,TXN_2530938,4.0,5.0,20.0,Smoothie,2023-04-27,Digital Wallet,Takeaway
1754,TXN_2531878,5.0,3.0,15.0,Salad,2023-01-06,Cash,In-store
1755,TXN_2532519,3.0,2.0,6.0,Cake,2023-04-10,Digital Wallet,Takeaway
1756,TXN_2532563,5.0,4.0,20.0,Salad,2023-04-10,Cash,Takeaway
1757,TXN_2534066,5.0,2.0,10.0,Salad,2023-10-13,Cash,In-store
1758,TXN_2534831,1.5,5.0,7.5,Tea,2023-08-19,Cash,Takeaway
1759,TXN_2535099,4.0,5.0,20.0,Sandwich,2023-02-10,Credit Card,In-store
1760,TXN_2535662,3.0,1.0,3.0,Juice,2023-05-01,Cash,In-store
1761,TXN_2536021,1.0,5.0,5.0,Cookie,2023-10-02,Digital Wallet,Takeaway
1762,TXN_2536573,4.0,2.0,8.0,Sandwich,2023-06-24,Cash,In-store
1763,TXN_2536821,5.0,5.0,25.0,Salad,2023-12-01,Cash,Takeaway
1764,TXN_2537138,3.0,3.0,9.0,Cake,2023-10-24,Cash,Takeaway
1765,TXN_2537617,4.0,1.0,4.0,Sandwich,2023-05-27,Cash,In-store
1766,TXN_2538739,5.0,2.0,10.0,Salad,2023-07-29,Cash,In-store
1767,TXN_2539318,4.0,4.0,16.0,Sandwich,2023-01-15,Digital Wallet,In-store
1768,TXN_2539469,3.0,2.0,6.0,Cake,2023-09-24,Credit Card,Takeaway
1769,TXN_2540440,1.5,2.0,3.0,Tea,2023-12-30,Digital Wallet,In-store
1770,TXN_2541441,3.0,1.0,3.0,Cake,2023-09-21,Cash,Takeaway
1771,TXN_2543138,4.0,1.0,4.0,Sandwich,2023-05-20,Credit Card,In-store
1772,TXN_2544072,1.0,1.0,1.0,Cookie,2023-08-17,Digital Wallet,In-store
1773,TXN_2544176,1.5,3.0,4.5,Tea,2023-12-19,Digital Wallet,Takeaway
1774,TXN_2544724,3.0,5.0,15.0,Cake,2023-12-28,Digital Wallet,Takeaway
1775,TXN_2546684,3.0,3.0,9.0,Juice,2023-04-08,Digital Wallet,Takeaway
1776,TXN_2547084,4.0,1.0,4.0,Sandwich,2023-12-16,Cash,In-store
1777,TXN_2547156,1.0,3.0,3.0,Cookie,2023-08-18,Digital Wallet,Takeaway
1778,TXN_2548248,3.0,4.0,12.0,Cake,2023-06-28,Cash,Takeaway
1779,TXN_2548360,5.0,5.0,25.0,Salad,2023-11-07,Cash,Takeaway
1780,TXN_2548742,5.0,5.0,25.0,Salad,2023-11-07,Digital Wallet,In-store
1781,TXN_2550923,3.0,2.0,6.0,Cake,2023-08-26,Cash,Takeaway
1782,TXN_2551074,1.0,1.0,1.0,Cookie,2023-09-17,Cash,Takeaway
1783,TXN_2551378,1.5,2.0,3.0,Tea,2023-10-27,Digital Wallet,Takeaway
1784,TXN_2552405,3.0,5.0,15.0,Juice,2023-06-22,Credit Card,In-store
1785,TXN_2553269,1.0,5.0,5.0,Cookie,2023-04-09,Digital Wallet,Takeaway
1786,TXN_2553803,3.0,1.0,3.0,Juice,2023-12-29,Cash,In-store
1787,TXN_2555823,3.0,4.0,12.0,Cake,2023-06-21,Digital Wallet,Takeaway
1788,TXN_2556368,4.0,1.0,4.0,Smoothie,2023-10-26,Digital Wallet,In-store
1789,TXN_2556999,1.5,1.0,1.5,Tea,2023-08-14,Credit Card,Takeaway
1790,TXN_2559020,3.0,1.0,3.0,Cake,2023-07-20,Digital Wallet,Takeaway
1791,TXN_2559288,5.0,4.0,20.0,Salad,2023-12-27,Credit Card,In-store
1792,TXN_2560137,3.0,1.0,3.0,Cake,2023-10-13,Cash,Takeaway
1793,TXN_2561071,3.0,5.0,15.0,Juice,2023-01-30,Digital Wallet,In-store
1794,TXN_2561471,4.0,1.0,4.0,Sandwich,2023-07-12,Credit Card,In-store
1795,TXN_2561970,4.0,3.0,12.0,Sandwich,2023-03-16,Credit Card,In-store
1796,TXN_2562041,3.0,5.0,15.0,Cake,2023-12-24,Cash,Takeaway
1797,TXN_2563505,4.0,1.0,4.0,Sandwich,2023-10-27,Cash,Takeaway
1798,TXN_2563679,5.0,3.0,15.0,Salad,2023-04-09,Digital Wallet,In-store
1799,TXN_2564219,5.0,1.0,5.0,Salad,2023-07-18,Digital Wallet,Takeaway
1800,TXN_2564718,5.0,5.0,25.0,Salad,2023-10-10,Cash,Takeaway
1801,TXN_2565449,4.0,3.0,12.0,Smoothie,2023-10-04,Credit Card,In-store
1802,TXN_2566211,1.5,2.0,3.0,Tea,2023-09-26,Cash,In-store
1803,TXN_2566258,1.0,4.0,4.0,Cookie,2023-06-08,Cash,Takeaway
1804,TXN_2566299,3.0,2.0,6.0,Juice,2023-08-20,Cash,In-store
1805,TXN_2567222,2.0,3.0,6.0,Coffee,2023-09-09,Digital Wallet,Takeaway
1806,TXN_2568101,5.0,5.0,25.0,Salad,2023-08-03,Cash,Takeaway
1807,TXN_2569119,3.0,1.0,3.0,Juice,2023-08-04,Credit Card,Takeaway
1808,TXN_2570829,3.0,1.0,3.0,Juice,2023-03-31,Cash,Takeaway
1809,TXN_2571835,5.0,3.0,15.0,Salad,2023-03-03,Cash,In-store
1810,TXN_2574545,2.0,2.0,4.0,Coffee,2023-03-03,Digital Wallet,In-store
1811,TXN_2575160,1.5,5.0,7.5,Tea,2023-01-02,Digital Wallet,In-store
1812,TXN_2575331,1.0,5.0,5.0,Cookie,2023-03-20,Cash,In-store
1813,TXN_2576799,3.0,1.0,3.0,Juice,2023-03-12,Cash,In-store
1814,TXN_2576936,3.0,3.0,9.0,Cake,2023-10-14,Cash,Takeaway
1815,TXN_2578309,4.0,3.0,12.0,Smoothie,2023-05-05,Digital Wallet,In-store
1816,TXN_2579157,4.0,1.0,4.0,Sandwich,2023-09-27,Credit Card,In-store
1817,TXN_2579242,3.0,5.0,15.0,Juice,2023-09-11,Digital Wallet,In-store
1818,TXN_2580487,3.0,1.0,3.0,Cake,2023-01-13,Cash,Takeaway
1819,TXN_2581559,4.0,1.0,4.0,Sandwich,2023-03-25,Credit Card,Takeaway
1820,TXN_2582926,4.0,4.0,16.0,Smoothie,2023-03-25,Digital Wallet,In-store
1821,TXN_2585392,5.0,4.0,20.0,Salad,2023-07-12,Cash,In-store
1822,TXN_2586183,1.0,2.0,2.0,Cookie,2023-09-04,Cash,Takeaway
1823,TXN_2586215,3.0,2.0,6.0,Juice,2023-03-23,Digital Wallet,In-store
1824,TXN_2586830,3.0,1.0,3.0,Juice,2023-02-12,Digital Wallet,In-store
1825,TXN_2588566,5.0,3.0,15.0,Salad,2023-01-10,Cash,Takeaway
1826,TXN_2591969,5.0,4.0,20.0,Salad,2023-01-10,Credit Card,In-store
1827,TXN_2593909,3.0,2.0,6.0,Juice,2023-02-25,Cash,In-store
1828,TXN_2594056,5.0,4.0,20.0,Salad,2023-03-11,Cash,In-store
1829,TXN_2594430,2.0,1.0,2.0,Coffee,2023-05-18,Digital Wallet,Takeaway
1830,TXN_2598728,3.0,2.0,6.0,Cake,2023-01-13,Credit Card,Takeaway
1831,TXN_2599005,3.0,2.0,6.0,Cake,2023-06-10,Cash,Takeaway
1832,TXN_2601689,5.0,4.0,20.0,Salad,2023-01-14,Digital Wallet,Takeaway
1833,TXN_2601923,3.0,4.0,12.0,Cake,2023-07-24,Cash,Takeaway
1834,TXN_2602732,5.0,4.0,20.0,Salad,2023-06-09,Digital Wallet,In-store
1835,TXN_2602893,4.0,5.0,20.0,Smoothie,2023-03-31,Credit Card,In-store
1836,TXN_2603561,2.0,3.0,6.0,Coffee,2023-04-25,Digital Wallet,Takeaway
1837,TXN_2605566,3.0,2.0,6.0,Cake,2023-12-01,Cash,Takeaway
1838,TXN_2606750,1.5,3.0,4.5,Tea,2023-06-20,Cash,In-store
1839,TXN_2607233,2.0,3.0,6.0,Coffee,2023-06-20,Cash,Takeaway
1840,TXN_2609762,2.0,5.0,10.0,Coffee,2023-07-26,Digital Wallet,Takeaway
1841,TXN_2610195,3.0,2.0,6.0,Cake,2023-10-25,Cash,Takeaway
1842,TXN_2611393,4.0,3.0,12.0,Smoothie,2023-04-25,Digital Wallet,In-store
1843,TXN_2611683,3.0,3.0,9.0,Cake,2023-04-11,Digital Wallet,In-store
1844,TXN_2611960,4.0,3.0,12.0,Sandwich,2023-09-11,Credit Card,In-store
1845,TXN_2611990,1.0,3.0,3.0,Cookie,2023-10-25,Digital Wallet,Takeaway
1846,TXN_2613440,3.0,3.0,9.0,Juice,2023-04-15,Credit Card,In-store
1847,TXN_2614271,4.0,2.0,8.0,Sandwich,2023-08-03,Digital Wallet,In-store
1848,TXN_2614545,1.5,1.0,1.5,Tea,2023-08-10,Digital Wallet,In-store
1849,TXN_2614633,2.0,4.0,8.0,Coffee,2023-04-23,Digital Wallet,In-store
1850,TXN_2615514,1.0,5.0,5.0,Cookie,2023-04-23,Digital Wallet,Takeaway
1851,TXN_2616353,4.0,3.0,12.0,Smoothie,2023-06-24,Cash,Takeaway
1852,TXN_2616390,4.0,2.0,8.0,Sandwich,2023-09-18,Credit Card,In-store
1853,TXN_2617257,1.0,1.0,1.0,Cookie,2023-08-20,Cash,Takeaway
1854,TXN_2617632,4.0,4.0,16.0,Smoothie,2023-10-17,Digital Wallet,In-store
1855,TXN_2621008,1.0,2.0,2.0,Cookie,2023-10-21,Digital Wallet,Takeaway
1856,TXN_2621580,1.5,2.0,3.0,Tea,2023-03-22,Cash,In-store
1857,TXN_2622670,3.0,5.0,15.0,Cake,2023-01-28,Digital Wallet,Takeaway
1858,TXN_2623927,4.0,2.0,8.0,Sandwich,2023-01-27,Credit Card,In-store
1859,TXN_2624121,1.5,5.0,7.5,Tea,2023-01-28,Digital Wallet,In-store
1860,TXN_2625324,2.0,1.0,2.0,Coffee,2023-09-02,Digital Wallet,Takeaway
1861,TXN_2625388,2.0,5.0,10.0,Coffee,2023-02-09,Digital Wallet,In-store
1862,TXN_2625464,4.0,3.0,12.0,Smoothie,2023-10-06,Credit Card,In-store
1863,TXN_2627056,4.0,4.0,16.0,Sandwich,2023-04-22,Digital Wallet,In-store
1864,TXN_2628024,4.0,1.0,4.0,Smoothie,2023-05-02,Digital Wallet,In-store
1865,TXN_2628157,2.0,4.0,8.0,Coffee,2023-10-26,Digital Wallet,Takeaway
1866,TXN_2628941,4.0,1.0,4.0,Smoothie,2023-12-27,Digital Wallet,In-store
1867,TXN_2629168,3.0,1.0,3.0,Juice,2023-12-27,Credit Card,In-store
1868,TXN_2629420,4.0,2.0,8.0,Smoothie,2023-01-16,Digital Wallet,Takeaway
1869,TXN_2630698,4.0,2.0,8.0,Sandwich,2023-08-22,Credit Card,Takeaway
1870,TXN_2631423,1.0,3.0,3.0,Cookie,2023-01-07,Cash,Takeaway
1871,TXN_2631671,1.0,1.0,1.0,Cookie,2023-01-07,Credit Card,Takeaway
1872,TXN_2632916,3.0,3.0,9.0,Juice,2023-06-17,Credit Card,In-store
1873,TXN_2633322,5.0,4.0,20.0,Salad,2023-01-15,Digital Wallet,In-store
1874,TXN_2633600,5.0,5.0,25.0,Salad,2023-11-28,Cash,Takeaway
1875,TXN_2633602,3.0,2.0,6.0,Juice,2023-02-02,Digital Wallet,In-store
1876,TXN_2634410,4.0,3.0,12.0,Smoothie,2023-07-15,Digital Wallet,In-store
1877,TXN_2634805,1.0,4.0,4.0,Cookie,2023-06-25,Digital Wallet,Takeaway
1878,TXN_2635532,4.0,4.0,16.0,Sandwich,2023-01-14,Cash,Takeaway
1879,TXN_2638434,3.0,5.0,15.0,Juice,2023-09-18,Credit Card,In-store
1880,TXN_2638644,1.5,1.0,1.5,Tea,2023-03-08,Digital Wallet,In-store
1881,TXN_2638760,3.0,5.0,15.0,Cake,2023-02-09,Cash,Takeaway
1882,TXN_2638810,1.5,2.0,3.0,Tea,2023-11-16,Digital Wallet,Takeaway
1883,TXN_2639283,3.0,5.0,15.0,Juice,2023-08-13,Digital Wallet,Takeaway
1884,TXN_2640701,5.0,3.0,15.0,Salad,2023-05-07,Cash,Takeaway
1885,TXN_2640727,3.0,3.0,9.0,Juice,2023-03-05,Digital Wallet,Takeaway
1886,TXN_2640771,1.0,2.0,2.0,Cookie,2023-01-27,Digital Wallet,Takeaway
1887,TXN_2641386,4.0,3.0,12.0,Sandwich,2023-03-25,Credit Card,Takeaway
1888,TXN_2642834,5.0,2.0,10.0,Salad,2023-11-13,Cash,In-store
1889,TXN_2643389,4.0,2.0,8.0,Sandwich,2023-08-24,Credit Card,In-store
1890,TXN_2643748,5.0,3.0,15.0,Salad,2023-11-28,Cash,In-store
1891,TXN_2643815,1.0,3.0,3.0,Cookie,2023-12-06,Digital Wallet,Takeaway
1892,TXN_2644403,1.5,4.0,6.0,Tea,2023-12-22,Digital Wallet,In-store
1893,TXN_2644561,4.0,4.0,16.0,Sandwich,2023-09-13,Digital Wallet,In-store
1894,TXN_2644962,4.0,2.0,8.0,Smoothie,2023-04-09,Digital Wallet,In-store
1895,TXN_2647425,3.0,4.0,12.0,Juice,2023-07-30,Credit Card,In-store
1896,TXN_2648236,4.0,2.0,8.0,Smoothie,2023-09-10,Credit Card,In-store
1897,TXN_2649010,1.5,4.0,6.0,Tea,2023-08-01,Cash,Takeaway
1898,TXN_2651216,4.0,3.0,12.0,Sandwich,2023-04-04,Credit Card,In-store
1899,TXN_2651789,1.0,1.0,1.0,Cookie,2023-02-10,Digital Wallet,Takeaway
1900,TXN_2652800,3.0,4.0,12.0,Cake,2023-11-30,Cash,Takeaway
1901,TXN_2653224,3.0,3.0,9.0,Juice,2023-03-27,Digital Wallet,In-store
1902,TXN_2653400,4.0,1.0,4.0,Smoothie,2023-03-27,Cash,In-store
1903,TXN_2655815,4.0,4.0,16.0,Smoothie,2023-06-08,Digital Wallet,Takeaway
1904,TXN_2656162,2.0,1.0,2.0,Coffee,2023-04-11,Digital Wallet,In-store
1905,TXN_2659832,4.0,3.0,12.0,Sandwich,2023-12-05,Credit Card,In-store
1906,TXN_2660295,1.0,3.0,3.0,Cookie,2023-12-06,Digital Wallet,Takeaway
1907,TXN_2660576,4.0,1.0,4.0,Sandwich,2023-05-15,Credit Card,In-store
1908,TXN_2661443,3.0,2.0,6.0,Juice,2023-06-30,Credit Card,In-store
1909,TXN_2662711,3.0,1.0,3.0,Juice,2023-11-02,Digital Wallet,In-store
1910,TXN_2662720,3.0,5.0,15.0,Juice,2023-09-18,Digital Wallet,In-store
1911,TXN_2666340,3.0,2.0,6.0,Cake,2023-09-29,Cash,Takeaway
1912,TXN_2666773,3.0,3.0,9.0,Juice,2023-06-29,Credit Card,In-store
1913,TXN_2667131,4.0,2.0,8.0,Sandwich,2023-10-10,Credit Card,Takeaway
1914,TXN_2667225,5.0,2.0,10.0,Salad,2023-11-21,Cash,In-store
1915,TXN_2668108,1.0,5.0,5.0,Cookie,2023-09-23,Cash,Takeaway
1916,TXN_2668838,3.0,4.0,12.0,Cake,2023-05-11,Cash,Takeaway
1917,TXN_2670487,2.0,3.0,6.0,Coffee,2023-10-20,Digital Wallet,Takeaway
1918,TXN_2670824,3.0,2.0,6.0,Juice,2023-03-03,Digital Wallet,Takeaway
1919,TXN_2671272,4.0,1.0,4.0,Smoothie,2023-02-13,Digital Wallet,In-store
1920,TXN_2672126,1.0,3.0,3.0,Cookie,2023-07-07,Cash,Takeaway
1921,TXN_2672972,4.0,1.0,4.0,Sandwich,2023-06-15,Digital Wallet,Takeaway
1922,TXN_2673104,1.5,1.0,1.5,Tea,2023-06-23,Digital Wallet,In-store
1923,TXN_2673294,2.0,3.0,6.0,Coffee,2023-11-11,Cash,Takeaway
1924,TXN_2674372,1.0,4.0,4.0,Cookie,2023-11-14,Credit Card,Takeaway
1925,TXN_2675174,5.0,2.0,10.0,Salad,2023-12-04,Cash,Takeaway
1926,TXN_2678484,2.0,1.0,2.0,Coffee,2023-03-27,Digital Wallet,Takeaway
1927,TXN_2680626,3.0,3.0,9.0,Cake,2023-01-08,Cash,In-store
1928,TXN_2681833,1.0,3.0,3.0,Cookie,2023-10-05,Digital Wallet,In-store
1929,TXN_2682803,3.0,5.0,15.0,Cake,2023-04-09,Credit Card,Takeaway
1930,TXN_2684400,2.0,3.0,6.0,Coffee,2023-03-30,Digital Wallet,In-store
1931,TXN_2687149,2.0,5.0,10.0,Coffee,2023-03-24,Digital Wallet,Takeaway
1932,TXN_2687593,3.0,5.0,15.0,Juice,2023-06-27,Digital Wallet,Takeaway
1933,TXN_2687748,3.0,3.0,9.0,Juice,2023-02-26,Digital Wallet,Takeaway
1934,TXN_2690222,3.0,4.0,12.0,Juice,2023-01-01,Digital Wallet,In-store
1935,TXN_2690314,1.5,5.0,7.5,Tea,2023-08-10,Cash,In-store
1936,TXN_2690515,4.0,2.0,8.0,Sandwich,2023-09-06,Cash,Takeaway
1937,TXN_2693108,1.0,3.0,3.0,Cookie,2023-11-18,Cash,In-store
1938,TXN_2693278,1.5,3.0,4.5,Tea,2023-11-26,Digital Wallet,In-store
1939,TXN_2693431,5.0,2.0,10.0,Salad,2023-05-20,Digital Wallet,In-store
1940,TXN_2693584,1.0,3.0,3.0,Cookie,2023-10-28,Digital Wallet,Takeaway
1941,TXN_2694605,1.0,2.0,2.0,Cookie,2023-11-09,Credit Card,Takeaway
1942,TXN_2694724,4.0,2.0,8.0,Sandwich,2023-06-26,Digital Wallet,In-store
1943,TXN_2695546,1.5,1.0,1.5,Tea,2023-08-26,Credit Card,Takeaway
1944,TXN_2696377,3.0,4.0,12.0,Juice,2023-04-11,Digital Wallet,In-store
1945,TXN_2696664,1.0,5.0,5.0,Cookie,2023-01-07,Digital Wallet,In-store
1946,TXN_2698591,1.5,5.0,7.5,Tea,2023-08-05,Digital Wallet,In-store
1947,TXN_2699583,4.0,5.0,20.0,Sandwich,2023-07-26,Digital Wallet,In-store
1948,TXN_2699745,2.0,4.0,8.0,Coffee,2023-12-30,Digital Wallet,In-store
1949,TXN_2701016,3.0,5.0,15.0,Cake,2023-03-06,Digital Wallet,Takeaway
1950,TXN_2702861,1.0,4.0,4.0,Cookie,2023-06-02,Digital Wallet,Takeaway
1951,TXN_2703095,5.0,1.0,5.0,Salad,2023-10-05,Cash,In-store
1952,TXN_2704452,5.0,2.0,10.0,Salad,2023-09-05,Credit Card,Takeaway
1953,TXN_2705302,5.0,2.0,10.0,Salad,2023-01-18,Credit Card,In-store
1954,TXN_2706461,5.0,3.0,15.0,Salad,2023-12-13,Credit Card,In-store
1955,TXN_2708387,1.5,4.0,6.0,Tea,2023-11-12,Credit Card,In-store
1956,TXN_2710603,4.0,5.0,20.0,Smoothie,2023-02-02,Digital Wallet,Takeaway
1957,TXN_2710779,4.0,5.0,20.0,Sandwich,2023-09-30,Digital Wallet,In-store
1958,TXN_2711627,4.0,5.0,20.0,Smoothie,2023-11-09,Cash,In-store
1959,TXN_2713279,1.0,4.0,4.0,Cookie,2023-02-12,Digital Wallet,In-store
1960,TXN_2714524,4.0,4.0,16.0,Sandwich,2023-01-02,Cash,Takeaway
1961,TXN_2715086,3.0,2.0,6.0,Juice,2023-11-03,Cash,In-store
1962,TXN_2716377,3.0,4.0,12.0,Juice,2023-01-03,Cash,In-store
1963,TXN_2716560,4.0,4.0,16.0,Sandwich,2023-08-29,Credit Card,Takeaway
1964,TXN_2716940,2.0,1.0,2.0,Coffee,2023-11-27,Digital Wallet,Takeaway
1965,TXN_2719734,3.0,5.0,15.0,Cake,2023-05-22,Digital Wallet,In-store
1966,TXN_2721997,3.0,3.0,9.0,Cake,2023-05-20,Cash,Takeaway
1967,TXN_2723755,3.0,3.0,9.0,Juice,2023-06-30,Cash,In-store
1968,TXN_2725602,3.0,5.0,15.0,Juice,2023-09-10,Credit Card,In-store
1969,TXN_2726078,2.0,3.0,6.0,Coffee,2023-11-27,Digital Wallet,Takeaway
1970,TXN_2726254,4.0,3.0,12.0,Smoothie,2023-06-08,Digital Wallet,Takeaway
1971,TXN_2726676,2.0,3.0,6.0,Coffee,2023-08-10,Digital Wallet,In-store
1972,TXN_2726700,1.5,2.0,3.0,Tea,2023-04-10,Digital Wallet,In-store
1973,TXN_2726749,3.0,4.0,12.0,Juice,2023-05-19,Digital Wallet,Takeaway
1974,TXN_2726843,4.0,1.0,4.0,Sandwich,2023-05-31,Credit Card,In-store
1975,TXN_2726848,3.0,5.0,15.0,Cake,2023-09-11,Credit Card,Takeaway
1976,TXN_2727347,3.0,5.0,15.0,Cake,2023-01-20,Cash,Takeaway
1977,TXN_2728444,5.0,1.0,5.0,Salad,2023-01-23,Digital Wallet,Takeaway
1978,TXN_2729959,4.0,4.0,16.0,Smoothie,2023-02-01,Digital Wallet,In-store
1979,TXN_2730798,1.5,4.0,6.0,Tea,2023-12-01,Credit Card,In-store
1980,TXN_2731270,3.0,1.0,3.0,Cake,2023-05-31,Cash,Takeaway
1981,TXN_2732570,1.0,3.0,3.0,Cookie,2023-06-23,Digital Wallet,Takeaway
1982,TXN_2733833,3.0,4.0,12.0,Cake,2023-09-09,Cash,In-store
1983,TXN_2734718,1.5,2.0,3.0,Tea,2023-08-16,Digital Wallet,In-store
1984,TXN_2735598,1.5,5.0,7.5,Tea,2023-06-30,Credit Card,Takeaway
1985,TXN_2736267,5.0,5.0,25.0,Salad,2023-03-17,Cash,In-store
1986,TXN_2737300,3.0,1.0,3.0,Cake,2023-12-25,Cash,In-store
1987,TXN_2738904,4.0,4.0,16.0,Smoothie,2023-11-23,Digital Wallet,In-store
1988,TXN_2739140,4.0,4.0,16.0,Smoothie,2023-07-05,Digital Wallet,In-store
1989,TXN_2740398,1.0,4.0,4.0,Cookie,2023-07-05,Digital Wallet,In-store
1990,TXN_2741424,1.5,4.0,6.0,Tea,2023-05-03,Credit Card,In-store
1991,TXN_2741928,3.0,1.0,3.0,Cake,2023-10-06,Digital Wallet,In-store
1992,TXN_2743397,3.0,2.0,6.0,Cake,2023-10-03,Digital Wallet,Takeaway
1993,TXN_2743696,1.0,1.0,1.0,Cookie,2023-04-28,Digital Wallet,Takeaway
1994,TXN_2744907,5.0,2.0,10.0,Salad,2023-04-28,Digital Wallet,In-store
1995,TXN_2747156,1.0,1.0,1.0,Cookie,2023-01-29,Digital Wallet,In-store
1996,TXN_2749266,4.0,3.0,12.0,Sandwich,2023-02-06,Credit Card,Takeaway
1997,TXN_2749289,4.0,2.0,8.0,Smoothie,2023-05-05,Digital Wallet,Takeaway
1998,TXN_2749862,5.0,4.0,20.0,Salad,2023-07-19,Digital Wallet,In-store
1999,TXN_2755642,3.0,3.0,9.0,Cake,2023-03-24,Digital Wallet,In-store
2000,TXN_2756336,4.0,3.0,12.0,Smoothie,2023-07-07,Credit Card,Takeaway
2001,TXN_2760327,5.0,1.0,5.0,Salad,2023-02-16,Cash,Takeaway
2002,TXN_2761003,4.0,2.0,8.0,Smoothie,2023-11-08,Digital Wallet,In-store
2003,TXN_2761204,3.0,3.0,9.0,Cake,2023-07-14,Cash,Takeaway
2004,TXN_2761542,1.0,4.0,4.0,Cookie,2023-10-15,Digital Wallet,Takeaway
2005,TXN_2761949,5.0,3.0,15.0,Salad,2023-10-01,Credit Card,In-store
2006,TXN_2764544,3.0,4.0,12.0,Juice,2023-04-02,Cash,In-store
2007,TXN_2764625,1.5,1.0,1.5,Tea,2023-12-03,Cash,In-store
2008,TXN_2764819,3.0,1.0,3.0,Juice,2023-02-23,Credit Card,Takeaway
2009,TXN_2764962,1.5,2.0,3.0,Tea,2023-08-13,Credit Card,Takeaway
2010,TXN_2766651,3.0,3.0,9.0,Cake,2023-05-11,Cash,Takeaway
2011,TXN_2767034,5.0,4.0,20.0,Salad,2023-08-12,Cash,In-store
2012,TXN_2769769,5.0,5.0,25.0,Salad,2023-04-01,Credit Card,In-store
2013,TXN_2770536,4.0,2.0,8.0,Smoothie,2023-11-03,Digital Wallet,In-store
2014,TXN_2771364,2.0,1.0,2.0,Coffee,2023-01-23,Digital Wallet,Takeaway
2015,TXN_2771482,5.0,4.0,20.0,Salad,2023-02-03,Credit Card,In-store
2016,TXN_2771512,3.0,4.0,12.0,Juice,2023-12-23,Digital Wallet,Takeaway
2017,TXN_2772639,1.5,4.0,6.0,Tea,2023-08-30,Credit Card,In-store
2018,TXN_2773085,2.0,1.0,2.0,Coffee,2023-10-16,Digital Wallet,Takeaway
2019,TXN_2773491,5.0,5.0,25.0,Salad,2023-11-14,Cash,In-store
2020,TXN_2773987,4.0,5.0,20.0,Smoothie,2023-01-11,Digital Wallet,In-store
2021,TXN_2780349,2.0,5.0,10.0,Coffee,2023-11-12,Cash,Takeaway
2022,TXN_2784588,3.0,2.0,6.0,Juice,2023-03-26,Cash,Takeaway
2023,TXN_2785262,5.0,3.0,15.0,Salad,2023-08-30,Cash,Takeaway
2024,TXN_2785563,3.0,5.0,15.0,Juice,2023-08-30,Cash,Takeaway
2025,TXN_2785654,1.5,1.0,1.5,Tea,2023-02-21,Credit Card,Takeaway
2026,TXN_2786231,3.0,1.0,3.0,Juice,2023-08-17,Cash,Takeaway
2027,TXN_2788676,1.0,2.0,2.0,Cookie,2023-11-05,Digital Wallet,Takeaway
2028,TXN_2788797,1.5,2.0,3.0,Tea,2023-03-23,Digital Wallet,In-store
2029,TXN_2790608,3.0,1.0,3.0,Juice,2023-12-18,Cash,In-store
2030,TXN_2791987,4.0,1.0,4.0,Smoothie,2023-06-23,Credit Card,In-store
2031,TXN_2792107,3.0,1.0,3.0,Cake,2023-07-10,Cash,Takeaway
2032,TXN_2793054,4.0,4.0,16.0,Smoothie,2023-04-29,Digital Wallet,Takeaway
2033,TXN_2797077,5.0,2.0,10.0,Salad,2023-07-04,Cash,Takeaway
2034,TXN_2797871,1.0,2.0,2.0,Cookie,2023-09-21,Digital Wallet,Takeaway
2035,TXN_2797925,3.0,2.0,6.0,Cake,2023-10-19,Cash,Takeaway
2036,TXN_2798069,1.5,5.0,7.5,Tea,2023-09-02,Digital Wallet,In-store
2037,TXN_2798420,1.5,5.0,7.5,Tea,2023-03-17,Digital Wallet,Takeaway
2038,TXN_2798736,4.0,2.0,8.0,Sandwich,2023-01-15,Digital Wallet,In-store
2039,TXN_2799785,3.0,1.0,3.0,Juice,2023-01-25,Cash,In-store
2040,TXN_2801651,3.0,4.0,12.0,Juice,2023-07-10,Digital Wallet,Takeaway
2041,TXN_2802630,1.0,4.0,4.0,Cookie,2023-06-18,Digital Wallet,Takeaway
2042,TXN_2804828,3.0,3.0,9.0,Cake,2023-02-25,Cash,Takeaway
2043,TXN_2805332,3.0,4.0,12.0,Cake,2023-08-10,Cash,Takeaway
2044,TXN_2806206,4.0,3.0,12.0,Sandwich,2023-01-25,Cash,In-store
2045,TXN_2806243,5.0,4.0,20.0,Salad,2023-01-14,Digital Wallet,Takeaway
2046,TXN_2806515,4.0,4.0,16.0,Smoothie,2023-12-31,Digital Wallet,In-store
2047,TXN_2807324,4.0,2.0,8.0,Sandwich,2023-11-13,Cash,In-store
2048,TXN_2807590,4.0,4.0,16.0,Smoothie,2023-09-05,Cash,Takeaway
2049,TXN_2809397,5.0,2.0,10.0,Salad,2023-09-13,Digital Wallet,Takeaway
2050,TXN_2810187,2.0,4.0,8.0,Coffee,2023-10-17,Digital Wallet,In-store
2051,TXN_2810280,4.0,1.0,4.0,Smoothie,2023-06-25,Digital Wallet,Takeaway
2052,TXN_2810554,3.0,1.0,3.0,Juice,2023-02-18,Credit Card,Takeaway
2053,TXN_2813872,5.0,1.0,5.0,Salad,2023-05-01,Credit Card,Takeaway
2054,TXN_2814363,1.5,2.0,3.0,Tea,2023-07-02,Digital Wallet,In-store
2055,TXN_2814866,4.0,1.0,4.0,Smoothie,2023-07-29,Digital Wallet,In-store
2056,TXN_2815335,3.0,5.0,15.0,Juice,2023-03-30,Cash,In-store
2057,TXN_2815691,3.0,5.0,15.0,Juice,2023-02-06,Digital Wallet,In-store
2058,TXN_2817018,4.0,3.0,12.0,Sandwich,2023-04-25,Credit Card,Takeaway
2059,TXN_2817210,3.0,4.0,12.0,Cake,2023-11-10,Cash,Takeaway
2060,TXN_2818204,3.0,1.0,3.0,Cake,2023-03-09,Digital Wallet,Takeaway
2061,TXN_2818867,5.0,3.0,15.0,Salad,2023-01-11,Cash,In-store
2062,TXN_2820693,5.0,3.0,15.0,Salad,2023-05-05,Cash,Takeaway
2063,TXN_2820788,1.0,5.0,5.0,Cookie,2023-09-25,Digital Wallet,Takeaway
2064,TXN_2822949,4.0,2.0,8.0,Smoothie,2023-11-19,Digital Wallet,In-store
2065,TXN_2823220,5.0,4.0,20.0,Salad,2023-05-17,Cash,In-store
2066,TXN_2824366,4.0,4.0,16.0,Sandwich,2023-07-02,Credit Card,In-store
2067,TXN_2825812,3.0,3.0,9.0,Cake,2023-06-26,Cash,Takeaway
2068,TXN_2826603,5.0,2.0,10.0,Salad,2023-06-22,Digital Wallet,Takeaway
2069,TXN_2827259,1.5,3.0,4.5,Tea,2023-06-22,Credit Card,Takeaway
2070,TXN_2827994,3.0,5.0,15.0,Cake,2023-12-04,Digital Wallet,In-store
2071,TXN_2828596,2.0,2.0,4.0,Coffee,2023-11-25,Digital Wallet,Takeaway
2072,TXN_2828785,4.0,1.0,4.0,Smoothie,2023-01-24,Digital Wallet,In-store
2073,TXN_2829951,4.0,4.0,16.0,Smoothie,2023-06-28,Credit Card,In-store
2074,TXN_2830671,4.0,1.0,4.0,Sandwich,2023-11-08,Cash,Takeaway
2075,TXN_2831842,3.0,2.0,6.0,Cake,2023-05-20,Cash,Takeaway
2076,TXN_2832660,4.0,2.0,8.0,Smoothie,2023-01-08,Credit Card,In-store
2077,TXN_2832778,3.0,2.0,6.0,Juice,2023-09-27,Credit Card,In-store
2078,TXN_2833327,2.0,3.0,6.0,Coffee,2023-07-05,Cash,Takeaway
2079,TXN_2834323,1.5,1.0,1.5,Tea,2023-05-13,Digital Wallet,Takeaway
2080,TXN_2838588,2.0,2.0,4.0,Coffee,2023-01-28,Digital Wallet,In-store
2081,TXN_2838958,2.0,1.0,2.0,Coffee,2023-03-10,Cash,Takeaway
2082,TXN_2840323,1.5,4.0,6.0,Tea,2023-05-07,Credit Card,In-store
2083,TXN_2840861,1.5,2.0,3.0,Tea,2023-05-31,Digital Wallet,Takeaway
2084,TXN_2841233,1.0,1.0,1.0,Cookie,2023-12-01,Cash,Takeaway
2085,TXN_2842641,3.0,1.0,3.0,Cake,2023-06-11,Cash,In-store
2086,TXN_2844982,1.0,1.0,1.0,Cookie,2023-03-04,Digital Wallet,Takeaway
2087,TXN_2845506,1.5,2.0,3.0,Tea,2023-12-30,Digital Wallet,Takeaway
2088,TXN_2847255,5.0,3.0,15.0,Salad,2023-11-15,Credit Card,In-store
2089,TXN_2847831,2.0,1.0,2.0,Coffee,2023-02-19,Cash,In-store
2090,TXN_2848421,1.0,1.0,1.0,Cookie,2023-08-07,Digital Wallet,In-store
2091,TXN_2848654,4.0,5.0,20.0,Smoothie,2023-03-15,Digital Wallet,In-store
2092,TXN_2849095,2.0,3.0,6.0,Coffee,2023-07-13,Digital Wallet,In-store
2093,TXN_2849719,2.0,5.0,10.0,Coffee,2023-06-23,Digital Wallet,Takeaway
2094,TXN_2851147,5.0,2.0,10.0,Salad,2023-06-24,Digital Wallet,In-store
2095,TXN_2851446,5.0,2.0,10.0,Salad,2023-10-08,Credit Card,Takeaway
2096,TXN_2851804,2.0,3.0,6.0,Coffee,2023-11-30,Digital Wallet,Takeaway
2097,TXN_2853459,1.5,4.0,6.0,Tea,2023-08-14,Cash,In-store
2098,TXN_2855149,4.0,2.0,8.0,Sandwich,2023-07-16,Cash,In-store
2099,TXN_2855581,2.0,4.0,8.0,Coffee,2023-10-23,Credit Card,Takeaway
2100,TXN_2857444,4.0,1.0,4.0,Smoothie,2023-05-10,Cash,Takeaway
2101,TXN_2858441,4.0,2.0,8.0,Sandwich,2023-12-14,Credit Card,In-store
2102,TXN_2858635,4.0,1.0,4.0,Sandwich,2023-09-28,Digital Wallet,In-store
2103,TXN_2859077,4.0,3.0,12.0,Smoothie,2023-01-31,Digital Wallet,Takeaway
2104,TXN_2860281,4.0,4.0,16.0,Smoothie,2023-09-19,Cash,In-store
2105,TXN_2860514,1.0,5.0,5.0,Cookie,2023-09-01,Credit Card,Takeaway
2106,TXN_2861396,5.0,5.0,25.0,Salad,2023-01-04,Credit Card,In-store
2107,TXN_2861912,2.0,3.0,6.0,Coffee,2023-03-25,Digital Wallet,In-store
2108,TXN_2862856,3.0,5.0,15.0,Cake,2023-02-01,Cash,Takeaway
2109,TXN_2864420,4.0,1.0,4.0,Sandwich,2023-07-12,Credit Card,In-store
2110,TXN_2864951,1.5,5.0,7.5,Tea,2023-10-09,Credit Card,Takeaway
2111,TXN_2865033,2.0,2.0,4.0,Coffee,2023-08-03,Cash,Takeaway
2112,TXN_2865104,3.0,5.0,15.0,Cake,2023-03-12,Cash,In-store
2113,TXN_2866147,3.0,2.0,6.0,Juice,2023-08-28,Digital Wallet,Takeaway
2114,TXN_2866587,4.0,3.0,12.0,Sandwich,2023-09-16,Credit Card,In-store
2115,TXN_2866735,1.0,4.0,4.0,Cookie,2023-03-13,Cash,Takeaway
2116,TXN_2867795,1.0,1.0,1.0,Cookie,2023-06-26,Credit Card,Takeaway
2117,TXN_2871592,1.0,4.0,4.0,Cookie,2023-08-07,Cash,In-store
2118,TXN_2873573,2.0,3.0,6.0,Coffee,2023-01-11,Digital Wallet,In-store
2119,TXN_2873990,4.0,2.0,8.0,Sandwich,2023-03-12,Credit Card,In-store
2120,TXN_2875074,3.0,4.0,12.0,Cake,2023-02-06,Credit Card,Takeaway
2121,TXN_2878078,3.0,2.0,6.0,Cake,2023-12-15,Digital Wallet,Takeaway
2122,TXN_2878994,4.0,1.0,4.0,Sandwich,2023-05-19,Credit Card,In-store
2123,TXN_2879092,1.5,3.0,4.5,Tea,2023-05-22,Cash,In-store
2124,TXN_2879361,3.0,3.0,9.0,Juice,2023-11-22,Digital Wallet,Takeaway
2125,TXN_2879543,3.0,5.0,15.0,Juice,2023-03-30,Digital Wallet,In-store
2126,TXN_2879791,4.0,1.0,4.0,Sandwich,2023-07-10,Credit Card,In-store
2127,TXN_2880409,1.5,4.0,6.0,Tea,2023-09-11,Cash,In-store
2128,TXN_2880516,1.5,1.0,1.5,Tea,2023-03-26,Cash,In-store
2129,TXN_2881199,4.0,1.0,4.0,Smoothie,2023-03-05,Digital Wallet,In-store
2130,TXN_2881529,3.0,1.0,3.0,Juice,2023-07-04,Digital Wallet,In-store
2131,TXN_2882571,3.0,1.0,3.0,Cake,2023-05-24,Credit Card,In-store
2132,TXN_2882871,5.0,3.0,15.0,Salad,2023-08-30,Credit Card,Takeaway
2133,TXN_2883054,3.0,4.0,12.0,Cake,2023-11-17,Cash,In-store
2134,TXN_2886223,4.0,5.0,20.0,Sandwich,2023-07-24,Credit Card,In-store
2135,TXN_2886505,1.5,3.0,4.5,Tea,2023-09-05,Digital Wallet,In-store
2136,TXN_2887257,1.0,3.0,3.0,Cookie,2023-08-27,Credit Card,In-store
2137,TXN_2887332,4.0,5.0,20.0,Sandwich,2023-11-16,Credit Card,In-store
2138,TXN_2887411,4.0,2.0,8.0,Smoothie,2023-01-16,Cash,In-store
2139,TXN_2887528,3.0,2.0,6.0,Juice,2023-04-23,Digital Wallet,In-store
2140,TXN_2887971,4.0,2.0,8.0,Smoothie,2023-06-26,Digital Wallet,In-store
2141,TXN_2888655,1.0,4.0,4.0,Cookie,2023-12-17,Digital Wallet,Takeaway
2142,TXN_2889185,4.0,2.0,8.0,Sandwich,2023-10-21,Credit Card,In-store
2143,TXN_2889344,4.0,3.0,12.0,Sandwich,2023-05-21,Credit Card,In-store
2144,TXN_2889622,3.0,4.0,12.0,Juice,2023-11-01,Credit Card,In-store
2145,TXN_2890321,1.5,3.0,4.5,Tea,2023-06-13,Cash,In-store
2146,TXN_2892693,1.0,4.0,4.0,Cookie,2023-03-02,Credit Card,In-store
2147,TXN_2893987,3.0,4.0,12.0,Cake,2023-05-31,Cash,Takeaway
2148,TXN_2894525,3.0,3.0,9.0,Juice,2023-04-16,Digital Wallet,Takeaway
2149,TXN_2894945,2.0,2.0,4.0,Coffee,2023-02-28,Digital Wallet,Takeaway
2150,TXN_2896048,1.5,4.0,6.0,Tea,2023-05-17,Cash,In-store
2151,TXN_2896162,1.0,2.0,2.0,Cookie,2023-05-17,Credit Card,In-store
2152,TXN_2897115,2.0,3.0,6.0,Coffee,2023-06-23,Digital Wallet,In-store
2153,TXN_2897354,3.0,4.0,12.0,Juice,2023-06-22,Digital Wallet,In-store
2154,TXN_2897468,5.0,2.0,10.0,Salad,2023-10-10,Cash,In-store
2155,TXN_2897727,4.0,5.0,20.0,Smoothie,2023-02-15,Credit Card,Takeaway
2156,TXN_2897794,1.0,4.0,4.0,Cookie,2023-01-29,Credit Card,Takeaway
2157,TXN_2898188,5.0,4.0,20.0,Salad,2023-04-26,Digital Wallet,Takeaway
2158,TXN_2898571,4.0,3.0,12.0,Smoothie,2023-05-10,Digital Wallet,In-store
2159,TXN_2899889,5.0,2.0,10.0,Salad,2023-12-09,Cash,In-store
2160,TXN_2901304,1.0,3.0,3.0,Cookie,2023-07-01,Digital Wallet,Takeaway
2161,TXN_2902289,1.5,5.0,7.5,Tea,2023-12-16,Credit Card,In-store
2162,TXN_2903973,3.0,2.0,6.0,Cake,2023-12-26,Credit Card,Takeaway
2163,TXN_2904046,4.0,1.0,4.0,Smoothie,2023-12-11,Credit Card,In-store
2164,TXN_2905118,1.5,5.0,7.5,Tea,2023-03-04,Digital Wallet,Takeaway
2165,TXN_2905218,4.0,5.0,20.0,Smoothie,2023-09-03,Cash,In-store
2166,TXN_2905234,1.0,1.0,1.0,Cookie,2023-09-24,Credit Card,Takeaway
2167,TXN_2906443,3.0,4.0,12.0,Cake,2023-08-14,Cash,Takeaway
2168,TXN_2907979,3.0,3.0,9.0,Juice,2023-06-18,Cash,In-store
2169,TXN_2909634,4.0,1.0,4.0,Smoothie,2023-10-02,Digital Wallet,Takeaway
2170,TXN_2910247,4.0,4.0,16.0,Smoothie,2023-12-02,Digital Wallet,In-store
2171,TXN_2911863,4.0,2.0,8.0,Sandwich,2023-07-09,Credit Card,Takeaway
2172,TXN_2911864,1.0,3.0,3.0,Cookie,2023-03-21,Digital Wallet,Takeaway
2173,TXN_2912934,1.0,5.0,5.0,Cookie,2023-04-01,Credit Card,Takeaway
2174,TXN_2913107,2.0,4.0,8.0,Coffee,2023-05-20,Digital Wallet,In-store
2175,TXN_2914088,5.0,5.0,25.0,Salad,2023-03-22,Cash,In-store
2176,TXN_2914953,3.0,2.0,6.0,Cake,2023-07-25,Cash,In-store
2177,TXN_2915281,1.0,1.0,1.0,Cookie,2023-07-01,Digital Wallet,In-store
2178,TXN_2915287,5.0,1.0,5.0,Salad,2023-01-16,Digital Wallet,Takeaway
2179,TXN_2915856,1.5,1.0,1.5,Tea,2023-06-19,Digital Wallet,In-store
2180,TXN_2916209,3.0,2.0,6.0,Cake,2023-04-15,Cash,In-store
2181,TXN_2916247,5.0,3.0,15.0,Salad,2023-09-03,Cash,In-store
2182,TXN_2916992,5.0,2.0,10.0,Salad,2023-08-20,Cash,Takeaway
2183,TXN_2917072,1.5,3.0,4.5,Tea,2023-01-25,Digital Wallet,Takeaway
2184,TXN_2917211,4.0,5.0,20.0,Smoothie,2023-11-19,Digital Wallet,Takeaway
2185,TXN_2917349,1.5,4.0,6.0,Tea,2023-01-15,Digital Wallet,In-store
2186,TXN_2919225,2.0,4.0,8.0,Coffee,2023-02-14,Credit Card,Takeaway
2187,TXN_2919952,3.0,5.0,15.0,Juice,2023-02-17,Digital Wallet,In-store
2188,TXN_2920551,4.0,4.0,16.0,Sandwich,2023-11-27,Credit Card,Takeaway
2189,TXN_2920578,4.0,4.0,16.0,Smoothie,2023-09-06,Cash,In-store
2190,TXN_2921765,1.5,2.0,3.0,Tea,2023-09-06,Credit Card,Takeaway
2191,TXN_2923987,2.0,4.0,8.0,Coffee,2023-03-28,Cash,Takeaway
2192,TXN_2924262,1.0,5.0,5.0,Cookie,2023-09-01,Digital Wallet,Takeaway
2193,TXN_2924611,3.0,3.0,9.0,Juice,2023-04-19,Cash,In-store
2194,TXN_2925996,3.0,3.0,9.0,Cake,2023-04-11,Cash,Takeaway
2195,TXN_2927909,3.0,4.0,12.0,Cake,2023-10-04,Credit Card,Takeaway
2196,TXN_2927941,4.0,4.0,16.0,Sandwich,2023-08-29,Credit Card,Takeaway
2197,TXN_2928676,1.0,1.0,1.0,Cookie,2023-06-09,Credit Card,Takeaway
2198,TXN_2929426,5.0,5.0,25.0,Salad,2023-01-29,Cash,Takeaway
2199,TXN_2930503,3.0,3.0,9.0,Juice,2023-06-18,Digital Wallet,In-store
2200,TXN_2930752,3.0,2.0,6.0,Cake,2023-03-04,Credit Card,Takeaway
2201,TXN_2930963,4.0,2.0,8.0,Sandwich,2023-02-09,Digital Wallet,In-store
2202,TXN_2931198,3.0,2.0,6.0,Cake,2023-04-21,Credit Card,In-store
2203,TXN_2931403,3.0,2.0,6.0,Juice,2023-05-29,Credit Card,In-store
2204,TXN_2933439,5.0,4.0,20.0,Salad,2023-04-14,Digital Wallet,In-store
2205,TXN_2933739,1.0,1.0,1.0,Cookie,2023-09-15,Digital Wallet,Takeaway
2206,TXN_2935758,4.0,1.0,4.0,Smoothie,2023-09-03,Credit Card,In-store
2207,TXN_2935761,4.0,4.0,16.0,Smoothie,2023-04-01,Digital Wallet,In-store
2208,TXN_2935871,1.0,4.0,4.0,Cookie,2023-07-07,Cash,Takeaway
2209,TXN_2936975,1.5,1.0,1.5,Tea,2023-10-05,Digital Wallet,Takeaway
2210,TXN_2939069,4.0,5.0,20.0,Smoothie,2023-09-06,Credit Card,Takeaway
2211,TXN_2939667,3.0,1.0,3.0,Juice,2023-12-21,Digital Wallet,In-store
2212,TXN_2940613,3.0,4.0,12.0,Juice,2023-06-28,Cash,In-store
2213,TXN_2940895,3.0,4.0,12.0,Cake,2023-02-20,Cash,Takeaway
2214,TXN_2941227,1.0,3.0,3.0,Cookie,2023-08-29,Cash,In-store
2215,TXN_2941800,5.0,5.0,25.0,Salad,2023-04-25,Cash,In-store
2216,TXN_2944325,4.0,4.0,16.0,Sandwich,2023-12-18,Cash,In-store
2217,TXN_2944460,5.0,1.0,5.0,Salad,2023-04-16,Digital Wallet,In-store
2218,TXN_2944518,3.0,3.0,9.0,Juice,2023-09-14,Digital Wallet,Takeaway
2219,TXN_2944717,1.0,2.0,2.0,Cookie,2023-12-11,Cash,Takeaway
2220,TXN_2946829,1.0,2.0,2.0,Cookie,2023-02-08,Digital Wallet,Takeaway
2221,TXN_2946861,3.0,3.0,9.0,Juice,2023-03-28,Digital Wallet,In-store
2222,TXN_2947622,4.0,5.0,20.0,Smoothie,2023-08-06,Digital Wallet,In-store
2223,TXN_2947683,3.0,3.0,9.0,Cake,2023-05-14,Cash,In-store
2224,TXN_2947822,3.0,4.0,12.0,Cake,2023-10-27,Digital Wallet,In-store
2225,TXN_2950265,5.0,3.0,15.0,Salad,2023-08-23,Credit Card,In-store
2226,TXN_2950680,2.0,2.0,4.0,Coffee,2023-12-10,Credit Card,Takeaway
2227,TXN_2951148,4.0,4.0,16.0,Sandwich,2023-02-21,Cash,In-store
2228,TXN_2952715,4.0,3.0,12.0,Smoothie,2023-02-21,Cash,In-store
2229,TXN_2953908,2.0,5.0,10.0,Coffee,2023-10-11,Credit Card,In-store
2230,TXN_2954575,1.5,2.0,3.0,Tea,2023-11-14,Digital Wallet,Takeaway
2231,TXN_2954630,5.0,2.0,10.0,Salad,2023-09-30,Credit Card,In-store
2232,TXN_2954833,2.0,1.0,2.0,Coffee,2023-01-29,Digital Wallet,Takeaway
2233,TXN_2955040,3.0,5.0,15.0,Juice,2023-03-21,Digital Wallet,In-store
2234,TXN_2955691,3.0,1.0,3.0,Cake,2023-04-04,Cash,Takeaway
2235,TXN_2957017,4.0,5.0,20.0,Sandwich,2023-06-13,Cash,In-store
2236,TXN_2958213,1.0,5.0,5.0,Cookie,2023-08-15,Digital Wallet,Takeaway
2237,TXN_2962728,5.0,4.0,20.0,Salad,2023-12-05,Credit Card,In-store
2238,TXN_2962976,3.0,3.0,9.0,Juice,2023-03-17,Digital Wallet,In-store
2239,TXN_2964638,5.0,2.0,10.0,Salad,2023-09-28,Digital Wallet,In-store
2240,TXN_2964794,3.0,2.0,6.0,Cake,2023-03-09,Cash,Takeaway
2241,TXN_2964982,4.0,1.0,4.0,Sandwich,2023-04-15,Digital Wallet,In-store
2242,TXN_2966262,1.5,3.0,4.5,Tea,2023-11-19,Cash,In-store
2243,TXN_2966507,1.0,3.0,3.0,Cookie,2023-04-25,Digital Wallet,In-store
2244,TXN_2968827,5.0,5.0,25.0,Salad,2023-09-14,Digital Wallet,Takeaway
2245,TXN_2970011,2.0,4.0,8.0,Coffee,2023-06-04,Credit Card,Takeaway
2246,TXN_2970600,5.0,1.0,5.0,Salad,2023-08-18,Credit Card,In-store
2247,TXN_2971555,3.0,1.0,3.0,Cake,2023-02-24,Cash,Takeaway
2248,TXN_2972659,1.5,3.0,4.5,Tea,2023-12-16,Digital Wallet,In-store
2249,TXN_2972777,3.0,4.0,12.0,Juice,2023-04-08,Credit Card,In-store
2250,TXN_2975443,5.0,5.0,25.0,Salad,2023-12-31,Cash,Takeaway
2251,TXN_2976052,1.0,5.0,5.0,Cookie,2023-11-01,Digital Wallet,Takeaway
2252,TXN_2977414,3.0,4.0,12.0,Cake,2023-06-09,Cash,Takeaway
2253,TXN_2977905,4.0,3.0,12.0,Smoothie,2023-06-23,Digital Wallet,In-store
2254,TXN_2978326,4.0,3.0,12.0,Smoothie,2023-12-02,Cash,In-store
2255,TXN_2979899,3.0,5.0,15.0,Cake,2023-05-26,Digital Wallet,Takeaway
2256,TXN_2980008,3.0,3.0,9.0,Cake,2023-11-17,Digital Wallet,Takeaway
2257,TXN_2980279,3.0,1.0,3.0,Juice,2023-04-23,Digital Wallet,Takeaway
2258,TXN_2980632,1.0,3.0,3.0,Cookie,2023-01-14,Credit Card,Takeaway
2259,TXN_2981117,3.0,1.0,3.0,Juice,2023-10-02,Digital Wallet,In-store
2260,TXN_2982163,2.0,4.0,8.0,Coffee,2023-03-22,Digital Wallet,Takeaway
2261,TXN_2982995,5.0,1.0,5.0,Salad,2023-04-06,Credit Card,Takeaway
2262,TXN_2985748,2.0,3.0,6.0,Coffee,2023-12-19,Digital Wallet,Takeaway
2263,TXN_2987590,4.0,5.0,20.0,Sandwich,2023-02-17,Credit Card,In-store
2264,TXN_2988434,3.0,1.0,3.0,Juice,2023-12-09,Digital Wallet,In-store
2265,TXN_2989533,5.0,5.0,25.0,Salad,2023-01-30,Cash,Takeaway
2266,TXN_2991726,3.0,5.0,15.0,Juice,2023-09-01,Digital Wallet,In-store
2267,TXN_2991733,1.5,5.0,7.5,Tea,2023-04-13,Credit Card,In-store
2268,TXN_2996519,3.0,5.0,15.0,Cake,2023-01-19,Cash,Takeaway
2269,TXN_2996948,4.0,3.0,12.0,Smoothie,2023-06-25,Digital Wallet,In-store
2270,TXN_2997717,3.0,4.0,12.0,Cake,2023-10-19,Credit Card,Takeaway
2271,TXN_2999220,4.0,4.0,16.0,Smoothie,2023-02-23,Digital Wallet,Takeaway
2272,TXN_3001647,5.0,1.0,5.0,Salad,2023-07-01,Cash,In-store
2273,TXN_3002889,2.0,3.0,6.0,Coffee,2023-10-22,Digital Wallet,Takeaway
2274,TXN_3003311,3.0,5.0,15.0,Cake,2023-08-01,Digital Wallet,In-store
2275,TXN_3003809,2.0,4.0,8.0,Coffee,2023-04-21,Cash,Takeaway
2276,TXN_3003876,1.0,3.0,3.0,Cookie,2023-08-27,Cash,Takeaway
2277,TXN_3003979,1.5,1.0,1.5,Tea,2023-01-08,Digital Wallet,Takeaway
2278,TXN_3007866,3.0,4.0,12.0,Juice,2023-04-14,Credit Card,In-store
2279,TXN_3008336,4.0,5.0,20.0,Sandwich,2023-07-27,Credit Card,In-store
2280,TXN_3009994,1.0,5.0,5.0,Cookie,2023-09-13,Credit Card,In-store
2281,TXN_3010103,4.0,5.0,20.0,Sandwich,2023-02-14,Credit Card,In-store
2282,TXN_3011323,2.0,3.0,6.0,Coffee,2023-03-07,Credit Card,Takeaway
2283,TXN_3014261,5.0,4.0,20.0,Salad,2023-11-29,Cash,In-store
2284,TXN_3014967,5.0,1.0,5.0,Salad,2023-11-29,Cash,In-store
2285,TXN_3016079,4.0,3.0,12.0,Smoothie,2023-09-24,Digital Wallet,Takeaway
2286,TXN_3016203,5.0,1.0,5.0,Salad,2023-06-16,Cash,In-store
2287,TXN_3017494,1.5,1.0,1.5,Tea,2023-11-21,Digital Wallet,Takeaway
2288,TXN_3017917,1.0,3.0,3.0,Cookie,2023-08-31,Credit Card,Takeaway
2289,TXN_3018211,5.0,4.0,20.0,Salad,2023-08-31,Cash,In-store
2290,TXN_3019996,4.0,2.0,8.0,Sandwich,2023-06-27,Cash,In-store
2291,TXN_3020475,5.0,4.0,20.0,Salad,2023-09-13,Cash,Takeaway
2292,TXN_3022839,2.0,5.0,10.0,Coffee,2023-08-25,Digital Wallet,Takeaway
2293,TXN_3023841,1.5,3.0,4.5,Tea,2023-04-29,Digital Wallet,Takeaway
2294,TXN_3024493,4.0,1.0,4.0,Smoothie,2023-04-29,Credit Card,In-store
2295,TXN_3026930,3.0,2.0,6.0,Cake,2023-03-23,Cash,In-store
2296,TXN_3026936,3.0,5.0,15.0,Cake,2023-05-19,Cash,Takeaway
2297,TXN_3027490,1.0,3.0,3.0,Cookie,2023-02-25,Digital Wallet,Takeaway
2298,TXN_3028667,3.0,2.0,6.0,Juice,2023-11-24,Digital Wallet,Takeaway
2299,TXN_3033598,4.0,5.0,20.0,Sandwich,2023-03-12,Cash,Takeaway
2300,TXN_3033987,3.0,4.0,12.0,Cake,2023-03-13,Cash,Takeaway
2301,TXN_3034652,3.0,5.0,15.0,Juice,2023-11-04,Credit Card,In-store
2302,TXN_3038078,1.0,1.0,1.0,Cookie,2023-04-06,Credit Card,Takeaway
2303,TXN_3039985,1.0,5.0,5.0,Cookie,2023-04-08,Digital Wallet,In-store
2304,TXN_3040823,4.0,1.0,4.0,Smoothie,2023-10-06,Digital Wallet,In-store
2305,TXN_3041142,4.0,3.0,12.0,Smoothie,2023-12-22,Digital Wallet,In-store
2306,TXN_3042552,3.0,1.0,3.0,Juice,2023-09-08,Cash,In-store
2307,TXN_3042768,1.0,3.0,3.0,Cookie,2023-09-07,Digital Wallet,Takeaway
2308,TXN_3043371,4.0,1.0,4.0,Smoothie,2023-12-04,Digital Wallet,In-store
2309,TXN_3043982,4.0,5.0,20.0,Sandwich,2023-01-10,Cash,In-store
2310,TXN_3044825,1.5,1.0,1.5,Tea,2023-08-14,Credit Card,In-store
2311,TXN_3045673,4.0,3.0,12.0,Smoothie,2023-06-24,Digital Wallet,In-store
2312,TXN_3046108,1.5,5.0,7.5,Tea,2023-01-15,Digital Wallet,Takeaway
2313,TXN_3046567,5.0,2.0,10.0,Salad,2023-01-07,Credit Card,In-store
2314,TXN_3046572,5.0,4.0,20.0,Salad,2023-05-16,Cash,In-store
2315,TXN_3047598,1.0,1.0,1.0,Cookie,2023-09-06,Digital Wallet,Takeaway
2316,TXN_3048882,3.0,2.0,6.0,Juice,2023-12-30,Cash,Takeaway
2317,TXN_3050797,4.0,3.0,12.0,Sandwich,2023-09-28,Credit Card,In-store
2318,TXN_3051279,4.0,2.0,8.0,Sandwich,2023-09-28,Credit Card,Takeaway
2319,TXN_3051509,1.0,5.0,5.0,Cookie,2023-03-07,Digital Wallet,In-store
2320,TXN_3052584,5.0,1.0,5.0,Salad,2023-01-21,Cash,In-store
2321,TXN_3052953,2.0,5.0,10.0,Coffee,2023-02-28,Digital Wallet,Takeaway
2322,TXN_3053494,3.0,5.0,15.0,Juice,2023-06-11,Digital Wallet,In-store
2323,TXN_3054405,3.0,3.0,9.0,Juice,2023-11-19,Cash,In-store
2324,TXN_3055407,1.5,2.0,3.0,Tea,2023-06-03,Digital Wallet,In-store
2325,TXN_3059966,4.0,1.0,4.0,Smoothie,2023-12-24,Digital Wallet,In-store
2326,TXN_3060152,3.0,5.0,15.0,Juice,2023-02-07,Digital Wallet,In-store
2327,TXN_3060286,1.5,2.0,3.0,Tea,2023-08-10,Cash,Takeaway
2328,TXN_3061266,1.0,4.0,4.0,Cookie,2023-12-06,Credit Card,In-store
2329,TXN_3061405,4.0,5.0,20.0,Smoothie,2023-12-01,Digital Wallet,Takeaway
2330,TXN_3061498,5.0,5.0,25.0,Salad,2023-11-14,Cash,In-store
2331,TXN_3061634,2.0,1.0,2.0,Coffee,2023-03-17,Digital Wallet,Takeaway
2332,TXN_3064922,5.0,2.0,10.0,Salad,2023-11-12,Cash,In-store
2333,TXN_3067195,5.0,3.0,15.0,Salad,2023-12-03,Cash,In-store
2334,TXN_3067609,5.0,4.0,20.0,Salad,2023-12-25,Cash,In-store
2335,TXN_3067854,3.0,1.0,3.0,Cake,2023-07-08,Credit Card,Takeaway
2336,TXN_3068204,1.0,1.0,1.0,Cookie,2023-10-03,Credit Card,Takeaway
2337,TXN_3069563,4.0,2.0,8.0,Sandwich,2023-04-25,Cash,In-store
2338,TXN_3071092,2.0,2.0,4.0,Coffee,2023-09-08,Digital Wallet,Takeaway
2339,TXN_3071617,1.0,4.0,4.0,Cookie,2023-12-15,Credit Card,Takeaway
2340,TXN_3072565,3.0,3.0,9.0,Juice,2023-07-09,Credit Card,In-store
2341,TXN_3075169,4.0,2.0,8.0,Sandwich,2023-06-25,Credit Card,In-store
2342,TXN_3081950,1.0,1.0,1.0,Cookie,2023-05-01,Digital Wallet,Takeaway
2343,TXN_3082888,1.5,1.0,1.5,Tea,2023-09-20,Cash,In-store
2344,TXN_3083412,2.0,5.0,10.0,Coffee,2023-09-20,Credit Card,In-store
2345,TXN_3085509,2.0,4.0,8.0,Coffee,2023-04-15,Digital Wallet,In-store
2346,TXN_3085628,5.0,1.0,5.0,Salad,2023-08-26,Cash,In-store
2347,TXN_3086676,3.0,2.0,6.0,Cake,2023-07-21,Cash,Takeaway
2348,TXN_3087096,1.5,3.0,4.5,Tea,2023-08-19,Cash,In-store
2349,TXN_3088330,1.5,5.0,7.5,Tea,2023-12-08,Digital Wallet,In-store
2350,TXN_3088796,4.0,4.0,16.0,Sandwich,2023-08-16,Credit Card,In-store
2351,TXN_3089814,3.0,5.0,15.0,Cake,2023-03-25,Digital Wallet,Takeaway
2352,TXN_3091574,1.0,5.0,5.0,Cookie,2023-07-29,Digital Wallet,In-store
2353,TXN_3091582,4.0,5.0,20.0,Sandwich,2023-11-28,Credit Card,In-store
2354,TXN_3092382,2.0,5.0,10.0,Coffee,2023-02-21,Digital Wallet,Takeaway
2355,TXN_3092390,4.0,3.0,12.0,Sandwich,2023-07-24,Credit Card,In-store
2356,TXN_3093219,3.0,5.0,15.0,Juice,2023-01-28,Cash,In-store
2357,TXN_3093284,2.0,4.0,8.0,Coffee,2023-01-01,Digital Wallet,In-store
2358,TXN_3094597,4.0,4.0,16.0,Sandwich,2023-03-11,Credit Card,In-store
2359,TXN_3094786,4.0,4.0,16.0,Sandwich,2023-01-16,Credit Card,Takeaway
2360,TXN_3097593,4.0,2.0,8.0,Smoothie,2023-06-18,Credit Card,In-store
2361,TXN_3098503,5.0,1.0,5.0,Salad,2023-05-31,Credit Card,Takeaway
2362,TXN_3099191,5.0,2.0,10.0,Salad,2023-05-19,Cash,In-store
2363,TXN_3099819,2.0,4.0,8.0,Coffee,2023-05-19,Digital Wallet,Takeaway
2364,TXN_3100053,3.0,3.0,9.0,Cake,2023-12-19,Cash,In-store
2365,TXN_3101575,2.0,2.0,4.0,Coffee,2023-12-03,Digital Wallet,Takeaway
2366,TXN_3101697,5.0,3.0,15.0,Salad,2023-05-29,Cash,In-store
2367,TXN_3103520,3.0,3.0,9.0,Cake,2023-09-04,Cash,Takeaway
2368,TXN_3103967,3.0,2.0,6.0,Juice,2023-11-12,Credit Card,In-store
2369,TXN_3103972,3.0,1.0,3.0,Cake,2023-03-01,Cash,Takeaway
2370,TXN_3104589,1.0,2.0,2.0,Cookie,2023-03-01,Cash,Takeaway
2371,TXN_3104867,3.0,3.0,9.0,Juice,2023-03-28,Digital Wallet,In-store
2372,TXN_3105263,4.0,4.0,16.0,Sandwich,2023-11-25,Credit Card,Takeaway
2373,TXN_3105489,3.0,3.0,9.0,Cake,2023-03-14,Digital Wallet,In-store
2374,TXN_3105633,2.0,1.0,2.0,Coffee,2023-03-30,Digital Wallet,In-store
2375,TXN_3105786,4.0,3.0,12.0,Smoothie,2023-10-04,Digital Wallet,In-store
2376,TXN_3106215,4.0,3.0,12.0,Smoothie,2023-04-15,Digital Wallet,Takeaway
2377,TXN_3106348,5.0,4.0,20.0,Salad,2023-01-10,Digital Wallet,In-store
2378,TXN_3106811,3.0,3.0,9.0,Juice,2023-09-27,Cash,Takeaway
2379,TXN_3107619,1.0,2.0,2.0,Cookie,2023-05-31,Digital Wallet,Takeaway
2380,TXN_3109057,1.5,4.0,6.0,Tea,2023-11-26,Cash,In-store
2381,TXN_3109161,4.0,3.0,12.0,Sandwich,2023-09-11,Digital Wallet,In-store
2382,TXN_3109334,4.0,3.0,12.0,Smoothie,2023-04-06,Digital Wallet,In-store
2383,TXN_3109692,3.0,4.0,12.0,Juice,2023-06-21,Credit Card,In-store
2384,TXN_3110245,3.0,5.0,15.0,Cake,2023-04-21,Cash,Takeaway
2385,TXN_3110343,1.5,5.0,7.5,Tea,2023-06-24,Digital Wallet,Takeaway
2386,TXN_3112013,4.0,5.0,20.0,Sandwich,2023-01-06,Cash,In-store
2387,TXN_3112175,2.0,4.0,8.0,Coffee,2023-03-16,Cash,Takeaway
2388,TXN_3113428,3.0,2.0,6.0,Juice,2023-10-30,Cash,In-store
2389,TXN_3113823,5.0,5.0,25.0,Salad,2023-03-01,Digital Wallet,In-store
2390,TXN_3114654,3.0,3.0,9.0,Juice,2023-12-01,Digital Wallet,In-store
2391,TXN_3115258,5.0,1.0,5.0,Salad,2023-12-06,Cash,Takeaway
2392,TXN_3116227,3.0,1.0,3.0,Cake,2023-05-30,Digital Wallet,Takeaway
2393,TXN_3116803,2.0,1.0,2.0,Coffee,2023-09-10,Credit Card,In-store
2394,TXN_3119542,4.0,1.0,4.0,Smoothie,2023-10-31,Credit Card,In-store
2395,TXN_3119835,1.5,2.0,3.0,Tea,2023-03-01,Digital Wallet,In-store
2396,TXN_3120023,1.0,3.0,3.0,Cookie,2023-09-30,Cash,In-store
2397,TXN_3120637,4.0,3.0,12.0,Sandwich,2023-08-11,Credit Card,Takeaway
2398,TXN_3120848,1.0,1.0,1.0,Cookie,2023-11-01,Cash,In-store
2399,TXN_3121271,4.0,2.0,8.0,Smoothie,2023-08-13,Credit Card,In-store
2400,TXN_3121360,3.0,3.0,9.0,Cake,2023-01-21,Digital Wallet,Takeaway
2401,TXN_3121483,5.0,2.0,10.0,Salad,2023-01-06,Cash,Takeaway
2402,TXN_3124078,3.0,4.0,12.0,Cake,2023-08-06,Cash,In-store
2403,TXN_3125699,3.0,1.0,3.0,Juice,2023-02-05,Credit Card,Takeaway
2404,TXN_3125997,3.0,4.0,12.0,Juice,2023-10-19,Digital Wallet,In-store
2405,TXN_3129441,3.0,3.0,9.0,Juice,2023-05-31,Credit Card,In-store
2406,TXN_3130302,4.0,3.0,12.0,Smoothie,2023-05-31,Credit Card,In-store
2407,TXN_3130548,1.0,4.0,4.0,Cookie,2023-08-21,Digital Wallet,Takeaway
2408,TXN_3130865,3.0,3.0,9.0,Juice,2023-08-21,Digital Wallet,In-store
2409,TXN_3131168,4.0,3.0,12.0,Sandwich,2023-03-24,Cash,In-store
2410,TXN_3131555,4.0,2.0,8.0,Sandwich,2023-12-04,Cash,Takeaway
2411,TXN_3131761,4.0,1.0,4.0,Smoothie,2023-10-18,Digital Wallet,Takeaway
2412,TXN_3132304,4.0,1.0,4.0,Sandwich,2023-01-21,Credit Card,In-store
2413,TXN_3132488,4.0,4.0,16.0,Sandwich,2023-09-12,Credit Card,Takeaway
2414,TXN_3132921,1.5,5.0,7.5,Tea,2023-01-10,Credit Card,In-store
2415,TXN_3134595,3.0,3.0,9.0,Juice,2023-02-25,Credit Card,Takeaway
2416,TXN_3135048,5.0,1.0,5.0,Salad,2023-02-03,Credit Card,Takeaway
2417,TXN_3135132,4.0,4.0,16.0,Sandwich,2023-02-03,Credit Card,Takeaway
2418,TXN_3135264,3.0,2.0,6.0,Juice,2023-08-25,Digital Wallet,In-store
2419,TXN_3136657,3.0,2.0,6.0,Cake,2023-09-21,Cash,In-store
2420,TXN_3136701,4.0,2.0,8.0,Sandwich,2023-12-18,Credit Card,In-store
2421,TXN_3140020,3.0,5.0,15.0,Juice,2023-06-19,Digital Wallet,In-store
2422,TXN_3140950,3.0,5.0,15.0,Juice,2023-06-19,Credit Card,In-store
2423,TXN_3142258,5.0,4.0,20.0,Salad,2023-11-03,Cash,Takeaway
2424,TXN_3142496,4.0,1.0,4.0,Smoothie,2023-07-27,Cash,Takeaway
2425,TXN_3142836,3.0,2.0,6.0,Cake,2023-11-01,Cash,Takeaway
2426,TXN_3145041,1.5,5.0,7.5,Tea,2023-09-23,Digital Wallet,In-store
2427,TXN_3145515,4.0,4.0,16.0,Smoothie,2023-03-31,Cash,In-store
2428,TXN_3147198,4.0,2.0,8.0,Smoothie,2023-02-04,Digital Wallet,In-store
2429,TXN_3147874,1.0,1.0,1.0,Cookie,2023-02-04,Digital Wallet,Takeaway
2430,TXN_3150614,4.0,1.0,4.0,Sandwich,2023-08-06,Cash,Takeaway
2431,TXN_3150792,2.0,5.0,10.0,Coffee,2023-07-02,Cash,Takeaway
2432,TXN_3152531,2.0,3.0,6.0,Coffee,2023-11-24,Credit Card,Takeaway
2433,TXN_3157867,5.0,2.0,10.0,Salad,2023-11-02,Cash,Takeaway
2434,TXN_3158921,4.0,1.0,4.0,Sandwich,2023-04-16,Digital Wallet,In-store
2435,TXN_3160090,5.0,1.0,5.0,Salad,2023-07-23,Cash,Takeaway
2436,TXN_3160411,2.0,2.0,4.0,Coffee,2023-06-11,Digital Wallet,In-store
2437,TXN_3162244,4.0,5.0,20.0,Sandwich,2023-12-15,Digital Wallet,In-store
2438,TXN_3163383,1.5,2.0,3.0,Tea,2023-10-24,Digital Wallet,In-store
2439,TXN_3163567,5.0,2.0,10.0,Salad,2023-06-01,Digital Wallet,Takeaway
2440,TXN_3163681,4.0,2.0,8.0,Sandwich,2023-05-11,Credit Card,In-store
2441,TXN_3164212,4.0,4.0,16.0,Smoothie,2023-11-14,Digital Wallet,In-store
2442,TXN_3165950,2.0,1.0,2.0,Coffee,2023-11-14,Digital Wallet,Takeaway
2443,TXN_3166181,1.0,3.0,3.0,Cookie,2023-05-21,Credit Card,In-store
2444,TXN_3171150,3.0,1.0,3.0,Juice,2023-02-06,Digital Wallet,In-store
2445,TXN_3171373,4.0,3.0,12.0,Smoothie,2023-05-10,Credit Card,In-store
2446,TXN_3171673,4.0,2.0,8.0,Smoothie,2023-12-07,Digital Wallet,Takeaway
2447,TXN_3172090,3.0,1.0,3.0,Juice,2023-05-09,Credit Card,In-store
2448,TXN_3172621,4.0,4.0,16.0,Sandwich,2023-10-15,Credit Card,Takeaway
2449,TXN_3172751,3.0,5.0,15.0,Juice,2023-10-15,Credit Card,In-store
2450,TXN_3173923,1.0,2.0,2.0,Cookie,2023-06-29,Digital Wallet,Takeaway
2451,TXN_3174336,1.0,1.0,1.0,Cookie,2023-07-17,Digital Wallet,Takeaway
2452,TXN_3174488,1.0,4.0,4.0,Cookie,2023-06-28,Cash,Takeaway
2453,TXN_3175177,3.0,3.0,9.0,Juice,2023-10-24,Credit Card,In-store
2454,TXN_3177517,1.5,1.0,1.5,Tea,2023-02-22,Credit Card,In-store
2455,TXN_3179966,1.5,2.0,3.0,Tea,2023-05-27,Digital Wallet,In-store
2456,TXN_3182191,3.0,5.0,15.0,Cake,2023-07-21,Digital Wallet,Takeaway
2457,TXN_3182547,3.0,3.0,9.0,Juice,2023-07-28,Digital Wallet,Takeaway
2458,TXN_3183527,2.0,3.0,6.0,Coffee,2023-10-26,Digital Wallet,Takeaway
2459,TXN_3185667,1.5,5.0,7.5,Tea,2023-12-26,Digital Wallet,In-store
2460,TXN_3185929,5.0,3.0,15.0,Salad,2023-07-27,Cash,Takeaway
2461,TXN_3186333,1.0,5.0,5.0,Cookie,2023-08-19,Cash,In-store
2462,TXN_3187634,2.0,5.0,10.0,Coffee,2023-09-01,Digital Wallet,Takeaway
2463,TXN_3189677,4.0,1.0,4.0,Smoothie,2023-01-11,Digital Wallet,In-store
2464,TXN_3190538,2.0,2.0,4.0,Coffee,2023-06-03,Digital Wallet,Takeaway
2465,TXN_3190959,1.5,2.0,3.0,Tea,2023-12-16,Credit Card,Takeaway
2466,TXN_3193212,3.0,1.0,3.0,Cake,2023-11-23,Cash,In-store
2467,TXN_3193321,4.0,3.0,12.0,Smoothie,2023-08-15,Digital Wallet,Takeaway
2468,TXN_3195132,5.0,4.0,20.0,Salad,2023-08-26,Credit Card,In-store
2469,TXN_3195257,5.0,1.0,5.0,Salad,2023-10-09,Cash,In-store
2470,TXN_3196388,5.0,3.0,15.0,Salad,2023-03-04,Cash,In-store
2471,TXN_3197621,4.0,5.0,20.0,Sandwich,2023-02-10,Credit Card,In-store
2472,TXN_3197752,4.0,2.0,8.0,Smoothie,2023-03-10,Digital Wallet,In-store
2473,TXN_3200195,3.0,3.0,9.0,Juice,2023-05-04,Digital Wallet,In-store
2474,TXN_3200203,4.0,2.0,8.0,Sandwich,2023-12-04,Credit Card,In-store
2475,TXN_3200434,3.0,4.0,12.0,Cake,2023-02-18,Cash,Takeaway
2476,TXN_3201783,3.0,3.0,9.0,Juice,2023-12-03,Digital Wallet,In-store
2477,TXN_3202346,5.0,2.0,10.0,Salad,2023-11-19,Cash,In-store
2478,TXN_3203928,2.0,3.0,6.0,Coffee,2023-12-04,Digital Wallet,In-store
2479,TXN_3205009,1.5,2.0,3.0,Tea,2023-01-03,Cash,In-store
2480,TXN_3205079,3.0,5.0,15.0,Cake,2023-11-07,Credit Card,Takeaway
2481,TXN_3205813,3.0,3.0,9.0,Juice,2023-04-25,Cash,In-store
2482,TXN_3206049,2.0,4.0,8.0,Coffee,2023-03-27,Digital Wallet,Takeaway
2483,TXN_3206293,1.0,5.0,5.0,Cookie,2023-05-04,Digital Wallet,Takeaway
2484,TXN_3206842,5.0,4.0,20.0,Salad,2023-04-30,Cash,In-store
2485,TXN_3206876,5.0,4.0,20.0,Salad,2023-11-07,Cash,In-store
2486,TXN_3207254,3.0,1.0,3.0,Cake,2023-04-25,Cash,Takeaway
2487,TXN_3209025,5.0,2.0,10.0,Salad,2023-10-12,Cash,In-store
2488,TXN_3209184,5.0,4.0,20.0,Salad,2023-03-19,Cash,Takeaway
2489,TXN_3210288,5.0,3.0,15.0,Salad,2023-04-30,Cash,Takeaway
2490,TXN_3212317,5.0,5.0,25.0,Salad,2023-05-25,Cash,Takeaway
2491,TXN_3212505,4.0,3.0,12.0,Sandwich,2023-07-15,Credit Card,In-store
2492,TXN_3213035,4.0,4.0,16.0,Smoothie,2023-05-21,Digital Wallet,In-store
2493,TXN_3214521,1.5,4.0,6.0,Tea,2023-06-30,Digital Wallet,In-store
2494,TXN_3215610,3.0,2.0,6.0,Juice,2023-06-14,Digital Wallet,Takeaway
2495,TXN_3216618,5.0,4.0,20.0,Salad,2023-12-30,Credit Card,In-store
2496,TXN_3218971,4.0,5.0,20.0,Sandwich,2023-06-13,Credit Card,In-store
2497,TXN_3219175,4.0,5.0,20.0,Sandwich,2023-02-23,Credit Card,In-store
2498,TXN_3219263,4.0,5.0,20.0,Smoothie,2023-03-31,Digital Wallet,Takeaway
2499,TXN_3219378,5.0,3.0,15.0,Salad,2023-12-04,Digital Wallet,In-store
2500,TXN_3219599,3.0,2.0,6.0,Juice,2023-08-22,Digital Wallet,In-store
2501,TXN_3221795,4.0,5.0,20.0,Sandwich,2023-10-01,Cash,In-store
2502,TXN_3222612,3.0,3.0,9.0,Juice,2023-01-25,Cash,Takeaway
2503,TXN_3222677,4.0,1.0,4.0,Sandwich,2023-12-16,Digital Wallet,Takeaway
2504,TXN_3223187,2.0,2.0,4.0,Coffee,2023-08-21,Credit Card,Takeaway
2505,TXN_3224156,1.0,1.0,1.0,Cookie,2023-03-16,Credit Card,In-store
2506,TXN_3224397,1.0,4.0,4.0,Cookie,2023-05-15,Digital Wallet,Takeaway
2507,TXN_3224756,3.0,2.0,6.0,Cake,2023-11-20,Credit Card,Takeaway
2508,TXN_3224921,4.0,5.0,20.0,Sandwich,2023-04-06,Credit Card,In-store
2509,TXN_3225132,4.0,3.0,12.0,Sandwich,2023-06-26,Credit Card,In-store
2510,TXN_3225552,5.0,1.0,5.0,Salad,2023-05-16,Cash,In-store
2511,TXN_3226832,4.0,5.0,20.0,Sandwich,2023-09-04,Cash,In-store
2512,TXN_3226989,5.0,1.0,5.0,Salad,2023-04-17,Credit Card,Takeaway
2513,TXN_3227186,5.0,2.0,10.0,Salad,2023-05-05,Digital Wallet,In-store
2514,TXN_3227673,1.0,1.0,1.0,Cookie,2023-10-13,Cash,Takeaway
2515,TXN_3228558,4.0,2.0,8.0,Sandwich,2023-12-13,Credit Card,In-store
2516,TXN_3228646,1.0,5.0,5.0,Cookie,2023-09-19,Credit Card,Takeaway
2517,TXN_3228823,1.5,5.0,7.5,Tea,2023-01-06,Digital Wallet,In-store
2518,TXN_3229409,3.0,3.0,9.0,Juice,2023-04-15,Cash,Takeaway
2519,TXN_3229758,2.0,4.0,8.0,Coffee,2023-04-15,Cash,Takeaway
2520,TXN_3232043,1.5,2.0,3.0,Tea,2023-07-05,Digital Wallet,In-store
2521,TXN_3232227,1.0,4.0,4.0,Cookie,2023-03-30,Digital Wallet,Takeaway
2522,TXN_3232279,4.0,4.0,16.0,Sandwich,2023-05-30,Credit Card,Takeaway
2523,TXN_3233211,1.5,2.0,3.0,Tea,2023-06-07,Digital Wallet,Takeaway
2524,TXN_3233221,3.0,5.0,15.0,Cake,2023-06-15,Cash,Takeaway
2525,TXN_3234146,3.0,1.0,3.0,Juice,2023-11-14,Digital Wallet,Takeaway
2526,TXN_3234877,2.0,4.0,8.0,Coffee,2023-07-29,Cash,Takeaway
2527,TXN_3237919,4.0,1.0,4.0,Sandwich,2023-02-04,Credit Card,In-store
2528,TXN_3238759,4.0,5.0,20.0,Sandwich,2023-07-20,Digital Wallet,In-store
2529,TXN_3240077,4.0,4.0,16.0,Sandwich,2023-12-14,Cash,In-store
2530,TXN_3241422,5.0,2.0,10.0,Salad,2023-07-17,Cash,Takeaway
2531,TXN_3241510,1.5,5.0,7.5,Tea,2023-10-05,Credit Card,In-store
2532,TXN_3243410,1.5,2.0,3.0,Tea,2023-10-30,Digital Wallet,In-store
2533,TXN_3243832,3.0,2.0,6.0,Cake,2023-08-10,Cash,Takeaway
2534,TXN_3244935,5.0,5.0,25.0,Salad,2023-11-24,Cash,Takeaway
2535,TXN_3247340,1.5,3.0,4.5,Tea,2023-12-25,Cash,Takeaway
2536,TXN_3251340,5.0,4.0,20.0,Salad,2023-06-18,Cash,In-store
2537,TXN_3251591,4.0,3.0,12.0,Sandwich,2023-01-26,Credit Card,Takeaway
2538,TXN_3251829,1.5,3.0,9.0,Tea,2023-07-25,Digital Wallet,In-store
2539,TXN_3252542,4.0,5.0,20.0,Sandwich,2023-09-22,Digital Wallet,In-store
2540,TXN_3255254,3.0,4.0,12.0,Juice,2023-03-23,Cash,In-store
2541,TXN_3256497,2.0,2.0,4.0,Coffee,2023-08-20,Cash,Takeaway
2542,TXN_3257591,4.0,1.0,4.0,Sandwich,2023-08-20,Credit Card,In-store
2543,TXN_3260087,5.0,5.0,25.0,Salad,2023-04-20,Cash,In-store
2544,TXN_3263746,2.0,1.0,2.0,Coffee,2023-11-14,Cash,Takeaway
2545,TXN_3265085,1.0,5.0,5.0,Cookie,2023-09-05,Digital Wallet,In-store
2546,TXN_3265596,1.5,1.0,1.5,Tea,2023-12-28,Cash,In-store
2547,TXN_3267393,4.0,2.0,8.0,Sandwich,2023-02-24,Credit Card,In-store
2548,TXN_3267783,3.0,3.0,9.0,Cake,2023-10-30,Cash,In-store
2549,TXN_3269434,3.0,1.0,3.0,Juice,2023-02-01,Cash,In-store
2550,TXN_3270584,3.0,3.0,9.0,Cake,2023-01-10,Credit Card,Takeaway
2551,TXN_3271393,4.0,4.0,16.0,Smoothie,2023-01-10,Cash,In-store
2552,TXN_3272613,1.0,2.0,2.0,Cookie,2023-03-30,Cash,Takeaway
2553,TXN_3272946,5.0,3.0,15.0,Salad,2023-09-06,Credit Card,In-store
2554,TXN_3273540,3.0,1.0,3.0,Juice,2023-08-21,Credit Card,In-store
2555,TXN_3274105,1.0,5.0,5.0,Cookie,2023-07-28,Credit Card,Takeaway
2556,TXN_3274591,3.0,5.0,15.0,Juice,2023-04-09,Digital Wallet,Takeaway
2557,TXN_3275800,2.0,3.0,6.0,Coffee,2023-05-27,Digital Wallet,Takeaway
2558,TXN_3277379,5.0,2.0,10.0,Salad,2023-01-06,Credit Card,Takeaway
2559,TXN_3277936,1.5,2.0,3.0,Tea,2023-06-21,Digital Wallet,Takeaway
2560,TXN_3279039,3.0,4.0,12.0,Cake,2023-06-26,Credit Card,In-store
2561,TXN_3281605,1.5,1.0,1.5,Tea,2023-07-27,Digital Wallet,Takeaway
2562,TXN_3282436,5.0,5.0,25.0,Salad,2023-12-14,Credit Card,In-store
2563,TXN_3282601,3.0,2.0,6.0,Juice,2023-02-03,Digital Wallet,In-store
2564,TXN_3283097,2.0,5.0,10.0,Coffee,2023-02-28,Cash,Takeaway
2565,TXN_3283631,4.0,2.0,8.0,Sandwich,2023-03-15,Credit Card,In-store
2566,TXN_3284157,1.5,4.0,6.0,Tea,2023-05-17,Digital Wallet,In-store
2567,TXN_3286168,4.0,5.0,20.0,Smoothie,2023-06-25,Digital Wallet,In-store
2568,TXN_3286932,1.0,1.0,1.0,Cookie,2023-07-11,Digital Wallet,Takeaway
2569,TXN_3287282,1.5,2.0,3.0,Tea,2023-09-23,Digital Wallet,Takeaway
2570,TXN_3288233,3.0,5.0,15.0,Juice,2023-12-24,Cash,In-store
2571,TXN_3290872,3.0,2.0,6.0,Cake,2023-06-13,Credit Card,In-store
2572,TXN_3291149,2.0,5.0,10.0,Coffee,2023-12-09,Digital Wallet,Takeaway
2573,TXN_3291900,4.0,4.0,16.0,Smoothie,2023-05-04,Cash,Takeaway
2574,TXN_3291988,3.0,2.0,6.0,Juice,2023-07-03,Credit Card,In-store
2575,TXN_3292043,1.0,5.0,5.0,Cookie,2023-07-03,Digital Wallet,Takeaway
2576,TXN_3295247,2.0,5.0,10.0,Coffee,2023-08-25,Digital Wallet,Takeaway
2577,TXN_3295578,3.0,1.0,3.0,Juice,2023-05-04,Digital Wallet,In-store
2578,TXN_3296152,5.0,3.0,15.0,Salad,2023-10-20,Credit Card,In-store
2579,TXN_3297457,3.0,2.0,6.0,Cake,2023-01-03,Cash,Takeaway
2580,TXN_3299535,2.0,3.0,6.0,Coffee,2023-11-16,Digital Wallet,Takeaway
2581,TXN_3300171,1.0,5.0,5.0,Cookie,2023-02-14,Credit Card,In-store
2582,TXN_3301517,5.0,5.0,25.0,Salad,2023-04-13,Credit Card,In-store
2583,TXN_3303114,5.0,4.0,20.0,Salad,2023-06-18,Credit Card,In-store
2584,TXN_3303518,3.0,4.0,12.0,Juice,2023-06-30,Digital Wallet,In-store
2585,TXN_3305132,3.0,4.0,12.0,Cake,2023-01-30,Credit Card,Takeaway
2586,TXN_3307518,3.0,5.0,15.0,Juice,2023-01-30,Cash,Takeaway
2587,TXN_3308378,1.0,4.0,4.0,Cookie,2023-04-28,Digital Wallet,Takeaway
2588,TXN_3311860,3.0,1.0,3.0,Juice,2023-11-21,Digital Wallet,In-store
2589,TXN_3312002,4.0,4.0,16.0,Smoothie,2023-04-30,Digital Wallet,In-store
2590,TXN_3312088,3.0,1.0,3.0,Cake,2023-08-17,Digital Wallet,Takeaway
2591,TXN_3312574,1.0,2.0,2.0,Cookie,2023-11-03,Digital Wallet,Takeaway
2592,TXN_3312653,1.0,5.0,5.0,Cookie,2023-12-09,Cash,Takeaway
2593,TXN_3312690,1.0,3.0,3.0,Cookie,2023-03-01,Credit Card,In-store
2594,TXN_3313000,2.0,5.0,10.0,Coffee,2023-01-08,Credit Card,In-store
2595,TXN_3313534,1.0,2.0,2.0,Cookie,2023-01-05,Digital Wallet,In-store
2596,TXN_3314971,3.0,3.0,9.0,Juice,2023-05-04,Digital Wallet,In-store
2597,TXN_3315026,3.0,5.0,15.0,Juice,2023-11-06,Cash,In-store
2598,TXN_3315467,4.0,2.0,8.0,Sandwich,2023-11-17,Digital Wallet,Takeaway
2599,TXN_3317406,4.0,3.0,12.0,Sandwich,2023-01-04,Credit Card,Takeaway
2600,TXN_3317649,4.0,3.0,12.0,Sandwich,2023-11-06,Credit Card,Takeaway
2601,TXN_3321395,1.5,1.0,1.5,Tea,2023-07-08,Digital Wallet,Takeaway
2602,TXN_3321611,4.0,3.0,12.0,Sandwich,2023-09-09,Credit Card,Takeaway
2603,TXN_3324387,4.0,1.0,4.0,Sandwich,2023-12-13,Credit Card,In-store
2604,TXN_3325234,1.5,1.0,1.5,Tea,2023-08-26,Digital Wallet,In-store
2605,TXN_3326110,2.0,2.0,4.0,Coffee,2023-08-13,Credit Card,Takeaway
2606,TXN_3326626,3.0,2.0,6.0,Cake,2023-09-26,Cash,Takeaway
2607,TXN_3327212,1.5,2.0,3.0,Tea,2023-12-20,Credit Card,In-store
2608,TXN_3328393,3.0,3.0,9.0,Juice,2023-04-16,Digital Wallet,In-store
2609,TXN_3330279,3.0,1.0,3.0,Cake,2023-11-13,Credit Card,Takeaway
2610,TXN_3330377,2.0,5.0,10.0,Coffee,2023-05-08,Digital Wallet,Takeaway
2611,TXN_3330687,3.0,5.0,15.0,Cake,2023-12-26,Cash,In-store
2612,TXN_3331437,2.0,1.0,2.0,Coffee,2023-02-26,Cash,Takeaway
2613,TXN_3332915,1.0,2.0,2.0,Cookie,2023-01-19,Digital Wallet,Takeaway
2614,TXN_3334257,4.0,2.0,8.0,Sandwich,2023-06-10,Cash,In-store
2615,TXN_3334632,2.0,1.0,2.0,Coffee,2023-11-20,Credit Card,Takeaway
2616,TXN_3336502,4.0,3.0,12.0,Sandwich,2023-05-04,Credit Card,In-store
2617,TXN_3337203,4.0,3.0,12.0,Smoothie,2023-11-16,Digital Wallet,Takeaway
2618,TXN_3338458,3.0,5.0,15.0,Cake,2023-10-27,Cash,Takeaway
2619,TXN_3339728,3.0,5.0,15.0,Juice,2023-05-13,Digital Wallet,In-store
2620,TXN_3340550,3.0,2.0,6.0,Juice,2023-05-02,Digital Wallet,In-store
2621,TXN_3341779,1.5,3.0,4.5,Tea,2023-07-30,Cash,Takeaway
2622,TXN_3342106,4.0,1.0,4.0,Sandwich,2023-01-14,Credit Card,In-store
2623,TXN_3343585,3.0,1.0,3.0,Cake,2023-09-17,Cash,In-store
2624,TXN_3344089,4.0,4.0,16.0,Sandwich,2023-08-10,Cash,In-store
2625,TXN_3345675,1.0,4.0,4.0,Cookie,2023-09-23,Digital Wallet,Takeaway
2626,TXN_3346749,1.5,2.0,3.0,Tea,2023-05-06,Digital Wallet,In-store
2627,TXN_3349404,2.0,3.0,6.0,Coffee,2023-01-31,Digital Wallet,Takeaway
2628,TXN_3352028,1.0,4.0,4.0,Cookie,2023-08-26,Credit Card,In-store
2629,TXN_3352256,4.0,2.0,8.0,Sandwich,2023-09-08,Credit Card,Takeaway
2630,TXN_3353214,4.0,5.0,20.0,Smoothie,2023-08-12,Credit Card,In-store
2631,TXN_3353615,2.0,4.0,8.0,Coffee,2023-07-24,Credit Card,Takeaway
2632,TXN_3355537,1.5,3.0,4.5,Tea,2023-01-09,Digital Wallet,In-store
2633,TXN_3357336,3.0,4.0,12.0,Cake,2023-02-20,Cash,In-store
2634,TXN_3358494,2.0,5.0,10.0,Coffee,2023-06-22,Digital Wallet,Takeaway
2635,TXN_3358787,3.0,1.0,3.0,Cake,2023-06-10,Digital Wallet,Takeaway
2636,TXN_3359704,5.0,3.0,15.0,Salad,2023-07-23,Digital Wallet,In-store
2637,TXN_3359911,1.0,4.0,4.0,Cookie,2023-06-18,Digital Wallet,In-store
2638,TXN_3360401,1.5,2.0,3.0,Tea,2023-02-05,Digital Wallet,Takeaway
2639,TXN_3360649,1.0,2.0,2.0,Cookie,2023-09-10,Digital Wallet,Takeaway
2640,TXN_3363746,4.0,3.0,12.0,Smoothie,2023-11-25,Credit Card,In-store
2641,TXN_3363831,3.0,3.0,9.0,Juice,2023-05-10,Digital Wallet,In-store
2642,TXN_3364751,2.0,2.0,4.0,Coffee,2023-04-12,Digital Wallet,Takeaway
2643,TXN_3365018,3.0,5.0,15.0,Juice,2023-02-06,Cash,Takeaway
2644,TXN_3368231,1.5,3.0,4.5,Tea,2023-08-11,Digital Wallet,In-store
2645,TXN_3369191,1.0,5.0,5.0,Cookie,2023-02-07,Cash,Takeaway
2646,TXN_3369789,4.0,5.0,20.0,Sandwich,2023-04-15,Credit Card,In-store
2647,TXN_3371429,5.0,2.0,10.0,Salad,2023-11-01,Credit Card,In-store
2648,TXN_3373078,4.0,4.0,16.0,Smoothie,2023-12-01,Digital Wallet,In-store
2649,TXN_3373997,5.0,4.0,20.0,Salad,2023-02-01,Cash,In-store
2650,TXN_3374262,1.5,2.0,3.0,Tea,2023-04-14,Digital Wallet,In-store
2651,TXN_3374343,3.0,2.0,6.0,Cake,2023-09-02,Cash,Takeaway
2652,TXN_3375399,1.0,1.0,1.0,Cookie,2023-05-21,Digital Wallet,Takeaway
2653,TXN_3376952,1.5,2.0,3.0,Tea,2023-10-23,Digital Wallet,Takeaway
2654,TXN_3376958,5.0,4.0,20.0,Salad,2023-10-31,Cash,In-store
2655,TXN_3377626,1.0,5.0,5.0,Cookie,2023-07-23,Cash,In-store
2656,TXN_3377885,4.0,3.0,12.0,Sandwich,2023-05-08,Cash,In-store
2657,TXN_3379182,3.0,4.0,12.0,Juice,2023-06-03,Cash,In-store
2658,TXN_3379368,3.0,5.0,15.0,Cake,2023-05-26,Credit Card,Takeaway
2659,TXN_3380698,2.0,3.0,6.0,Coffee,2023-12-15,Credit Card,Takeaway
2660,TXN_3381656,3.0,5.0,15.0,Cake,2023-10-26,Cash,Takeaway
2661,TXN_3383926,3.0,3.0,9.0,Cake,2023-07-08,Cash,Takeaway
2662,TXN_3384640,5.0,4.0,20.0,Salad,2023-10-17,Cash,Takeaway
2663,TXN_3385167,1.5,3.0,4.5,Tea,2023-04-26,Cash,In-store
2664,TXN_3386311,3.0,1.0,3.0,Juice,2023-11-30,Cash,In-store
2665,TXN_3388054,2.0,5.0,10.0,Coffee,2023-11-13,Cash,Takeaway
2666,TXN_3388908,1.0,4.0,4.0,Cookie,2023-11-22,Digital Wallet,Takeaway
2667,TXN_3389521,5.0,5.0,25.0,Salad,2023-02-10,Digital Wallet,In-store
2668,TXN_3390072,1.5,1.0,1.5,Tea,2023-05-03,Credit Card,In-store
2669,TXN_3390285,1.5,2.0,3.0,Tea,2023-02-06,Digital Wallet,Takeaway
2670,TXN_3390610,4.0,2.0,8.0,Sandwich,2023-02-01,Credit Card,In-store
2671,TXN_3390882,4.0,3.0,12.0,Sandwich,2023-07-03,Credit Card,In-store
2672,TXN_3391446,1.5,1.0,1.5,Tea,2023-01-14,Digital Wallet,Takeaway
2673,TXN_3392848,3.0,2.0,6.0,Cake,2023-04-03,Cash,In-store
2674,TXN_3392953,2.0,1.0,2.0,Coffee,2023-01-06,Digital Wallet,Takeaway
2675,TXN_3394710,4.0,1.0,4.0,Sandwich,2023-10-22,Digital Wallet,In-store
2676,TXN_3394874,2.0,4.0,8.0,Coffee,2023-06-18,Credit Card,Takeaway
2677,TXN_3396099,2.0,1.0,2.0,Coffee,2023-04-06,Digital Wallet,In-store
2678,TXN_3397034,3.0,4.0,12.0,Cake,2023-04-11,Cash,Takeaway
2679,TXN_3397609,4.0,2.0,8.0,Smoothie,2023-07-22,Digital Wallet,In-store
2680,TXN_3397978,4.0,5.0,20.0,Smoothie,2023-08-01,Digital Wallet,In-store
2681,TXN_3398520,4.0,1.0,4.0,Sandwich,2023-02-03,Credit Card,In-store
2682,TXN_3398611,4.0,5.0,20.0,Sandwich,2023-10-01,Cash,In-store
2683,TXN_3398955,1.0,3.0,3.0,Cookie,2023-10-19,Cash,Takeaway
2684,TXN_3399636,3.0,3.0,9.0,Juice,2023-08-07,Digital Wallet,Takeaway
2685,TXN_3399674,4.0,5.0,20.0,Smoothie,2023-12-09,Digital Wallet,In-store
2686,TXN_3401287,4.0,3.0,12.0,Sandwich,2023-02-12,Cash,In-store
2687,TXN_3402368,1.5,2.0,3.0,Tea,2023-02-01,Digital Wallet,In-store
2688,TXN_3403173,5.0,1.0,5.0,Salad,2023-06-24,Cash,In-store
2689,TXN_3403409,3.0,2.0,6.0,Cake,2023-02-22,Cash,Takeaway
2690,TXN_3404479,4.0,4.0,16.0,Sandwich,2023-08-23,Credit Card,In-store
2691,TXN_3407169,4.0,2.0,8.0,Sandwich,2023-03-11,Cash,In-store
2692,TXN_3410147,3.0,1.0,3.0,Juice,2023-09-30,Digital Wallet,In-store
2693,TXN_3410971,4.0,1.0,4.0,Smoothie,2023-01-02,Digital Wallet,Takeaway
2694,TXN_3411281,3.0,2.0,6.0,Cake,2023-09-29,Cash,Takeaway
2695,TXN_3412484,3.0,4.0,12.0,Cake,2023-09-06,Cash,Takeaway
2696,TXN_3412490,3.0,2.0,6.0,Cake,2023-09-06,Cash,In-store
2697,TXN_3413156,3.0,1.0,3.0,Juice,2023-10-16,Credit Card,In-store
2698,TXN_3413185,3.0,4.0,12.0,Cake,2023-03-03,Credit Card,In-store
2699,TXN_3414935,2.0,4.0,8.0,Coffee,2023-08-03,Digital Wallet,In-store
2700,TXN_3416466,3.0,2.0,6.0,Juice,2023-09-13,Digital Wallet,In-store
2701,TXN_3418612,1.5,3.0,4.5,Tea,2023-01-31,Digital Wallet,In-store
2702,TXN_3419352,5.0,3.0,15.0,Salad,2023-10-22,Digital Wallet,In-store
2703,TXN_3420316,4.0,3.0,12.0,Sandwich,2023-10-31,Credit Card,Takeaway
2704,TXN_3420633,5.0,4.0,20.0,Salad,2023-04-11,Digital Wallet,Takeaway
2705,TXN_3421079,4.0,1.0,4.0,Smoothie,2023-12-18,Credit Card,In-store
2706,TXN_3421404,4.0,4.0,16.0,Sandwich,2023-05-05,Credit Card,In-store
2707,TXN_3421456,3.0,1.0,3.0,Cake,2023-09-05,Cash,Takeaway
2708,TXN_3422336,1.5,5.0,7.5,Tea,2023-08-02,Digital Wallet,Takeaway
2709,TXN_3422759,5.0,5.0,25.0,Salad,2023-02-19,Credit Card,Takeaway
2710,TXN_3422774,4.0,2.0,8.0,Sandwich,2023-07-09,Digital Wallet,In-store
2711,TXN_3423451,5.0,4.0,20.0,Salad,2023-10-11,Cash,In-store
2712,TXN_3424331,3.0,4.0,12.0,Cake,2023-01-18,Cash,Takeaway
2713,TXN_3425783,3.0,2.0,6.0,Juice,2023-06-15,Digital Wallet,In-store
2714,TXN_3426338,5.0,1.0,5.0,Salad,2023-07-31,Cash,In-store
2715,TXN_3426892,5.0,4.0,20.0,Salad,2023-05-23,Credit Card,In-store
2716,TXN_3427754,4.0,2.0,8.0,Smoothie,2023-08-06,Digital Wallet,Takeaway
2717,TXN_3427950,4.0,5.0,20.0,Smoothie,2023-02-23,Digital Wallet,In-store
2718,TXN_3429942,4.0,3.0,12.0,Smoothie,2023-04-24,Digital Wallet,In-store
2719,TXN_3430805,3.0,4.0,12.0,Juice,2023-11-12,Credit Card,In-store
2720,TXN_3430842,1.0,2.0,2.0,Cookie,2023-08-02,Cash,Takeaway
2721,TXN_3431526,1.0,3.0,3.0,Cookie,2023-12-27,Credit Card,Takeaway
2722,TXN_3431892,3.0,2.0,6.0,Cake,2023-07-18,Cash,In-store
2723,TXN_3432433,1.0,5.0,5.0,Cookie,2023-02-19,Cash,In-store
2724,TXN_3432879,3.0,5.0,15.0,Cake,2023-02-05,Credit Card,Takeaway
2725,TXN_3434549,4.0,5.0,20.0,Sandwich,2023-05-25,Credit Card,Takeaway
2726,TXN_3435509,4.0,1.0,4.0,Sandwich,2023-08-19,Cash,Takeaway
2727,TXN_3435561,3.0,2.0,6.0,Juice,2023-08-19,Digital Wallet,Takeaway
2728,TXN_3436344,4.0,2.0,8.0,Smoothie,2023-02-28,Digital Wallet,In-store
2729,TXN_3436462,5.0,2.0,10.0,Salad,2023-06-29,Credit Card,In-store
2730,TXN_3437948,4.0,2.0,8.0,Smoothie,2023-11-02,Cash,In-store
2731,TXN_3439155,5.0,3.0,15.0,Salad,2023-07-30,Cash,Takeaway
2732,TXN_3439712,3.0,4.0,12.0,Juice,2023-04-04,Digital Wallet,In-store
2733,TXN_3440463,3.0,1.0,3.0,Cake,2023-04-04,Credit Card,Takeaway
2734,TXN_3440487,2.0,5.0,10.0,Coffee,2023-10-22,Cash,Takeaway
2735,TXN_3441457,5.0,2.0,10.0,Salad,2023-10-20,Digital Wallet,In-store
2736,TXN_3442244,3.0,4.0,12.0,Cake,2023-05-13,Cash,Takeaway
2737,TXN_3442435,4.0,2.0,8.0,Sandwich,2023-04-01,Digital Wallet,In-store
2738,TXN_3443235,4.0,5.0,20.0,Sandwich,2023-10-11,Credit Card,In-store
2739,TXN_3444519,1.0,4.0,4.0,Cookie,2023-03-10,Digital Wallet,Takeaway
2740,TXN_3444569,4.0,1.0,4.0,Sandwich,2023-10-07,Credit Card,Takeaway
2741,TXN_3446033,1.0,3.0,3.0,Cookie,2023-02-15,Credit Card,Takeaway
2742,TXN_3446174,3.0,5.0,15.0,Cake,2023-10-31,Cash,Takeaway
2743,TXN_3446643,4.0,1.0,4.0,Smoothie,2023-06-01,Digital Wallet,In-store
2744,TXN_3447069,3.0,2.0,6.0,Juice,2023-03-11,Credit Card,In-store
2745,TXN_3447575,4.0,4.0,16.0,Sandwich,2023-01-17,Credit Card,Takeaway
2746,TXN_3447594,5.0,1.0,5.0,Salad,2023-02-24,Digital Wallet,In-store
2747,TXN_3450160,3.0,4.0,12.0,Cake,2023-10-23,Credit Card,In-store
2748,TXN_3450880,1.5,3.0,4.5,Tea,2023-05-29,Digital Wallet,In-store
2749,TXN_3451212,3.0,3.0,9.0,Cake,2023-01-29,Cash,Takeaway
2750,TXN_3454877,4.0,5.0,20.0,Sandwich,2023-04-19,Credit Card,In-store
2751,TXN_3454881,5.0,1.0,5.0,Salad,2023-11-29,Cash,In-store
2752,TXN_3455103,5.0,1.0,5.0,Salad,2023-04-22,Digital Wallet,Takeaway
2753,TXN_3455415,1.0,2.0,2.0,Cookie,2023-03-31,Credit Card,Takeaway
2754,TXN_3455702,5.0,1.0,5.0,Salad,2023-03-23,Cash,Takeaway
2755,TXN_3456057,4.0,1.0,4.0,Sandwich,2023-03-23,Credit Card,Takeaway
2756,TXN_3456242,4.0,5.0,20.0,Sandwich,2023-04-28,Credit Card,In-store
2757,TXN_3456748,3.0,2.0,6.0,Juice,2023-01-30,Cash,In-store
2758,TXN_3458602,3.0,2.0,6.0,Cake,2023-11-18,Cash,In-store
2759,TXN_3459152,3.0,3.0,9.0,Cake,2023-06-28,Digital Wallet,Takeaway
2760,TXN_3459927,1.0,5.0,5.0,Cookie,2023-07-20,Digital Wallet,In-store
2761,TXN_3460926,3.0,3.0,9.0,Juice,2023-03-25,Digital Wallet,Takeaway
2762,TXN_3461209,3.0,4.0,12.0,Juice,2023-04-26,Credit Card,In-store
2763,TXN_3462602,3.0,3.0,9.0,Cake,2023-08-27,Credit Card,In-store
2764,TXN_3463281,3.0,5.0,15.0,Cake,2023-10-06,Cash,Takeaway
2765,TXN_3463337,3.0,5.0,15.0,Juice,2023-09-20,Credit Card,In-store
2766,TXN_3463568,5.0,2.0,10.0,Salad,2023-04-12,Digital Wallet,In-store
2767,TXN_3463928,1.5,4.0,6.0,Tea,2023-06-07,Credit Card,In-store
2768,TXN_3465980,1.0,4.0,4.0,Cookie,2023-07-08,Cash,Takeaway
2769,TXN_3466686,4.0,3.0,12.0,Smoothie,2023-09-03,Digital Wallet,Takeaway
2770,TXN_3467985,4.0,3.0,12.0,Sandwich,2023-12-10,Cash,Takeaway
2771,TXN_3468006,4.0,3.0,12.0,Smoothie,2023-07-28,Credit Card,Takeaway
2772,TXN_3469469,1.0,1.0,1.0,Cookie,2023-10-25,Digital Wallet,In-store
2773,TXN_3471223,2.0,1.0,2.0,Coffee,2023-10-08,Digital Wallet,In-store
2774,TXN_3472433,2.0,4.0,8.0,Coffee,2023-10-29,Credit Card,Takeaway
2775,TXN_3472707,4.0,2.0,8.0,Sandwich,2023-03-26,Cash,Takeaway
2776,TXN_3474333,3.0,3.0,9.0,Juice,2023-01-13,Credit Card,Takeaway
2777,TXN_3475075,3.0,3.0,9.0,Cake,2023-01-13,Cash,Takeaway
2778,TXN_3475342,3.0,3.0,9.0,Juice,2023-04-24,Digital Wallet,In-store
2779,TXN_3477101,1.0,4.0,4.0,Cookie,2023-05-02,Digital Wallet,Takeaway
2780,TXN_3477767,1.0,3.0,3.0,Cookie,2023-05-02,Digital Wallet,Takeaway
2781,TXN_3477975,4.0,4.0,16.0,Sandwich,2023-02-26,Credit Card,In-store
2782,TXN_3478169,3.0,2.0,6.0,Juice,2023-02-03,Cash,In-store
2783,TXN_3478329,1.5,3.0,4.5,Tea,2023-10-29,Digital Wallet,In-store
2784,TXN_3480278,4.0,4.0,16.0,Smoothie,2023-12-26,Digital Wallet,In-store
2785,TXN_3480562,2.0,5.0,10.0,Coffee,2023-12-24,Digital Wallet,Takeaway
2786,TXN_3481470,5.0,4.0,20.0,Salad,2023-12-24,Credit Card,In-store
2787,TXN_3482117,4.0,2.0,8.0,Sandwich,2023-07-18,Credit Card,In-store
2788,TXN_3483570,4.0,2.0,8.0,Sandwich,2023-03-21,Credit Card,Takeaway
2789,TXN_3483911,5.0,1.0,5.0,Salad,2023-07-10,Digital Wallet,Takeaway
2790,TXN_3484190,2.0,5.0,10.0,Coffee,2023-12-27,Digital Wallet,Takeaway
2791,TXN_3484276,1.0,5.0,5.0,Cookie,2023-06-14,Digital Wallet,Takeaway
2792,TXN_3484520,3.0,3.0,9.0,Juice,2023-08-15,Credit Card,In-store
2793,TXN_3485502,3.0,2.0,6.0,Juice,2023-12-25,Digital Wallet,In-store
2794,TXN_3485938,5.0,4.0,20.0,Salad,2023-05-28,Cash,Takeaway
2795,TXN_3486178,3.0,5.0,15.0,Cake,2023-06-09,Cash,Takeaway
2796,TXN_3486548,1.5,1.0,1.5,Tea,2023-07-08,Digital Wallet,In-store
2797,TXN_3487896,2.0,5.0,10.0,Coffee,2023-01-09,Credit Card,Takeaway
2798,TXN_3488082,4.0,1.0,4.0,Sandwich,2023-04-12,Digital Wallet,In-store
2799,TXN_3488590,1.0,2.0,2.0,Cookie,2023-12-28,Credit Card,Takeaway
2800,TXN_3488611,1.5,1.0,1.5,Tea,2023-02-13,Cash,In-store
2801,TXN_3489721,2.0,3.0,6.0,Coffee,2023-09-27,Cash,Takeaway
2802,TXN_3489940,1.0,3.0,3.0,Cookie,2023-12-15,Credit Card,Takeaway
2803,TXN_3490516,2.0,5.0,10.0,Coffee,2023-04-28,Digital Wallet,Takeaway
2804,TXN_3492393,2.0,1.0,2.0,Coffee,2023-05-29,Digital Wallet,In-store
2805,TXN_3492861,1.0,5.0,5.0,Cookie,2023-11-09,Cash,Takeaway
2806,TXN_3493771,3.0,2.0,6.0,Cake,2023-02-13,Cash,Takeaway
2807,TXN_3493951,4.0,5.0,20.0,Smoothie,2023-08-20,Cash,Takeaway
2808,TXN_3494014,3.0,1.0,3.0,Cake,2023-06-09,Credit Card,In-store
2809,TXN_3494191,4.0,2.0,8.0,Smoothie,2023-01-08,Credit Card,In-store
2810,TXN_3494565,4.0,2.0,8.0,Sandwich,2023-07-10,Credit Card,In-store
2811,TXN_3494652,2.0,1.0,2.0,Coffee,2023-05-23,Digital Wallet,Takeaway
2812,TXN_3495950,1.5,4.0,6.0,Tea,2023-02-19,Credit Card,In-store
2813,TXN_3497691,4.0,4.0,16.0,Smoothie,2023-09-06,Credit Card,In-store
2814,TXN_3499124,4.0,4.0,16.0,Sandwich,2023-08-25,Credit Card,In-store
2815,TXN_3499226,3.0,1.0,3.0,Juice,2023-09-08,Credit Card,Takeaway
2816,TXN_3499910,1.0,4.0,4.0,Cookie,2023-09-29,Credit Card,Takeaway
2817,TXN_3500571,3.0,3.0,9.0,Juice,2023-05-03,Digital Wallet,Takeaway
2818,TXN_3502394,2.0,3.0,6.0,Coffee,2023-09-02,Credit Card,In-store
2819,TXN_3502743,4.0,5.0,20.0,Sandwich,2023-02-28,Credit Card,In-store
2820,TXN_3504925,4.0,5.0,20.0,Smoothie,2023-09-21,Cash,In-store
2821,TXN_3507013,3.0,1.0,3.0,Juice,2023-01-16,Digital Wallet,In-store
2822,TXN_3507334,3.0,4.0,12.0,Juice,2023-05-05,Digital Wallet,In-store
2823,TXN_3508619,4.0,4.0,16.0,Smoothie,2023-09-04,Digital Wallet,In-store
2824,TXN_3509437,4.0,4.0,16.0,Sandwich,2023-12-06,Credit Card,In-store
2825,TXN_3509609,4.0,3.0,12.0,Smoothie,2023-12-25,Digital Wallet,Takeaway
2826,TXN_3512545,1.0,4.0,4.0,Cookie,2023-08-08,Credit Card,In-store
2827,TXN_3512665,5.0,5.0,25.0,Salad,2023-10-16,Credit Card,In-store
2828,TXN_3514492,3.0,3.0,9.0,Juice,2023-02-23,Digital Wallet,In-store
2829,TXN_3514890,4.0,5.0,20.0,Smoothie,2023-08-02,Digital Wallet,In-store
2830,TXN_3515664,2.0,2.0,4.0,Coffee,2023-09-25,Cash,Takeaway
2831,TXN_3515730,1.0,1.0,1.0,Cookie,2023-08-14,Credit Card,Takeaway
2832,TXN_3516263,3.0,2.0,6.0,Cake,2023-09-23,Digital Wallet,In-store
2833,TXN_3516296,4.0,3.0,12.0,Sandwich,2023-05-29,Credit Card,In-store
2834,TXN_3518261,4.0,2.0,8.0,Sandwich,2023-08-05,Digital Wallet,In-store
2835,TXN_3518789,2.0,2.0,4.0,Coffee,2023-12-01,Digital Wallet,Takeaway
2836,TXN_3519066,3.0,1.0,3.0,Cake,2023-11-08,Cash,Takeaway
2837,TXN_3520908,4.0,3.0,12.0,Sandwich,2023-08-01,Digital Wallet,In-store
2838,TXN_3520910,5.0,1.0,5.0,Salad,2023-05-06,Credit Card,Takeaway
2839,TXN_3520982,5.0,5.0,25.0,Salad,2023-10-26,Cash,In-store
2840,TXN_3521791,2.0,1.0,2.0,Coffee,2023-06-11,Digital Wallet,Takeaway
2841,TXN_3522028,4.0,5.0,20.0,Smoothie,2023-04-04,Cash,In-store
2842,TXN_3522385,4.0,4.0,16.0,Smoothie,2023-03-19,Credit Card,Takeaway
2843,TXN_3522597,1.5,3.0,4.5,Tea,2023-02-04,Digital Wallet,In-store
2844,TXN_3524464,4.0,4.0,16.0,Smoothie,2023-08-31,Credit Card,Takeaway
2845,TXN_3526095,4.0,3.0,12.0,Sandwich,2023-08-30,Cash,Takeaway
2846,TXN_3526255,4.0,4.0,16.0,Smoothie,2023-06-23,Digital Wallet,Takeaway
2847,TXN_3528020,1.0,1.0,1.0,Cookie,2023-08-26,Digital Wallet,Takeaway
2848,TXN_3528599,1.0,1.0,1.0,Cookie,2023-12-09,Digital Wallet,Takeaway
2849,TXN_3528653,3.0,1.0,3.0,Cake,2023-02-26,Cash,Takeaway
2850,TXN_3529354,3.0,2.0,6.0,Juice,2023-09-06,Credit Card,Takeaway
2851,TXN_3530118,3.0,5.0,15.0,Cake,2023-11-14,Digital Wallet,Takeaway
2852,TXN_3530720,4.0,5.0,20.0,Smoothie,2023-10-18,Digital Wallet,In-store
2853,TXN_3534536,2.0,1.0,2.0,Coffee,2023-02-02,Credit Card,Takeaway
2854,TXN_3534588,5.0,1.0,5.0,Salad,2023-07-05,Cash,In-store
2855,TXN_3536893,5.0,2.0,10.0,Salad,2023-05-16,Cash,In-store
2856,TXN_3539062,5.0,2.0,10.0,Salad,2023-10-04,Digital Wallet,In-store
2857,TXN_3540841,1.5,3.0,4.5,Tea,2023-03-22,Credit Card,In-store
2858,TXN_3541304,4.0,3.0,12.0,Sandwich,2023-04-22,Cash,In-store
2859,TXN_3541337,1.0,4.0,4.0,Cookie,2023-09-01,Digital Wallet,Takeaway
2860,TXN_3542902,4.0,1.0,4.0,Smoothie,2023-06-10,Digital Wallet,In-store
2861,TXN_3543133,1.5,2.0,3.0,Tea,2023-04-08,Digital Wallet,In-store
2862,TXN_3543930,3.0,2.0,6.0,Juice,2023-10-10,Credit Card,Takeaway
2863,TXN_3544380,3.0,1.0,3.0,Juice,2023-09-13,Credit Card,In-store
2864,TXN_3544789,1.5,4.0,6.0,Tea,2023-07-14,Digital Wallet,In-store
2865,TXN_3544792,4.0,1.0,4.0,Sandwich,2023-06-27,Digital Wallet,In-store
2866,TXN_3546261,1.5,3.0,4.5,Tea,2023-03-20,Digital Wallet,Takeaway
2867,TXN_3546303,1.5,2.0,3.0,Tea,2023-09-11,Digital Wallet,Takeaway
2868,TXN_3546629,3.0,5.0,15.0,Juice,2023-03-04,Digital Wallet,In-store
2869,TXN_3547013,1.5,3.0,4.5,Tea,2023-04-26,Digital Wallet,In-store
2870,TXN_3547569,4.0,4.0,16.0,Smoothie,2023-08-04,Digital Wallet,In-store
2871,TXN_3547825,1.0,3.0,3.0,Cookie,2023-09-04,Digital Wallet,Takeaway
2872,TXN_3548756,3.0,3.0,9.0,Juice,2023-02-24,Digital Wallet,In-store
2873,TXN_3548788,5.0,4.0,20.0,Salad,2023-02-22,Digital Wallet,In-store
2874,TXN_3549667,4.0,3.0,12.0,Sandwich,2023-01-29,Digital Wallet,Takeaway
2875,TXN_3550177,5.0,5.0,25.0,Salad,2023-09-13,Cash,In-store
2876,TXN_3551665,3.0,4.0,12.0,Juice,2023-04-06,Credit Card,In-store
2877,TXN_3554772,1.5,3.0,4.5,Tea,2023-10-06,Credit Card,In-store
2878,TXN_3555821,4.0,3.0,12.0,Sandwich,2023-07-12,Credit Card,In-store
2879,TXN_3557583,4.0,5.0,20.0,Smoothie,2023-07-26,Credit Card,In-store
2880,TXN_3558795,4.0,1.0,4.0,Smoothie,2023-05-30,Cash,In-store
2881,TXN_3560062,1.0,1.0,1.0,Cookie,2023-03-20,Cash,In-store
2882,TXN_3561149,3.0,4.0,12.0,Juice,2023-05-20,Digital Wallet,Takeaway
2883,TXN_3561451,5.0,4.0,20.0,Salad,2023-05-31,Credit Card,In-store
2884,TXN_3562332,5.0,5.0,25.0,Salad,2023-06-20,Cash,In-store
2885,TXN_3562350,2.0,2.0,4.0,Coffee,2023-02-04,Digital Wallet,Takeaway
2886,TXN_3562418,4.0,2.0,8.0,Sandwich,2023-08-13,Digital Wallet,In-store
2887,TXN_3564954,4.0,4.0,16.0,Smoothie,2023-03-09,Cash,In-store
2888,TXN_3567645,4.0,4.0,16.0,Smoothie,2023-03-30,Credit Card,Takeaway
2889,TXN_3572190,2.0,5.0,10.0,Coffee,2023-03-05,Credit Card,Takeaway
2890,TXN_3574059,3.0,1.0,3.0,Cake,2023-01-18,Cash,Takeaway
2891,TXN_3575713,1.5,1.0,1.5,Tea,2023-02-18,Cash,Takeaway
2892,TXN_3577482,3.0,4.0,12.0,Juice,2023-06-01,Digital Wallet,In-store
2893,TXN_3577683,1.0,2.0,2.0,Cookie,2023-09-17,Digital Wallet,In-store
2894,TXN_3577949,3.0,3.0,9.0,Cake,2023-04-25,Cash,Takeaway
2895,TXN_3578141,3.0,5.0,15.0,Cake,2023-06-27,Cash,Takeaway
2896,TXN_3578712,1.5,5.0,7.5,Tea,2023-08-15,Credit Card,In-store
2897,TXN_3580048,4.0,5.0,20.0,Smoothie,2023-05-17,Digital Wallet,In-store
2898,TXN_3580786,1.5,1.0,1.5,Tea,2023-03-28,Digital Wallet,In-store
2899,TXN_3584252,5.0,2.0,10.0,Salad,2023-12-19,Digital Wallet,Takeaway
2900,TXN_3585097,2.0,3.0,6.0,Coffee,2023-05-31,Digital Wallet,Takeaway
2901,TXN_3585464,1.0,3.0,3.0,Cookie,2023-09-12,Digital Wallet,Takeaway
2902,TXN_3585602,3.0,2.0,6.0,Juice,2023-04-17,Cash,In-store
2903,TXN_3586768,2.0,2.0,4.0,Coffee,2023-05-23,Digital Wallet,In-store
2904,TXN_3586935,5.0,5.0,25.0,Salad,2023-05-21,Cash,In-store
2905,TXN_3587444,3.0,2.0,6.0,Juice,2023-02-03,Credit Card,In-store
2906,TXN_3587915,5.0,2.0,10.0,Salad,2023-06-24,Digital Wallet,Takeaway
2907,TXN_3587916,5.0,3.0,15.0,Salad,2023-07-09,Cash,In-store
2908,TXN_3589166,1.5,1.0,1.5,Tea,2023-02-02,Digital Wallet,In-store
2909,TXN_3589218,5.0,2.0,10.0,Salad,2023-06-21,Credit Card,In-store
2910,TXN_3593060,4.0,4.0,16.0,Smoothie,2023-03-05,Cash,In-store
2911,TXN_3594827,3.0,5.0,15.0,Juice,2023-03-09,Digital Wallet,In-store
2912,TXN_3595118,3.0,2.0,6.0,Juice,2023-02-03,Cash,In-store
2913,TXN_3595735,1.5,4.0,6.0,Tea,2023-03-26,Digital Wallet,Takeaway
2914,TXN_3596270,2.0,4.0,8.0,Coffee,2023-05-05,Credit Card,Takeaway
2915,TXN_3596456,2.0,3.0,6.0,Coffee,2023-05-05,Digital Wallet,Takeaway
2916,TXN_3597656,2.0,4.0,8.0,Coffee,2023-04-03,Digital Wallet,Takeaway
2917,TXN_3597806,1.0,3.0,3.0,Cookie,2023-12-11,Credit Card,Takeaway
2918,TXN_3599216,1.5,1.0,1.5,Tea,2023-09-21,Cash,In-store
2919,TXN_3599473,2.0,2.0,4.0,Coffee,2023-08-29,Cash,Takeaway
2920,TXN_3600632,2.0,4.0,8.0,Coffee,2023-12-09,Cash,Takeaway
2921,TXN_3601338,3.0,3.0,9.0,Cake,2023-03-06,Credit Card,Takeaway
2922,TXN_3601382,5.0,3.0,15.0,Salad,2023-02-12,Cash,In-store
2923,TXN_3602272,4.0,3.0,12.0,Smoothie,2023-02-15,Digital Wallet,Takeaway
2924,TXN_3602823,2.0,4.0,8.0,Coffee,2023-08-26,Digital Wallet,Takeaway
2925,TXN_3603434,2.0,5.0,10.0,Coffee,2023-01-05,Digital Wallet,In-store
2926,TXN_3604017,3.0,4.0,12.0,Cake,2023-09-21,Digital Wallet,In-store
2927,TXN_3604156,2.0,5.0,10.0,Coffee,2023-11-08,Credit Card,Takeaway
2928,TXN_3605929,4.0,2.0,8.0,Smoothie,2023-04-26,Credit Card,In-store
2929,TXN_3607652,5.0,4.0,20.0,Salad,2023-06-05,Digital Wallet,In-store
2930,TXN_3607778,4.0,2.0,8.0,Smoothie,2023-11-20,Cash,In-store
2931,TXN_3608237,5.0,1.0,5.0,Salad,2023-11-26,Digital Wallet,Takeaway
2932,TXN_3611851,3.0,4.0,9.0,Juice,2023-02-09,Credit Card,In-store
2933,TXN_3612790,4.0,1.0,4.0,Smoothie,2023-09-01,Digital Wallet,In-store
2934,TXN_3613385,1.0,3.0,3.0,Cookie,2023-05-26,Digital Wallet,Takeaway
2935,TXN_3615483,4.0,2.0,8.0,Sandwich,2023-09-08,Digital Wallet,In-store
2936,TXN_3616362,4.0,5.0,20.0,Smoothie,2023-12-02,Digital Wallet,In-store
2937,TXN_3616839,3.0,4.0,12.0,Cake,2023-04-01,Digital Wallet,Takeaway
2938,TXN_3617989,4.0,3.0,12.0,Sandwich,2023-09-29,Credit Card,Takeaway
2939,TXN_3618603,5.0,4.0,20.0,Salad,2023-03-19,Cash,In-store
2940,TXN_3619141,1.0,4.0,4.0,Cookie,2023-09-30,Digital Wallet,In-store
2941,TXN_3620110,2.0,1.0,2.0,Coffee,2023-06-01,Digital Wallet,Takeaway
2942,TXN_3620122,4.0,1.0,4.0,Sandwich,2023-05-06,Cash,In-store
2943,TXN_3620213,2.0,2.0,4.0,Coffee,2023-09-09,Credit Card,In-store
2944,TXN_3622194,3.0,1.0,3.0,Cake,2023-06-26,Digital Wallet,Takeaway
2945,TXN_3628056,3.0,4.0,12.0,Cake,2023-07-09,Cash,In-store
2946,TXN_3628566,2.0,5.0,10.0,Coffee,2023-08-17,Digital Wallet,Takeaway
2947,TXN_3629351,3.0,1.0,3.0,Cake,2023-07-21,Digital Wallet,Takeaway
2948,TXN_3629728,4.0,1.0,4.0,Smoothie,2023-03-11,Digital Wallet,Takeaway
2949,TXN_3630892,1.0,4.0,4.0,Cookie,2023-01-31,Digital Wallet,Takeaway
2950,TXN_3630981,2.0,2.0,4.0,Coffee,2023-10-31,Digital Wallet,In-store
2951,TXN_3632064,1.0,5.0,5.0,Cookie,2023-02-12,Cash,Takeaway
2952,TXN_3632068,3.0,2.0,6.0,Juice,2023-08-29,Cash,In-store
2953,TXN_3632558,2.0,2.0,4.0,Coffee,2023-08-10,Cash,Takeaway
2954,TXN_3633955,4.0,4.0,16.0,Sandwich,2023-09-20,Cash,In-store
2955,TXN_3634860,3.0,5.0,15.0,Juice,2023-05-28,Credit Card,In-store
2956,TXN_3635628,4.0,3.0,12.0,Sandwich,2023-10-28,Digital Wallet,In-store
2957,TXN_3635874,4.0,2.0,8.0,Sandwich,2023-03-16,Cash,In-store
2958,TXN_3638761,3.0,5.0,15.0,Juice,2023-03-16,Digital Wallet,In-store
2959,TXN_3638955,1.0,2.0,2.0,Cookie,2023-09-02,Cash,Takeaway
2960,TXN_3639760,3.0,5.0,15.0,Cake,2023-01-29,Credit Card,Takeaway
2961,TXN_3641001,4.0,3.0,12.0,Smoothie,2023-11-10,Digital Wallet,In-store
2962,TXN_3641356,3.0,3.0,9.0,Juice,2023-07-26,Credit Card,In-store
2963,TXN_3641519,1.0,5.0,5.0,Cookie,2023-06-08,Digital Wallet,In-store
2964,TXN_3642052,3.0,1.0,3.0,Cake,2023-07-19,Cash,Takeaway
2965,TXN_3642982,2.0,5.0,10.0,Coffee,2023-10-04,Cash,Takeaway
2966,TXN_3643348,4.0,4.0,16.0,Sandwich,2023-09-06,Digital Wallet,In-store
2967,TXN_3643361,1.5,1.0,1.5,Tea,2023-01-12,Cash,In-store
2968,TXN_3644269,1.0,5.0,5.0,Cookie,2023-09-26,Credit Card,Takeaway
2969,TXN_3645674,1.5,4.0,6.0,Tea,2023-07-18,Cash,Takeaway
2970,TXN_3645818,1.0,1.0,1.0,Cookie,2023-03-18,Digital Wallet,Takeaway
2971,TXN_3646359,5.0,2.0,10.0,Salad,2023-07-23,Credit Card,In-store
2972,TXN_3647474,2.0,4.0,8.0,Coffee,2023-05-05,Digital Wallet,Takeaway
2973,TXN_3648160,2.0,5.0,10.0,Coffee,2023-12-03,Digital Wallet,Takeaway
2974,TXN_3648327,3.0,1.0,3.0,Cake,2023-08-17,Digital Wallet,Takeaway
2975,TXN_3649492,5.0,4.0,20.0,Salad,2023-12-01,Digital Wallet,In-store
2976,TXN_3651337,4.0,4.0,16.0,Smoothie,2023-10-25,Cash,In-store
2977,TXN_3651743,3.0,5.0,15.0,Cake,2023-04-24,Cash,In-store
2978,TXN_3652726,4.0,3.0,12.0,Sandwich,2023-08-03,Credit Card,In-store
2979,TXN_3653328,1.0,4.0,4.0,Cookie,2023-06-27,Digital Wallet,In-store
2980,TXN_3653560,2.0,4.0,8.0,Coffee,2023-07-01,Digital Wallet,Takeaway
2981,TXN_3654203,2.0,1.0,2.0,Coffee,2023-04-21,Digital Wallet,Takeaway
2982,TXN_3654299,2.0,1.0,2.0,Coffee,2023-09-19,Cash,Takeaway
2983,TXN_3654670,3.0,1.0,3.0,Juice,2023-06-14,Credit Card,Takeaway
2984,TXN_3655322,3.0,3.0,9.0,Juice,2023-10-03,Digital Wallet,Takeaway
2985,TXN_3655950,1.0,1.0,1.0,Cookie,2023-11-25,Digital Wallet,In-store
2986,TXN_3656762,4.0,2.0,8.0,Sandwich,2023-07-31,Credit Card,Takeaway
2987,TXN_3656884,2.0,5.0,10.0,Coffee,2023-10-08,Credit Card,Takeaway
2988,TXN_3658211,3.0,4.0,12.0,Cake,2023-04-02,Cash,Takeaway
2989,TXN_3659483,4.0,3.0,12.0,Smoothie,2023-05-14,Cash,In-store
2990,TXN_3660048,3.0,1.0,3.0,Cake,2023-05-14,Credit Card,Takeaway
2991,TXN_3660227,3.0,4.0,12.0,Juice,2023-05-13,Credit Card,Takeaway
2992,TXN_3660347,4.0,5.0,20.0,Smoothie,2023-05-13,Digital Wallet,In-store
2993,TXN_3660806,1.0,5.0,5.0,Cookie,2023-02-14,Digital Wallet,Takeaway
2994,TXN_3660999,3.0,3.0,9.0,Cake,2023-02-02,Digital Wallet,Takeaway
2995,TXN_3661311,3.0,2.0,6.0,Juice,2023-04-30,Digital Wallet,In-store
2996,TXN_3663592,4.0,2.0,8.0,Smoothie,2023-08-26,Digital Wallet,Takeaway
2997,TXN_3663712,1.5,4.0,6.0,Tea,2023-09-22,Digital Wallet,Takeaway
2998,TXN_3664656,1.0,5.0,5.0,Cookie,2023-08-13,Digital Wallet,Takeaway
2999,TXN_3665727,1.0,1.0,1.0,Cookie,2023-10-13,Digital Wallet,In-store
3000,TXN_3665733,2.0,5.0,10.0,Coffee,2023-10-13,Cash,Takeaway
3001,TXN_3666858,3.0,4.0,12.0,Cake,2023-12-27,Credit Card,In-store
3002,TXN_3666951,3.0,2.0,6.0,Juice,2023-01-06,Digital Wallet,In-store
3003,TXN_3668051,3.0,1.0,3.0,Cake,2023-11-17,Cash,Takeaway
3004,TXN_3669068,3.0,5.0,15.0,Cake,2023-01-17,Cash,Takeaway
3005,TXN_3669866,1.5,3.0,4.5,Tea,2023-05-10,Digital Wallet,In-store
3006,TXN_3669990,1.5,2.0,3.0,Tea,2023-01-27,Cash,Takeaway
3007,TXN_3670041,4.0,3.0,12.0,Smoothie,2023-03-22,Digital Wallet,In-store
3008,TXN_3670103,1.5,2.0,3.0,Tea,2023-04-30,Digital Wallet,In-store
3009,TXN_3670298,1.0,4.0,4.0,Cookie,2023-02-04,Credit Card,Takeaway
3010,TXN_3670476,1.5,3.0,4.5,Tea,2023-03-25,Cash,Takeaway
3011,TXN_3670939,1.5,3.0,4.5,Tea,2023-07-13,Cash,In-store
3012,TXN_3672345,1.5,3.0,4.5,Tea,2023-10-17,Credit Card,In-store
3013,TXN_3673322,5.0,2.0,10.0,Salad,2023-04-24,Credit Card,Takeaway
3014,TXN_3674876,4.0,5.0,20.0,Smoothie,2023-04-24,Cash,Takeaway
3015,TXN_3676019,3.0,4.0,12.0,Juice,2023-11-07,Digital Wallet,In-store
3016,TXN_3676131,2.0,3.0,6.0,Coffee,2023-09-11,Digital Wallet,Takeaway
3017,TXN_3676305,5.0,5.0,25.0,Salad,2023-06-14,Credit Card,In-store
3018,TXN_3676632,4.0,4.0,16.0,Smoothie,2023-12-11,Credit Card,In-store
3019,TXN_3677109,3.0,5.0,15.0,Cake,2023-12-02,Digital Wallet,Takeaway
3020,TXN_3677592,4.0,2.0,8.0,Sandwich,2023-05-29,Cash,In-store
3021,TXN_3677890,4.0,3.0,12.0,Sandwich,2023-02-28,Credit Card,In-store
3022,TXN_3678091,3.0,3.0,9.0,Juice,2023-09-07,Cash,In-store
3023,TXN_3678804,2.0,3.0,6.0,Coffee,2023-10-20,Digital Wallet,Takeaway
3024,TXN_3679126,1.0,1.0,1.0,Cookie,2023-07-15,Cash,Takeaway
3025,TXN_3679245,4.0,4.0,16.0,Smoothie,2023-09-16,Digital Wallet,In-store
3026,TXN_3679582,2.0,5.0,10.0,Coffee,2023-04-11,Credit Card,In-store
3027,TXN_3680047,5.0,5.0,25.0,Salad,2023-07-16,Cash,In-store
3028,TXN_3680192,5.0,4.0,20.0,Salad,2023-05-20,Digital Wallet,Takeaway
3029,TXN_3683787,1.5,5.0,7.5,Tea,2023-09-16,Credit Card,In-store
3030,TXN_3686848,1.5,3.0,4.5,Tea,2023-04-06,Digital Wallet,In-store
3031,TXN_3687257,1.5,4.0,6.0,Tea,2023-03-27,Credit Card,Takeaway
3032,TXN_3687300,1.0,2.0,2.0,Cookie,2023-03-27,Credit Card,In-store
3033,TXN_3688181,3.0,1.0,3.0,Cake,2023-08-23,Cash,Takeaway
3034,TXN_3689335,3.0,1.0,3.0,Juice,2023-12-11,Digital Wallet,Takeaway
3035,TXN_3689579,4.0,2.0,8.0,Sandwich,2023-12-02,Digital Wallet,Takeaway
3036,TXN_3690903,2.0,3.0,6.0,Coffee,2023-10-22,Digital Wallet,In-store
3037,TXN_3691087,1.0,4.0,4.0,Cookie,2023-07-11,Digital Wallet,Takeaway
3038,TXN_3691228,3.0,3.0,9.0,Cake,2023-10-26,Cash,Takeaway
3039,TXN_3692789,4.0,2.0,8.0,Sandwich,2023-10-26,Credit Card,In-store
3040,TXN_3693990,1.0,2.0,2.0,Cookie,2023-07-19,Digital Wallet,In-store
3041,TXN_3694901,1.0,2.0,2.0,Cookie,2023-08-16,Digital Wallet,In-store
3042,TXN_3695238,5.0,5.0,25.0,Salad,2023-04-20,Cash,Takeaway
3043,TXN_3696194,5.0,2.0,10.0,Salad,2023-11-27,Credit Card,In-store
3044,TXN_3699636,5.0,3.0,15.0,Salad,2023-01-12,Digital Wallet,In-store
3045,TXN_3700419,1.0,4.0,4.0,Cookie,2023-01-09,Digital Wallet,Takeaway
3046,TXN_3701660,4.0,1.0,4.0,Sandwich,2023-01-09,Digital Wallet,In-store
3047,TXN_3703482,3.0,4.0,12.0,Cake,2023-01-08,Cash,Takeaway
3048,TXN_3703964,4.0,2.0,8.0,Sandwich,2023-09-23,Credit Card,Takeaway
3049,TXN_3705445,1.0,5.0,5.0,Cookie,2023-09-13,Cash,In-store
3050,TXN_3705669,1.5,2.0,3.0,Tea,2023-11-23,Digital Wallet,In-store
3051,TXN_3706167,4.0,5.0,20.0,Sandwich,2023-10-02,Digital Wallet,Takeaway
3052,TXN_3706457,1.5,5.0,7.5,Tea,2023-07-18,Credit Card,Takeaway
3053,TXN_3708535,2.0,5.0,10.0,Coffee,2023-05-02,Digital Wallet,In-store
3054,TXN_3709117,4.0,5.0,20.0,Smoothie,2023-02-04,Cash,In-store
3055,TXN_3709394,3.0,4.0,12.0,Juice,2023-01-15,Cash,Takeaway
3056,TXN_3709853,4.0,2.0,8.0,Smoothie,2023-08-21,Credit Card,Takeaway
3057,TXN_3709876,2.0,1.0,2.0,Coffee,2023-11-04,Credit Card,Takeaway
3058,TXN_3710523,4.0,3.0,12.0,Sandwich,2023-10-03,Digital Wallet,In-store
3059,TXN_3711520,1.5,1.0,1.5,Tea,2023-06-29,Digital Wallet,In-store
3060,TXN_3711712,5.0,5.0,25.0,Salad,2023-08-20,Digital Wallet,In-store
3061,TXN_3712466,3.0,5.0,15.0,Cake,2023-04-10,Digital Wallet,Takeaway
3062,TXN_3713527,1.0,4.0,4.0,Cookie,2023-03-08,Digital Wallet,Takeaway
3063,TXN_3713626,4.0,2.0,8.0,Sandwich,2023-12-24,Cash,In-store
3064,TXN_3713880,5.0,5.0,25.0,Salad,2023-06-30,Cash,In-store
3065,TXN_3713976,3.0,2.0,6.0,Juice,2023-11-06,Digital Wallet,Takeaway
3066,TXN_3715065,5.0,3.0,15.0,Salad,2023-03-17,Credit Card,In-store
3067,TXN_3716067,1.5,5.0,7.5,Tea,2023-03-17,Credit Card,In-store
3068,TXN_3716685,4.0,5.0,20.0,Sandwich,2023-03-17,Digital Wallet,Takeaway
3069,TXN_3717307,1.0,1.0,1.0,Cookie,2023-07-02,Credit Card,In-store
3070,TXN_3717372,3.0,2.0,6.0,Juice,2023-02-15,Credit Card,In-store
3071,TXN_3717422,5.0,2.0,10.0,Salad,2023-06-15,Cash,In-store
3072,TXN_3717444,4.0,3.0,12.0,Smoothie,2023-09-07,Digital Wallet,In-store
3073,TXN_3719842,3.0,3.0,9.0,Cake,2023-05-05,Cash,Takeaway
3074,TXN_3720223,3.0,4.0,12.0,Cake,2023-10-22,Cash,Takeaway
3075,TXN_3722720,5.0,2.0,10.0,Salad,2023-06-27,Cash,In-store
3076,TXN_3723007,1.5,3.0,4.5,Tea,2023-05-18,Digital Wallet,In-store
3077,TXN_3725152,2.0,5.0,10.0,Coffee,2023-07-08,Digital Wallet,Takeaway
3078,TXN_3725837,2.0,5.0,10.0,Coffee,2023-10-22,Cash,In-store
3079,TXN_3726397,5.0,5.0,25.0,Salad,2023-01-30,Cash,Takeaway
3080,TXN_3727374,3.0,2.0,6.0,Cake,2023-04-10,Cash,In-store
3081,TXN_3729074,5.0,3.0,15.0,Salad,2023-04-15,Credit Card,In-store
3082,TXN_3730077,1.0,2.0,2.0,Cookie,2023-07-08,Credit Card,Takeaway
3083,TXN_3730415,3.0,4.0,12.0,Cake,2023-04-09,Credit Card,Takeaway
3084,TXN_3732426,4.0,2.0,8.0,Sandwich,2023-03-07,Digital Wallet,In-store
3085,TXN_3733753,4.0,1.0,4.0,Sandwich,2023-03-10,Digital Wallet,Takeaway
3086,TXN_3734446,2.0,5.0,10.0,Coffee,2023-04-16,Digital Wallet,Takeaway
3087,TXN_3736798,2.0,4.0,8.0,Coffee,2023-07-01,Digital Wallet,In-store
3088,TXN_3737378,4.0,1.0,4.0,Smoothie,2023-07-01,Cash,In-store
3089,TXN_3738314,4.0,4.0,16.0,Sandwich,2023-08-06,Credit Card,In-store
3090,TXN_3739424,3.0,1.0,3.0,Juice,2023-06-03,Credit Card,In-store
3091,TXN_3740465,1.0,4.0,4.0,Cookie,2023-03-08,Digital Wallet,Takeaway
3092,TXN_3740505,1.5,2.0,3.0,Tea,2023-11-21,Digital Wallet,In-store
3093,TXN_3740963,5.0,2.0,10.0,Salad,2023-01-22,Digital Wallet,Takeaway
3094,TXN_3741197,3.0,4.0,12.0,Cake,2023-10-13,Credit Card,Takeaway
3095,TXN_3741325,4.0,5.0,20.0,Sandwich,2023-07-04,Digital Wallet,In-store
3096,TXN_3743107,2.0,4.0,8.0,Coffee,2023-01-14,Cash,Takeaway
3097,TXN_3743336,5.0,2.0,10.0,Salad,2023-02-21,Digital Wallet,In-store
3098,TXN_3744962,5.0,1.0,5.0,Salad,2023-07-26,Cash,In-store
3099,TXN_3744974,3.0,1.0,3.0,Juice,2023-01-09,Digital Wallet,In-store
3100,TXN_3745153,4.0,4.0,16.0,Smoothie,2023-06-30,Digital Wallet,In-store
3101,TXN_3746260,4.0,5.0,20.0,Smoothie,2023-08-26,Digital Wallet,Takeaway
3102,TXN_3747376,1.0,2.0,2.0,Cookie,2023-11-03,Digital Wallet,Takeaway
3103,TXN_3748616,2.0,2.0,4.0,Coffee,2023-12-09,Credit Card,In-store
3104,TXN_3749051,4.0,3.0,12.0,Sandwich,2023-04-19,Credit Card,Takeaway
3105,TXN_3749365,1.0,3.0,3.0,Cookie,2023-01-19,Cash,Takeaway
3106,TXN_3749801,3.0,5.0,15.0,Cake,2023-01-03,Credit Card,Takeaway
3107,TXN_3750900,1.5,2.0,3.0,Tea,2023-04-03,Credit Card,In-store
3108,TXN_3751420,4.0,5.0,20.0,Sandwich,2023-11-20,Credit Card,Takeaway
3109,TXN_3752448,3.0,5.0,15.0,Cake,2023-05-16,Digital Wallet,Takeaway
3110,TXN_3753993,4.0,5.0,20.0,Sandwich,2023-04-01,Credit Card,In-store
3111,TXN_3754190,3.0,3.0,9.0,Juice,2023-04-01,Digital Wallet,In-store
3112,TXN_3755379,1.0,2.0,2.0,Cookie,2023-11-19,Digital Wallet,In-store
3113,TXN_3755657,4.0,2.0,8.0,Smoothie,2023-03-24,Digital Wallet,In-store
3114,TXN_3756680,1.5,2.0,3.0,Tea,2023-08-30,Credit Card,In-store
3115,TXN_3758250,5.0,3.0,15.0,Salad,2023-09-08,Cash,In-store
3116,TXN_3758861,4.0,3.0,12.0,Smoothie,2023-07-03,Credit Card,In-store
3117,TXN_3760598,3.0,3.0,9.0,Cake,2023-10-24,Digital Wallet,In-store
3118,TXN_3762778,2.0,5.0,10.0,Coffee,2023-06-14,Digital Wallet,Takeaway
3119,TXN_3764807,4.0,2.0,8.0,Smoothie,2023-08-28,Digital Wallet,In-store
3120,TXN_3765707,4.0,1.0,4.0,Sandwich,2023-06-10,Credit Card,In-store
3121,TXN_3766378,3.0,1.0,3.0,Juice,2023-08-18,Cash,Takeaway
3122,TXN_3766657,4.0,5.0,20.0,Smoothie,2023-08-16,Digital Wallet,In-store
3123,TXN_3767196,5.0,4.0,20.0,Salad,2023-08-30,Cash,In-store
3124,TXN_3769567,1.0,1.0,1.0,Cookie,2023-02-10,Digital Wallet,In-store
3125,TXN_3770267,3.0,2.0,6.0,Cake,2023-10-21,Cash,Takeaway
3126,TXN_3771902,3.0,5.0,15.0,Juice,2023-03-31,Cash,Takeaway
3127,TXN_3774886,4.0,3.0,12.0,Sandwich,2023-06-01,Credit Card,In-store
3128,TXN_3775339,1.0,3.0,3.0,Cookie,2023-04-03,Credit Card,Takeaway
3129,TXN_3776109,5.0,1.0,5.0,Salad,2023-05-20,Cash,In-store
3130,TXN_3779292,5.0,2.0,10.0,Salad,2023-12-30,Credit Card,In-store
3131,TXN_3779320,1.5,4.0,6.0,Tea,2023-03-27,Credit Card,In-store
3132,TXN_3779366,1.0,1.0,1.0,Cookie,2023-04-15,Digital Wallet,In-store
3133,TXN_3779640,1.5,1.0,1.5,Tea,2023-05-16,Digital Wallet,In-store
3134,TXN_3781198,3.0,3.0,9.0,Cake,2023-11-04,Digital Wallet,In-store
3135,TXN_3781240,3.0,5.0,15.0,Cake,2023-05-27,Cash,Takeaway
3136,TXN_3783903,1.5,4.0,6.0,Tea,2023-06-25,Digital Wallet,In-store
3137,TXN_3784001,4.0,1.0,4.0,Sandwich,2023-06-25,Credit Card,Takeaway
3138,TXN_3785049,4.0,4.0,16.0,Sandwich,2023-11-26,Credit Card,In-store
3139,TXN_3785168,3.0,3.0,9.0,Juice,2023-05-01,Digital Wallet,Takeaway
3140,TXN_3785678,1.5,1.0,1.5,Tea,2023-03-13,Credit Card,Takeaway
3141,TXN_3786188,1.5,3.0,4.5,Tea,2023-10-20,Credit Card,In-store
3142,TXN_3786518,5.0,1.0,5.0,Salad,2023-09-16,Credit Card,In-store
3143,TXN_3787234,1.5,2.0,3.0,Tea,2023-03-15,Digital Wallet,In-store
3144,TXN_3787265,5.0,1.0,5.0,Salad,2023-12-16,Credit Card,In-store
3145,TXN_3787941,1.5,2.0,3.0,Tea,2023-12-16,Digital Wallet,In-store
3146,TXN_3789752,3.0,3.0,9.0,Juice,2023-12-16,Digital Wallet,Takeaway
3147,TXN_3790025,4.0,1.0,4.0,Sandwich,2023-10-07,Cash,In-store
3148,TXN_3791639,3.0,4.0,12.0,Juice,2023-10-07,Digital Wallet,In-store
3149,TXN_3792125,5.0,5.0,25.0,Salad,2023-08-25,Credit Card,In-store
3150,TXN_3792683,5.0,4.0,20.0,Salad,2023-08-06,Digital Wallet,In-store
3151,TXN_3793672,1.0,5.0,5.0,Cookie,2023-01-14,Credit Card,Takeaway
3152,TXN_3794410,3.0,4.0,12.0,Cake,2023-12-06,Credit Card,Takeaway
3153,TXN_3794585,4.0,1.0,4.0,Sandwich,2023-02-10,Credit Card,In-store
3154,TXN_3799280,2.0,5.0,10.0,Coffee,2023-09-23,Cash,Takeaway
3155,TXN_3800182,1.5,2.0,3.0,Tea,2023-10-26,Cash,In-store
3156,TXN_3800253,3.0,2.0,6.0,Cake,2023-01-15,Cash,Takeaway
3157,TXN_3801179,3.0,2.0,6.0,Juice,2023-12-07,Cash,In-store
3158,TXN_3801338,4.0,3.0,12.0,Sandwich,2023-11-03,Credit Card,In-store
3159,TXN_3801485,2.0,5.0,10.0,Coffee,2023-11-10,Credit Card,In-store
3160,TXN_3801966,4.0,4.0,16.0,Sandwich,2023-01-14,Digital Wallet,In-store
3161,TXN_3803063,3.0,4.0,12.0,Juice,2023-11-23,Credit Card,Takeaway
3162,TXN_3803732,5.0,4.0,20.0,Salad,2023-01-08,Digital Wallet,In-store
3163,TXN_3808639,3.0,2.0,6.0,Juice,2023-12-15,Digital Wallet,Takeaway
3164,TXN_3808895,5.0,2.0,10.0,Salad,2023-07-13,Cash,In-store
3165,TXN_3809533,3.0,2.0,6.0,Juice,2023-02-02,Digital Wallet,Takeaway
3166,TXN_3809941,1.0,4.0,4.0,Cookie,2023-11-01,Credit Card,Takeaway
3167,TXN_3810451,3.0,4.0,12.0,Juice,2023-11-01,Digital Wallet,In-store
3168,TXN_3811655,4.0,2.0,8.0,Smoothie,2023-11-01,Digital Wallet,In-store
3169,TXN_3812053,2.0,5.0,10.0,Coffee,2023-04-03,Digital Wallet,In-store
3170,TXN_3815345,1.0,5.0,5.0,Cookie,2023-09-16,Cash,In-store
3171,TXN_3816131,3.0,3.0,9.0,Juice,2023-01-23,Digital Wallet,In-store
3172,TXN_3817784,5.0,1.0,5.0,Salad,2023-11-25,Cash,In-store
3173,TXN_3818464,3.0,2.0,6.0,Cake,2023-03-02,Cash,In-store
3174,TXN_3819085,4.0,1.0,4.0,Sandwich,2023-11-23,Credit Card,Takeaway
3175,TXN_3819405,3.0,4.0,12.0,Juice,2023-02-16,Digital Wallet,In-store
3176,TXN_3820150,1.5,1.0,1.5,Tea,2023-05-10,Digital Wallet,In-store
3177,TXN_3821298,4.0,5.0,20.0,Sandwich,2023-04-26,Credit Card,In-store
3178,TXN_3822036,4.0,3.0,12.0,Smoothie,2023-05-07,Credit Card,Takeaway
3179,TXN_3824443,4.0,3.0,12.0,Smoothie,2023-10-08,Digital Wallet,In-store
3180,TXN_3826038,5.0,1.0,5.0,Salad,2023-10-20,Cash,Takeaway
3181,TXN_3826298,1.0,3.0,3.0,Cookie,2023-11-28,Digital Wallet,Takeaway
3182,TXN_3827851,2.0,1.0,2.0,Coffee,2023-01-09,Digital Wallet,Takeaway
3183,TXN_3828620,5.0,1.0,5.0,Salad,2023-10-15,Cash,In-store
3184,TXN_3829165,3.0,4.0,12.0,Juice,2023-06-15,Cash,In-store
3185,TXN_3829375,3.0,5.0,15.0,Juice,2023-12-18,Cash,In-store
3186,TXN_3830605,2.0,1.0,2.0,Coffee,2023-12-07,Digital Wallet,Takeaway
3187,TXN_3830888,2.0,4.0,8.0,Coffee,2023-02-20,Digital Wallet,In-store
3188,TXN_3831364,1.5,1.0,1.5,Tea,2023-03-03,Digital Wallet,In-store
3189,TXN_3831848,4.0,1.0,4.0,Sandwich,2023-11-03,Digital Wallet,Takeaway
3190,TXN_3832513,5.0,1.0,5.0,Salad,2023-02-13,Cash,Takeaway
3191,TXN_3833729,4.0,4.0,16.0,Smoothie,2023-11-13,Digital Wallet,In-store
3192,TXN_3833797,2.0,4.0,8.0,Coffee,2023-01-27,Digital Wallet,In-store
3193,TXN_3834078,3.0,1.0,3.0,Juice,2023-01-29,Digital Wallet,In-store
3194,TXN_3835043,3.0,2.0,6.0,Juice,2023-12-29,Cash,In-store
3195,TXN_3838923,3.0,4.0,12.0,Juice,2023-06-03,Digital Wallet,Takeaway
3196,TXN_3839691,2.0,4.0,8.0,Coffee,2023-02-13,Credit Card,In-store
3197,TXN_3840523,4.0,2.0,8.0,Sandwich,2023-12-27,Credit Card,In-store
3198,TXN_3841683,4.0,1.0,4.0,Sandwich,2023-06-20,Credit Card,In-store
3199,TXN_3842567,5.0,1.0,5.0,Salad,2023-03-13,Credit Card,In-store
3200,TXN_3842766,1.5,3.0,4.5,Tea,2023-03-24,Credit Card,In-store
3201,TXN_3842881,5.0,5.0,25.0,Salad,2023-01-25,Cash,In-store
3202,TXN_3843111,4.0,2.0,8.0,Smoothie,2023-09-15,Digital Wallet,In-store
3203,TXN_3843541,5.0,3.0,15.0,Salad,2023-03-06,Credit Card,In-store
3204,TXN_3843943,1.5,5.0,7.5,Tea,2023-07-01,Digital Wallet,Takeaway
3205,TXN_3844347,4.0,4.0,16.0,Sandwich,2023-10-04,Cash,In-store
3206,TXN_3845754,1.5,4.0,6.0,Tea,2023-11-25,Digital Wallet,Takeaway
3207,TXN_3845871,4.0,1.0,4.0,Sandwich,2023-10-29,Credit Card,In-store
3208,TXN_3846628,3.0,1.0,3.0,Juice,2023-10-16,Digital Wallet,Takeaway
3209,TXN_3847176,4.0,3.0,12.0,Sandwich,2023-05-07,Credit Card,Takeaway
3210,TXN_3847405,4.0,1.0,4.0,Sandwich,2023-06-15,Digital Wallet,Takeaway
3211,TXN_3848261,1.5,2.0,3.0,Tea,2023-08-03,Digital Wallet,Takeaway
3212,TXN_3849488,5.0,1.0,5.0,Salad,2023-03-01,Cash,In-store
3213,TXN_3849711,4.0,5.0,20.0,Smoothie,2023-08-14,Cash,In-store
3214,TXN_3850274,3.0,5.0,15.0,Juice,2023-09-08,Digital Wallet,In-store
3215,TXN_3851247,3.0,1.0,3.0,Cake,2023-11-23,Credit Card,In-store
3216,TXN_3851928,3.0,3.0,9.0,Juice,2023-02-07,Credit Card,In-store
3217,TXN_3852141,3.0,5.0,15.0,Cake,2023-08-04,Credit Card,In-store
3218,TXN_3854036,3.0,3.0,9.0,Juice,2023-11-07,Cash,In-store
3219,TXN_3854210,4.0,1.0,4.0,Smoothie,2023-12-30,Cash,In-store
3220,TXN_3854285,5.0,3.0,15.0,Salad,2023-07-18,Cash,Takeaway
3221,TXN_3855408,1.0,1.0,1.0,Cookie,2023-06-02,Cash,Takeaway
3222,TXN_3856021,5.0,1.0,5.0,Salad,2023-02-24,Credit Card,In-store
3223,TXN_3856427,3.0,4.0,12.0,Juice,2023-03-25,Digital Wallet,In-store
3224,TXN_3856510,4.0,5.0,20.0,Smoothie,2023-10-21,Cash,In-store
3225,TXN_3857768,2.0,2.0,4.0,Coffee,2023-01-04,Credit Card,Takeaway
3226,TXN_3857960,5.0,4.0,20.0,Salad,2023-04-26,Cash,In-store
3227,TXN_3858126,4.0,2.0,8.0,Smoothie,2023-08-25,Digital Wallet,In-store
3228,TXN_3858209,4.0,4.0,16.0,Sandwich,2023-02-22,Cash,In-store
3229,TXN_3858288,1.5,2.0,3.0,Tea,2023-04-12,Digital Wallet,In-store
3230,TXN_3858607,5.0,5.0,25.0,Salad,2023-12-02,Digital Wallet,In-store
3231,TXN_3858791,1.0,5.0,5.0,Cookie,2023-06-25,Credit Card,Takeaway
3232,TXN_3863163,1.0,3.0,3.0,Cookie,2023-10-12,Digital Wallet,Takeaway
3233,TXN_3863625,5.0,5.0,25.0,Salad,2023-09-04,Cash,In-store
3234,TXN_3863940,5.0,2.0,10.0,Salad,2023-06-18,Cash,In-store
3235,TXN_3864453,1.0,5.0,5.0,Cookie,2023-11-15,Digital Wallet,Takeaway
3236,TXN_3865224,2.0,3.0,6.0,Coffee,2023-07-25,Digital Wallet,Takeaway
3237,TXN_3865627,2.0,4.0,8.0,Coffee,2023-02-16,Digital Wallet,In-store
3238,TXN_3865641,3.0,5.0,15.0,Cake,2023-09-15,Digital Wallet,In-store
3239,TXN_3866156,2.0,4.0,8.0,Coffee,2023-02-28,Digital Wallet,Takeaway
3240,TXN_3866162,3.0,5.0,15.0,Cake,2023-06-08,Cash,Takeaway
3241,TXN_3868402,2.0,3.0,6.0,Coffee,2023-01-21,Cash,In-store
3242,TXN_3869150,1.0,3.0,3.0,Cookie,2023-03-26,Cash,Takeaway
3243,TXN_3869958,3.0,1.0,3.0,Cake,2023-01-11,Digital Wallet,Takeaway
3244,TXN_3871837,1.5,3.0,4.5,Tea,2023-12-15,Digital Wallet,Takeaway
3245,TXN_3872616,3.0,2.0,6.0,Cake,2023-10-23,Cash,Takeaway
3246,TXN_3873656,2.0,3.0,6.0,Coffee,2023-09-30,Digital Wallet,Takeaway
3247,TXN_3873718,5.0,1.0,5.0,Salad,2023-03-07,Cash,In-store
3248,TXN_3875049,1.5,2.0,3.0,Tea,2023-09-15,Digital Wallet,Takeaway
3249,TXN_3877580,5.0,2.0,10.0,Salad,2023-05-30,Digital Wallet,In-store
3250,TXN_3877643,3.0,4.0,12.0,Juice,2023-11-15,Cash,In-store
3251,TXN_3879052,2.0,3.0,6.0,Coffee,2023-12-14,Credit Card,Takeaway
3252,TXN_3879110,1.0,4.0,4.0,Cookie,2023-03-18,Credit Card,Takeaway
3253,TXN_3880417,1.0,1.0,1.0,Cookie,2023-06-27,Digital Wallet,In-store
3254,TXN_3880494,4.0,4.0,16.0,Sandwich,2023-12-17,Cash,Takeaway
3255,TXN_3881824,3.0,2.0,6.0,Juice,2023-12-30,Credit Card,In-store
3256,TXN_3882139,4.0,4.0,16.0,Smoothie,2023-12-28,Digital Wallet,In-store
3257,TXN_3883425,4.0,5.0,20.0,Smoothie,2023-07-09,Digital Wallet,In-store
3258,TXN_3884527,4.0,1.0,4.0,Sandwich,2023-06-06,Digital Wallet,In-store
3259,TXN_3884811,2.0,4.0,8.0,Coffee,2023-06-10,Credit Card,Takeaway
3260,TXN_3884995,3.0,5.0,15.0,Juice,2023-12-25,Cash,In-store
3261,TXN_3886176,1.0,4.0,4.0,Cookie,2023-12-25,Cash,Takeaway
3262,TXN_3886177,3.0,3.0,9.0,Cake,2023-07-17,Cash,Takeaway
3263,TXN_3886583,1.5,3.0,4.5,Tea,2023-05-03,Digital Wallet,In-store
3264,TXN_3888864,4.0,1.0,4.0,Sandwich,2023-10-13,Credit Card,In-store
3265,TXN_3889213,3.0,1.0,3.0,Cake,2023-10-13,Credit Card,Takeaway
3266,TXN_3892344,1.0,2.0,2.0,Cookie,2023-07-28,Digital Wallet,Takeaway
3267,TXN_3893480,1.0,3.0,3.0,Cookie,2023-12-24,Digital Wallet,Takeaway
3268,TXN_3893927,5.0,4.0,20.0,Salad,2023-09-14,Cash,In-store
3269,TXN_3894165,4.0,5.0,20.0,Smoothie,2023-03-31,Credit Card,In-store
3270,TXN_3894173,4.0,5.0,20.0,Sandwich,2023-10-07,Digital Wallet,Takeaway
3271,TXN_3894660,3.0,2.0,6.0,Juice,2023-02-09,Digital Wallet,In-store
3272,TXN_3894735,3.0,5.0,15.0,Juice,2023-03-10,Digital Wallet,In-store
3273,TXN_3894820,4.0,5.0,20.0,Sandwich,2023-03-10,Digital Wallet,Takeaway
3274,TXN_3895871,1.0,1.0,1.0,Cookie,2023-05-30,Digital Wallet,In-store
3275,TXN_3896128,3.0,1.0,3.0,Cake,2023-01-04,Cash,In-store
3276,TXN_3897619,4.0,3.0,12.0,Sandwich,2023-02-24,Cash,Takeaway
3277,TXN_3897788,3.0,5.0,15.0,Juice,2023-10-26,Digital Wallet,In-store
3278,TXN_3898445,4.0,3.0,12.0,Sandwich,2023-06-17,Cash,Takeaway
3279,TXN_3898665,4.0,2.0,8.0,Sandwich,2023-03-07,Cash,Takeaway
3280,TXN_3901665,3.0,1.0,3.0,Juice,2023-10-19,Credit Card,Takeaway
3281,TXN_3902135,1.5,4.0,6.0,Tea,2023-06-20,Credit Card,In-store
3282,TXN_3902815,3.0,5.0,15.0,Juice,2023-06-28,Digital Wallet,In-store
3283,TXN_3906862,3.0,5.0,15.0,Cake,2023-08-14,Cash,Takeaway
3284,TXN_3910230,4.0,5.0,20.0,Sandwich,2023-01-05,Cash,Takeaway
3285,TXN_3910293,3.0,4.0,12.0,Cake,2023-01-30,Cash,In-store
3286,TXN_3912440,1.5,2.0,3.0,Tea,2023-05-21,Digital Wallet,In-store
3287,TXN_3912727,1.5,5.0,7.5,Tea,2023-04-13,Digital Wallet,Takeaway
3288,TXN_3912836,5.0,1.0,5.0,Salad,2023-11-23,Credit Card,In-store
3289,TXN_3915802,2.0,3.0,6.0,Coffee,2023-12-16,Cash,Takeaway
3290,TXN_3916668,3.0,2.0,6.0,Juice,2023-05-14,Digital Wallet,In-store
3291,TXN_3917193,3.0,5.0,15.0,Juice,2023-11-17,Credit Card,Takeaway
3292,TXN_3918096,3.0,4.0,12.0,Juice,2023-08-17,Digital Wallet,In-store
3293,TXN_3918515,5.0,4.0,20.0,Salad,2023-03-29,Credit Card,Takeaway
3294,TXN_3918998,2.0,5.0,10.0,Coffee,2023-12-18,Digital Wallet,Takeaway
3295,TXN_3919225,3.0,2.0,6.0,Cake,2023-03-26,Cash,In-store
3296,TXN_3919672,1.0,2.0,2.0,Cookie,2023-11-05,Credit Card,Takeaway
3297,TXN_3919995,1.5,3.0,4.5,Tea,2023-01-26,Cash,Takeaway
3298,TXN_3920273,4.0,4.0,16.0,Smoothie,2023-09-05,Digital Wallet,In-store
3299,TXN_3920436,3.0,2.0,6.0,Juice,2023-11-19,Digital Wallet,In-store
3300,TXN_3923375,3.0,5.0,15.0,Cake,2023-11-19,Credit Card,Takeaway
3301,TXN_3923847,3.0,2.0,6.0,Cake,2023-09-12,Credit Card,Takeaway
3302,TXN_3924170,1.5,3.0,4.5,Tea,2023-08-07,Credit Card,In-store
3303,TXN_3925836,1.0,3.0,3.0,Cookie,2023-02-16,Digital Wallet,In-store
3304,TXN_3926570,2.0,3.0,6.0,Coffee,2023-09-04,Digital Wallet,Takeaway
3305,TXN_3927733,5.0,5.0,25.0,Salad,2023-01-20,Credit Card,Takeaway
3306,TXN_3928174,2.0,3.0,6.0,Coffee,2023-09-11,Digital Wallet,Takeaway
3307,TXN_3928766,3.0,5.0,15.0,Juice,2023-01-14,Digital Wallet,Takeaway
3308,TXN_3930313,1.0,3.0,3.0,Cookie,2023-01-14,Credit Card,Takeaway
3309,TXN_3930540,4.0,3.0,12.0,Smoothie,2023-03-24,Cash,In-store
3310,TXN_3930990,1.5,4.0,6.0,Tea,2023-02-27,Digital Wallet,Takeaway
3311,TXN_3931393,4.0,2.0,8.0,Sandwich,2023-11-18,Digital Wallet,In-store
3312,TXN_3931747,1.0,4.0,4.0,Cookie,2023-01-14,Digital Wallet,Takeaway
3313,TXN_3933290,2.0,1.0,2.0,Coffee,2023-08-05,Digital Wallet,Takeaway
3314,TXN_3936162,1.0,1.0,1.0,Cookie,2023-02-26,Digital Wallet,Takeaway
3315,TXN_3936339,3.0,5.0,15.0,Juice,2023-09-08,Digital Wallet,In-store
3316,TXN_3936883,2.0,2.0,4.0,Coffee,2023-09-08,Digital Wallet,In-store
3317,TXN_3937509,4.0,2.0,8.0,Smoothie,2023-03-20,Digital Wallet,In-store
3318,TXN_3937788,4.0,1.0,4.0,Smoothie,2023-06-27,Cash,In-store
3319,TXN_3938018,2.0,4.0,8.0,Coffee,2023-10-10,Digital Wallet,Takeaway
3320,TXN_3938271,5.0,3.0,15.0,Salad,2023-01-12,Cash,In-store
3321,TXN_3941164,2.0,4.0,8.0,Coffee,2023-04-16,Digital Wallet,Takeaway
3322,TXN_3942164,2.0,4.0,8.0,Coffee,2023-04-16,Credit Card,Takeaway
3323,TXN_3943327,3.0,1.0,3.0,Juice,2023-05-20,Digital Wallet,In-store
3324,TXN_3943666,3.0,4.0,12.0,Juice,2023-03-15,Digital Wallet,Takeaway
3325,TXN_3943672,4.0,4.0,16.0,Sandwich,2023-10-21,Credit Card,In-store
3326,TXN_3944582,1.5,5.0,7.5,Tea,2023-10-21,Digital Wallet,In-store
3327,TXN_3945716,1.5,2.0,3.0,Tea,2023-09-17,Digital Wallet,In-store
3328,TXN_3946544,3.0,5.0,15.0,Cake,2023-09-17,Credit Card,Takeaway
3329,TXN_3947116,4.0,1.0,4.0,Sandwich,2023-01-13,Credit Card,Takeaway
3330,TXN_3947201,1.0,5.0,5.0,Cookie,2023-06-17,Digital Wallet,Takeaway
3331,TXN_3949676,3.0,4.0,12.0,Juice,2023-12-21,Credit Card,In-store
3332,TXN_3950331,1.5,5.0,7.5,Tea,2023-03-02,Digital Wallet,In-store
3333,TXN_3951329,4.0,1.0,4.0,Sandwich,2023-12-28,Credit Card,Takeaway
3334,TXN_3951460,4.0,4.0,16.0,Sandwich,2023-04-21,Credit Card,Takeaway
3335,TXN_3951552,5.0,2.0,10.0,Salad,2023-03-25,Cash,In-store
3336,TXN_3952218,5.0,5.0,25.0,Salad,2023-04-07,Cash,In-store
3337,TXN_3953316,1.0,2.0,2.0,Cookie,2023-06-06,Digital Wallet,Takeaway
3338,TXN_3954378,1.5,4.0,6.0,Tea,2023-08-21,Cash,In-store
3339,TXN_3955361,1.0,5.0,5.0,Cookie,2023-04-02,Digital Wallet,Takeaway
3340,TXN_3956062,2.0,3.0,6.0,Coffee,2023-06-04,Digital Wallet,Takeaway
3341,TXN_3956393,1.0,4.0,4.0,Cookie,2023-01-14,Credit Card,In-store
3342,TXN_3959152,3.0,1.0,3.0,Juice,2023-05-21,Digital Wallet,In-store
3343,TXN_3963927,4.0,4.0,16.0,Sandwich,2023-01-03,Credit Card,In-store
3344,TXN_3964398,3.0,4.0,12.0,Cake,2023-10-20,Credit Card,Takeaway
3345,TXN_3964550,1.5,3.0,4.5,Tea,2023-06-09,Credit Card,Takeaway
3346,TXN_3964624,1.5,3.0,4.5,Tea,2023-09-20,Digital Wallet,In-store
3347,TXN_3966911,1.5,3.0,4.5,Tea,2023-07-16,Credit Card,In-store
3348,TXN_3967103,2.0,5.0,10.0,Coffee,2023-11-14,Cash,Takeaway
3349,TXN_3968170,5.0,1.0,5.0,Salad,2023-08-05,Cash,In-store
3350,TXN_3970335,3.0,5.0,15.0,Juice,2023-09-01,Digital Wallet,Takeaway
3351,TXN_3971440,3.0,4.0,12.0,Cake,2023-10-22,Digital Wallet,Takeaway
3352,TXN_3972167,4.0,5.0,20.0,Sandwich,2023-01-23,Credit Card,In-store
3353,TXN_3974663,3.0,3.0,9.0,Juice,2023-10-02,Cash,Takeaway
3354,TXN_3975938,4.0,3.0,12.0,Sandwich,2023-09-04,Credit Card,In-store
3355,TXN_3976744,3.0,1.0,3.0,Juice,2023-12-25,Cash,In-store
3356,TXN_3977520,2.0,5.0,10.0,Coffee,2023-08-08,Digital Wallet,Takeaway
3357,TXN_3977835,1.5,5.0,7.5,Tea,2023-05-06,Digital Wallet,In-store
3358,TXN_3978874,4.0,5.0,20.0,Smoothie,2023-03-13,Credit Card,In-store
3359,TXN_3979966,4.0,5.0,20.0,Smoothie,2023-08-23,Digital Wallet,Takeaway
3360,TXN_3980743,5.0,1.0,5.0,Salad,2023-09-21,Cash,Takeaway
3361,TXN_3981000,1.5,1.0,1.5,Tea,2023-05-24,Digital Wallet,In-store
3362,TXN_3981406,5.0,4.0,20.0,Salad,2023-04-17,Cash,In-store
3363,TXN_3981449,4.0,2.0,8.0,Smoothie,2023-06-21,Cash,In-store
3364,TXN_3982146,2.0,3.0,6.0,Coffee,2023-07-09,Digital Wallet,In-store
3365,TXN_3982257,2.0,2.0,4.0,Coffee,2023-07-23,Digital Wallet,Takeaway
3366,TXN_3984842,1.5,4.0,6.0,Tea,2023-03-22,Credit Card,Takeaway
3367,TXN_3985301,4.0,2.0,8.0,Smoothie,2023-03-22,Digital Wallet,In-store
3368,TXN_3985920,5.0,5.0,25.0,Salad,2023-03-29,Digital Wallet,In-store
3369,TXN_3986639,5.0,1.0,5.0,Salad,2023-10-09,Credit Card,In-store
3370,TXN_3986876,3.0,3.0,9.0,Cake,2023-11-06,Cash,Takeaway
3371,TXN_3987718,1.5,4.0,6.0,Tea,2023-12-24,Digital Wallet,In-store
3372,TXN_3994585,3.0,3.0,9.0,Cake,2023-07-24,Digital Wallet,In-store
3373,TXN_3995266,4.0,1.0,4.0,Sandwich,2023-04-21,Credit Card,In-store
3374,TXN_3995843,4.0,3.0,12.0,Sandwich,2023-12-31,Credit Card,In-store
3375,TXN_3996874,1.5,4.0,6.0,Tea,2023-05-18,Digital Wallet,In-store
3376,TXN_3999554,2.0,1.0,2.0,Coffee,2023-09-13,Credit Card,Takeaway
3377,TXN_3999862,1.5,4.0,6.0,Tea,2023-07-11,Digital Wallet,In-store
3378,TXN_4000025,1.5,5.0,7.5,Tea,2023-06-12,Digital Wallet,Takeaway
3379,TXN_4001763,3.0,3.0,9.0,Juice,2023-05-11,Digital Wallet,Takeaway
3380,TXN_4001774,1.5,5.0,7.5,Tea,2023-02-10,Digital Wallet,Takeaway
3381,TXN_4002142,3.0,5.0,15.0,Cake,2023-06-27,Cash,Takeaway
3382,TXN_4002629,3.0,5.0,15.0,Cake,2023-06-15,Credit Card,In-store
3383,TXN_4003040,1.0,4.0,4.0,Cookie,2023-09-12,Credit Card,In-store
3384,TXN_4003831,1.0,1.0,1.0,Cookie,2023-09-12,Credit Card,Takeaway
3385,TXN_4005014,4.0,1.0,4.0,Sandwich,2023-07-10,Digital Wallet,Takeaway
3386,TXN_4006067,3.0,4.0,12.0,Juice,2023-01-30,Cash,Takeaway
3387,TXN_4006771,1.0,3.0,3.0,Cookie,2023-02-06,Credit Card,Takeaway
3388,TXN_4007285,4.0,5.0,20.0,Sandwich,2023-01-16,Digital Wallet,In-store
3389,TXN_4007506,5.0,1.0,5.0,Salad,2023-01-19,Cash,In-store
3390,TXN_4007522,3.0,2.0,6.0,Cake,2023-12-20,Cash,Takeaway
3391,TXN_4008135,1.0,5.0,5.0,Cookie,2023-11-25,Cash,Takeaway
3392,TXN_4008899,5.0,4.0,20.0,Salad,2023-05-07,Cash,In-store
3393,TXN_4009547,3.0,4.0,12.0,Juice,2023-05-13,Credit Card,In-store
3394,TXN_4009914,4.0,2.0,8.0,Sandwich,2023-05-13,Credit Card,In-store
3395,TXN_4010658,1.5,5.0,7.5,Tea,2023-09-26,Digital Wallet,In-store
3396,TXN_4011509,4.0,4.0,16.0,Smoothie,2023-11-10,Digital Wallet,In-store
3397,TXN_4011694,2.0,1.0,2.0,Coffee,2023-09-02,Credit Card,In-store
3398,TXN_4013761,2.0,3.0,6.0,Coffee,2023-09-07,Digital Wallet,Takeaway
3399,TXN_4015101,4.0,1.0,4.0,Sandwich,2023-01-18,Credit Card,In-store
3400,TXN_4015427,1.0,5.0,5.0,Cookie,2023-08-05,Credit Card,Takeaway
3401,TXN_4015634,1.5,2.0,3.0,Tea,2023-06-28,Digital Wallet,In-store
3402,TXN_4015710,3.0,4.0,12.0,Juice,2023-05-18,Cash,In-store
3403,TXN_4019040,1.5,1.0,1.5,Tea,2023-02-01,Cash,In-store
3404,TXN_4019047,2.0,2.0,4.0,Coffee,2023-09-14,Digital Wallet,Takeaway
3405,TXN_4020074,1.0,3.0,3.0,Cookie,2023-03-01,Digital Wallet,Takeaway
3406,TXN_4020100,1.0,1.0,1.0,Cookie,2023-08-09,Cash,In-store
3407,TXN_4021467,2.0,2.0,4.0,Coffee,2023-04-02,Digital Wallet,Takeaway
3408,TXN_4023091,4.0,3.0,12.0,Smoothie,2023-07-24,Credit Card,In-store
3409,TXN_4026277,1.5,3.0,4.5,Tea,2023-08-27,Digital Wallet,In-store
3410,TXN_4028494,3.0,3.0,9.0,Cake,2023-10-22,Digital Wallet,In-store
3411,TXN_4030010,4.0,5.0,20.0,Sandwich,2023-10-22,Credit Card,Takeaway
3412,TXN_4030181,4.0,5.0,20.0,Smoothie,2023-09-20,Credit Card,In-store
3413,TXN_4030197,5.0,3.0,15.0,Salad,2023-03-05,Credit Card,Takeaway
3414,TXN_4030519,4.0,2.0,8.0,Smoothie,2023-01-22,Digital Wallet,Takeaway
3415,TXN_4030763,5.0,2.0,10.0,Salad,2023-06-17,Cash,Takeaway
3416,TXN_4031509,4.0,4.0,16.0,Sandwich,2023-01-04,Credit Card,Takeaway
3417,TXN_4031726,3.0,4.0,12.0,Cake,2023-11-22,Credit Card,Takeaway
3418,TXN_4032956,2.0,5.0,10.0,Coffee,2023-03-15,Credit Card,Takeaway
3419,TXN_4033802,1.5,3.0,4.5,Tea,2023-03-02,Cash,Takeaway
3420,TXN_4033888,4.0,2.0,8.0,Sandwich,2023-02-04,Cash,In-store
3421,TXN_4033982,1.5,2.0,3.0,Tea,2023-01-04,Credit Card,Takeaway
3422,TXN_4035164,3.0,5.0,15.0,Juice,2023-11-26,Digital Wallet,In-store
3423,TXN_4035669,3.0,3.0,9.0,Juice,2023-04-21,Cash,In-store
3424,TXN_4036214,3.0,2.0,6.0,Cake,2023-10-17,Credit Card,Takeaway
3425,TXN_4036747,4.0,1.0,4.0,Smoothie,2023-05-27,Cash,Takeaway
3426,TXN_4037502,2.0,2.0,4.0,Coffee,2023-08-10,Cash,Takeaway
3427,TXN_4038488,3.0,3.0,9.0,Juice,2023-12-05,Credit Card,In-store
3428,TXN_4039864,3.0,2.0,6.0,Cake,2023-07-24,Cash,In-store
3429,TXN_4040941,1.0,1.0,1.0,Cookie,2023-02-20,Cash,In-store
3430,TXN_4040989,4.0,1.0,4.0,Sandwich,2023-03-02,Credit Card,In-store
3431,TXN_4041845,3.0,5.0,15.0,Juice,2023-12-01,Digital Wallet,In-store
3432,TXN_4046039,3.0,5.0,15.0,Juice,2023-04-20,Digital Wallet,In-store
3433,TXN_4046095,3.0,2.0,6.0,Juice,2023-10-12,Digital Wallet,Takeaway
3434,TXN_4048203,4.0,2.0,8.0,Smoothie,2023-12-13,Digital Wallet,Takeaway
3435,TXN_4048690,3.0,3.0,9.0,Cake,2023-09-06,Cash,In-store
3436,TXN_4049031,2.0,5.0,10.0,Coffee,2023-08-22,Digital Wallet,Takeaway
3437,TXN_4049270,2.0,5.0,10.0,Coffee,2023-07-28,Digital Wallet,In-store
3438,TXN_4049949,1.0,1.0,1.0,Cookie,2023-11-06,Digital Wallet,Takeaway
3439,TXN_4051488,1.0,4.0,4.0,Cookie,2023-06-09,Digital Wallet,Takeaway
3440,TXN_4052950,5.0,2.0,10.0,Salad,2023-03-13,Credit Card,In-store
3441,TXN_4055876,5.0,3.0,15.0,Salad,2023-10-15,Credit Card,In-store
3442,TXN_4059695,5.0,3.0,15.0,Salad,2023-12-30,Cash,Takeaway
3443,TXN_4059912,4.0,3.0,12.0,Sandwich,2023-04-21,Credit Card,In-store
3444,TXN_4060160,2.0,4.0,8.0,Coffee,2023-07-05,Digital Wallet,In-store
3445,TXN_4060215,5.0,3.0,15.0,Salad,2023-01-12,Credit Card,In-store
3446,TXN_4060332,4.0,3.0,12.0,Smoothie,2023-07-10,Credit Card,Takeaway
3447,TXN_4060538,3.0,2.0,6.0,Cake,2023-09-08,Digital Wallet,Takeaway
3448,TXN_4062032,1.5,5.0,7.5,Tea,2023-10-28,Digital Wallet,In-store
3449,TXN_4062634,5.0,2.0,10.0,Salad,2023-04-05,Credit Card,In-store
3450,TXN_4062737,3.0,3.0,9.0,Cake,2023-07-02,Cash,In-store
3451,TXN_4064245,3.0,3.0,9.0,Juice,2023-02-20,Credit Card,Takeaway
3452,TXN_4064310,1.5,4.0,6.0,Tea,2023-07-24,Cash,Takeaway
3453,TXN_4064326,1.0,2.0,2.0,Cookie,2023-01-07,Cash,Takeaway
3454,TXN_4067814,1.5,5.0,7.5,Tea,2023-12-20,Cash,In-store
3455,TXN_4068183,4.0,4.0,16.0,Smoothie,2023-08-01,Digital Wallet,In-store
3456,TXN_4068262,5.0,2.0,10.0,Salad,2023-05-13,Credit Card,In-store
3457,TXN_4069354,5.0,1.0,5.0,Salad,2023-08-18,Cash,In-store
3458,TXN_4070040,3.0,1.0,3.0,Cake,2023-08-18,Cash,Takeaway
3459,TXN_4071743,2.0,5.0,10.0,Coffee,2023-07-06,Digital Wallet,Takeaway
3460,TXN_4071945,3.0,1.0,3.0,Cake,2023-07-17,Cash,Takeaway
3461,TXN_4074732,5.0,3.0,15.0,Salad,2023-04-09,Credit Card,In-store
3462,TXN_4075053,4.0,3.0,12.0,Sandwich,2023-02-27,Digital Wallet,Takeaway
3463,TXN_4075198,5.0,5.0,25.0,Salad,2023-08-27,Cash,In-store
3464,TXN_4075432,4.0,5.0,20.0,Sandwich,2023-09-12,Cash,In-store
3465,TXN_4075817,1.0,2.0,2.0,Cookie,2023-03-18,Cash,Takeaway
3466,TXN_4075863,4.0,3.0,12.0,Smoothie,2023-05-21,Cash,Takeaway
3467,TXN_4076392,2.0,3.0,6.0,Coffee,2023-12-24,Digital Wallet,In-store
3468,TXN_4076463,1.0,3.0,3.0,Cookie,2023-06-25,Digital Wallet,Takeaway
3469,TXN_4076575,4.0,3.0,12.0,Smoothie,2023-01-18,Digital Wallet,Takeaway
3470,TXN_4076631,3.0,4.0,12.0,Juice,2023-07-21,Cash,In-store
3471,TXN_4077799,3.0,4.0,12.0,Cake,2023-08-12,Digital Wallet,Takeaway
3472,TXN_4078284,2.0,1.0,2.0,Coffee,2023-05-14,Credit Card,Takeaway
3473,TXN_4081759,2.0,2.0,4.0,Coffee,2023-09-30,Digital Wallet,Takeaway
3474,TXN_4082099,3.0,2.0,6.0,Juice,2023-06-01,Credit Card,In-store
3475,TXN_4083004,4.0,5.0,20.0,Sandwich,2023-03-06,Credit Card,Takeaway
3476,TXN_4083736,2.0,1.0,2.0,Coffee,2023-08-21,Digital Wallet,In-store
3477,TXN_4083872,5.0,2.0,10.0,Salad,2023-08-05,Digital Wallet,Takeaway
3478,TXN_4084052,3.0,2.0,6.0,Juice,2023-06-30,Digital Wallet,In-store
3479,TXN_4084177,1.0,3.0,3.0,Cookie,2023-08-13,Credit Card,In-store
3480,TXN_4084548,5.0,2.0,10.0,Salad,2023-07-21,Cash,In-store
3481,TXN_4085337,4.0,3.0,12.0,Smoothie,2023-10-25,Digital Wallet,In-store
3482,TXN_4087571,1.0,2.0,2.0,Cookie,2023-11-24,Digital Wallet,Takeaway
3483,TXN_4088917,2.0,3.0,6.0,Coffee,2023-02-04,Cash,Takeaway
3484,TXN_4089089,4.0,5.0,20.0,Smoothie,2023-10-26,Digital Wallet,In-store
3485,TXN_4089355,5.0,2.0,10.0,Salad,2023-02-18,Credit Card,Takeaway
3486,TXN_4090464,4.0,5.0,20.0,Sandwich,2023-01-16,Cash,Takeaway
3487,TXN_4090904,1.5,5.0,7.5,Tea,2023-08-04,Digital Wallet,In-store
3488,TXN_4092551,3.0,5.0,15.0,Juice,2023-10-11,Credit Card,Takeaway
3489,TXN_4095768,5.0,5.0,25.0,Salad,2023-06-18,Digital Wallet,In-store
3490,TXN_4096757,5.0,5.0,25.0,Salad,2023-07-20,Credit Card,In-store
3491,TXN_4096816,2.0,3.0,6.0,Coffee,2023-11-02,Digital Wallet,Takeaway
3492,TXN_4097922,5.0,3.0,15.0,Salad,2023-01-16,Cash,In-store
3493,TXN_4099487,4.0,5.0,20.0,Sandwich,2023-01-25,Digital Wallet,In-store
3494,TXN_4103665,2.0,4.0,8.0,Coffee,2023-04-30,Digital Wallet,In-store
3495,TXN_4104718,1.0,2.0,2.0,Cookie,2023-11-08,Cash,Takeaway
3496,TXN_4105487,4.0,4.0,16.0,Sandwich,2023-04-13,Digital Wallet,In-store
3497,TXN_4107706,5.0,1.0,5.0,Salad,2023-11-23,Cash,In-store
3498,TXN_4107857,1.5,1.0,1.5,Tea,2023-01-29,Credit Card,Takeaway
3499,TXN_4108120,2.0,2.0,4.0,Coffee,2023-06-14,Digital Wallet,In-store
3500,TXN_4108138,2.0,5.0,10.0,Coffee,2023-08-03,Cash,Takeaway
3501,TXN_4108567,2.0,2.0,4.0,Coffee,2023-08-14,Cash,Takeaway
3502,TXN_4108869,4.0,5.0,20.0,Smoothie,2023-05-02,Digital Wallet,In-store
3503,TXN_4109764,3.0,3.0,9.0,Juice,2023-07-12,Credit Card,In-store
3504,TXN_4112230,4.0,5.0,20.0,Smoothie,2023-11-19,Digital Wallet,Takeaway
3505,TXN_4114503,5.0,5.0,25.0,Salad,2023-11-07,Cash,Takeaway
3506,TXN_4114843,4.0,2.0,8.0,Sandwich,2023-05-17,Cash,In-store
3507,TXN_4116036,5.0,2.0,10.0,Salad,2023-01-22,Credit Card,In-store
3508,TXN_4117627,3.0,3.0,9.0,Cake,2023-06-22,Credit Card,In-store
3509,TXN_4118960,4.0,5.0,20.0,Smoothie,2023-09-24,Credit Card,Takeaway
3510,TXN_4119210,1.5,3.0,4.5,Tea,2023-05-02,Cash,In-store
3511,TXN_4120124,2.0,1.0,2.0,Coffee,2023-06-08,Digital Wallet,Takeaway
3512,TXN_4122925,1.0,4.0,4.0,Cookie,2023-10-20,Digital Wallet,Takeaway
3513,TXN_4125165,2.0,5.0,10.0,Coffee,2023-04-16,Cash,Takeaway
3514,TXN_4125474,5.0,2.0,10.0,Salad,2023-08-02,Credit Card,In-store
3515,TXN_4125871,3.0,4.0,12.0,Juice,2023-12-16,Digital Wallet,In-store
3516,TXN_4125921,3.0,5.0,15.0,Juice,2023-01-26,Credit Card,In-store
3517,TXN_4126189,1.5,1.0,1.5,Tea,2023-09-30,Credit Card,In-store
3518,TXN_4127927,5.0,5.0,25.0,Salad,2023-08-04,Cash,Takeaway
3519,TXN_4128086,1.5,4.0,6.0,Tea,2023-05-29,Digital Wallet,In-store
3520,TXN_4128921,5.0,4.0,20.0,Salad,2023-09-11,Cash,Takeaway
3521,TXN_4129248,4.0,2.0,8.0,Sandwich,2023-09-11,Credit Card,In-store
3522,TXN_4129476,2.0,2.0,4.0,Coffee,2023-10-24,Cash,Takeaway
3523,TXN_4129569,1.0,4.0,4.0,Cookie,2023-08-27,Digital Wallet,Takeaway
3524,TXN_4130343,2.0,4.0,8.0,Coffee,2023-12-08,Credit Card,In-store
3525,TXN_4130861,5.0,2.0,10.0,Salad,2023-12-08,Credit Card,In-store
3526,TXN_4131020,4.0,2.0,8.0,Sandwich,2023-06-15,Credit Card,In-store
3527,TXN_4132730,1.0,5.0,5.0,Cookie,2023-03-12,Digital Wallet,In-store
3528,TXN_4134253,1.5,4.0,6.0,Tea,2023-10-07,Cash,In-store
3529,TXN_4134478,3.0,2.0,6.0,Juice,2023-06-25,Credit Card,Takeaway
3530,TXN_4134594,4.0,3.0,12.0,Sandwich,2023-09-27,Digital Wallet,In-store
3531,TXN_4135134,1.0,5.0,5.0,Cookie,2023-08-11,Credit Card,Takeaway
3532,TXN_4135454,4.0,4.0,16.0,Sandwich,2023-07-23,Credit Card,In-store
3533,TXN_4135861,5.0,2.0,10.0,Salad,2023-03-16,Credit Card,In-store
3534,TXN_4138399,1.0,5.0,5.0,Cookie,2023-07-03,Credit Card,Takeaway
3535,TXN_4139983,1.5,5.0,7.5,Tea,2023-10-16,Cash,Takeaway
3536,TXN_4140167,2.0,2.0,4.0,Coffee,2023-06-29,Cash,Takeaway
3537,TXN_4141765,3.0,5.0,15.0,Cake,2023-12-17,Cash,Takeaway
3538,TXN_4141868,1.5,3.0,4.5,Tea,2023-02-08,Credit Card,In-store
3539,TXN_4141941,2.0,2.0,4.0,Coffee,2023-05-18,Digital Wallet,In-store
3540,TXN_4142781,4.0,5.0,20.0,Sandwich,2023-01-30,Digital Wallet,Takeaway
3541,TXN_4143264,5.0,1.0,5.0,Salad,2023-08-17,Credit Card,Takeaway
3542,TXN_4143449,4.0,3.0,12.0,Smoothie,2023-08-23,Digital Wallet,In-store
3543,TXN_4146452,4.0,1.0,4.0,Smoothie,2023-05-31,Digital Wallet,Takeaway
3544,TXN_4146795,1.5,5.0,7.5,Tea,2023-10-29,Cash,In-store
3545,TXN_4147073,3.0,4.0,12.0,Juice,2023-06-16,Cash,Takeaway
3546,TXN_4147675,1.5,2.0,3.0,Tea,2023-01-04,Credit Card,In-store
3547,TXN_4150495,1.0,2.0,2.0,Cookie,2023-04-12,Cash,Takeaway
3548,TXN_4151440,3.0,5.0,15.0,Cake,2023-11-16,Cash,In-store
3549,TXN_4152036,3.0,2.0,6.0,Juice,2023-11-16,Cash,In-store
3550,TXN_4152262,5.0,2.0,10.0,Salad,2023-06-19,Digital Wallet,In-store
3551,TXN_4152460,4.0,3.0,12.0,Sandwich,2023-05-01,Cash,Takeaway
3552,TXN_4152709,4.0,4.0,16.0,Sandwich,2023-12-03,Credit Card,In-store
3553,TXN_4152991,4.0,5.0,20.0,Sandwich,2023-12-17,Digital Wallet,Takeaway
3554,TXN_4153132,5.0,3.0,15.0,Salad,2023-03-21,Digital Wallet,In-store
3555,TXN_4155001,4.0,1.0,4.0,Smoothie,2023-11-30,Digital Wallet,In-store
3556,TXN_4155134,1.0,1.0,1.0,Cookie,2023-05-07,Digital Wallet,Takeaway
3557,TXN_4155770,5.0,5.0,25.0,Salad,2023-09-20,Cash,In-store
3558,TXN_4156369,3.0,5.0,15.0,Cake,2023-08-07,Cash,In-store
3559,TXN_4157300,1.5,4.0,6.0,Tea,2023-09-23,Cash,Takeaway
3560,TXN_4158904,3.0,2.0,6.0,Juice,2023-01-31,Digital Wallet,In-store
3561,TXN_4159135,2.0,3.0,6.0,Coffee,2023-02-09,Digital Wallet,Takeaway
3562,TXN_4159861,3.0,1.0,3.0,Juice,2023-03-20,Digital Wallet,In-store
3563,TXN_4160784,1.0,5.0,5.0,Cookie,2023-05-20,Digital Wallet,In-store
3564,TXN_4163126,4.0,3.0,12.0,Sandwich,2023-05-20,Digital Wallet,Takeaway
3565,TXN_4163149,5.0,1.0,5.0,Salad,2023-07-30,Cash,In-store
3566,TXN_4165923,4.0,3.0,12.0,Sandwich,2023-03-14,Credit Card,Takeaway
3567,TXN_4166020,3.0,4.0,12.0,Juice,2023-08-18,Digital Wallet,In-store
3568,TXN_4167859,2.0,5.0,10.0,Coffee,2023-08-17,Digital Wallet,Takeaway
3569,TXN_4168628,1.5,4.0,6.0,Tea,2023-04-27,Digital Wallet,In-store
3570,TXN_4168771,2.0,5.0,10.0,Coffee,2023-08-02,Digital Wallet,Takeaway
3571,TXN_4171507,1.5,1.0,1.5,Tea,2023-10-26,Digital Wallet,In-store
3572,TXN_4171998,4.0,2.0,8.0,Sandwich,2023-10-18,Credit Card,Takeaway
3573,TXN_4172649,5.0,4.0,20.0,Salad,2023-05-19,Digital Wallet,In-store
3574,TXN_4174591,1.5,4.0,6.0,Tea,2023-08-30,Digital Wallet,In-store
3575,TXN_4175122,2.0,4.0,8.0,Coffee,2023-09-29,Digital Wallet,In-store
3576,TXN_4175191,4.0,2.0,8.0,Sandwich,2023-11-20,Cash,In-store
3577,TXN_4175635,5.0,3.0,15.0,Salad,2023-05-26,Cash,Takeaway
3578,TXN_4176272,2.0,1.0,2.0,Coffee,2023-06-06,Digital Wallet,Takeaway
3579,TXN_4176373,1.0,3.0,3.0,Cookie,2023-03-28,Cash,Takeaway
3580,TXN_4177717,1.0,1.0,1.0,Cookie,2023-01-07,Digital Wallet,Takeaway
3581,TXN_4177796,3.0,4.0,12.0,Juice,2023-04-17,Cash,Takeaway
3582,TXN_4178488,4.0,3.0,12.0,Sandwich,2023-05-08,Cash,In-store
3583,TXN_4178872,1.5,1.0,1.5,Tea,2023-01-25,Credit Card,In-store
3584,TXN_4178899,2.0,2.0,4.0,Coffee,2023-04-05,Digital Wallet,Takeaway
3585,TXN_4179561,1.0,2.0,2.0,Cookie,2023-11-12,Digital Wallet,In-store
3586,TXN_4179583,4.0,3.0,12.0,Smoothie,2023-06-13,Digital Wallet,Takeaway
3587,TXN_4179797,1.5,2.0,3.0,Tea,2023-11-06,Digital Wallet,In-store
3588,TXN_4181147,2.0,4.0,8.0,Coffee,2023-02-18,Digital Wallet,Takeaway
3589,TXN_4183705,1.5,2.0,3.0,Tea,2023-11-23,Credit Card,In-store
3590,TXN_4183749,3.0,4.0,12.0,Cake,2023-01-25,Credit Card,Takeaway
3591,TXN_4183823,4.0,4.0,16.0,Sandwich,2023-03-28,Credit Card,In-store
3592,TXN_4184461,5.0,2.0,10.0,Salad,2023-02-22,Digital Wallet,In-store
3593,TXN_4185160,2.0,2.0,4.0,Coffee,2023-05-04,Credit Card,In-store
3594,TXN_4186681,1.5,4.0,6.0,Tea,2023-05-24,Digital Wallet,In-store
3595,TXN_4186842,3.0,5.0,15.0,Juice,2023-10-29,Digital Wallet,Takeaway
3596,TXN_4187327,1.5,2.0,3.0,Tea,2023-04-01,Digital Wallet,Takeaway
3597,TXN_4187420,3.0,3.0,9.0,Cake,2023-01-31,Digital Wallet,In-store
3598,TXN_4187673,3.0,2.0,6.0,Juice,2023-04-02,Digital Wallet,In-store
3599,TXN_4190431,1.5,3.0,4.5,Tea,2023-09-23,Digital Wallet,In-store
3600,TXN_4190750,3.0,5.0,15.0,Juice,2023-04-02,Digital Wallet,Takeaway
3601,TXN_4191925,2.0,2.0,4.0,Coffee,2023-10-21,Digital Wallet,Takeaway
3602,TXN_4192665,2.0,1.0,2.0,Coffee,2023-07-15,Cash,Takeaway
3603,TXN_4194085,5.0,1.0,5.0,Salad,2023-05-25,Credit Card,In-store
3604,TXN_4194115,1.5,5.0,7.5,Tea,2023-08-17,Digital Wallet,In-store
3605,TXN_4196578,1.5,2.0,3.0,Tea,2023-06-26,Credit Card,In-store
3606,TXN_4197090,3.0,3.0,9.0,Juice,2023-11-17,Credit Card,Takeaway
3607,TXN_4197575,5.0,2.0,10.0,Salad,2023-01-21,Credit Card,In-store
3608,TXN_4197851,5.0,3.0,15.0,Salad,2023-02-05,Digital Wallet,In-store
3609,TXN_4200340,3.0,5.0,15.0,Cake,2023-07-06,Cash,Takeaway
3610,TXN_4201578,5.0,5.0,25.0,Salad,2023-01-23,Cash,In-store
3611,TXN_4203560,3.0,1.0,3.0,Juice,2023-08-20,Digital Wallet,In-store
3612,TXN_4203585,3.0,2.0,6.0,Cake,2023-09-03,Cash,Takeaway
3613,TXN_4203885,1.5,3.0,4.5,Tea,2023-05-11,Cash,In-store
3614,TXN_4204491,4.0,2.0,8.0,Smoothie,2023-04-25,Digital Wallet,In-store
3615,TXN_4205369,5.0,5.0,25.0,Salad,2023-07-16,Cash,Takeaway
3616,TXN_4205407,4.0,5.0,20.0,Smoothie,2023-04-27,Digital Wallet,In-store
3617,TXN_4205860,5.0,5.0,25.0,Salad,2023-09-10,Cash,In-store
3618,TXN_4206256,4.0,3.0,12.0,Smoothie,2023-10-10,Digital Wallet,In-store
3619,TXN_4207219,3.0,1.0,3.0,Cake,2023-09-16,Cash,In-store
3620,TXN_4207981,4.0,1.0,4.0,Smoothie,2023-03-17,Digital Wallet,In-store
3621,TXN_4208919,4.0,3.0,12.0,Sandwich,2023-05-30,Credit Card,Takeaway
3622,TXN_4209377,5.0,2.0,10.0,Salad,2023-02-07,Cash,In-store
3623,TXN_4209626,4.0,5.0,20.0,Sandwich,2023-07-04,Credit Card,In-store
3624,TXN_4209748,1.0,2.0,2.0,Cookie,2023-10-24,Digital Wallet,Takeaway
3625,TXN_4213071,5.0,1.0,5.0,Salad,2023-04-10,Cash,Takeaway
3626,TXN_4214066,3.0,2.0,6.0,Juice,2023-07-23,Digital Wallet,In-store
3627,TXN_4215488,5.0,5.0,25.0,Salad,2023-10-07,Cash,In-store
3628,TXN_4216055,1.0,5.0,5.0,Cookie,2023-12-27,Digital Wallet,Takeaway
3629,TXN_4216294,1.5,4.0,6.0,Tea,2023-10-19,Cash,In-store
3630,TXN_4216821,1.5,2.0,3.0,Tea,2023-07-02,Digital Wallet,In-store
3631,TXN_4218637,1.5,5.0,7.5,Tea,2023-08-31,Cash,In-store
3632,TXN_4219548,2.0,5.0,10.0,Coffee,2023-07-24,Digital Wallet,Takeaway
3633,TXN_4220189,1.5,1.0,1.5,Tea,2023-08-16,Digital Wallet,Takeaway
3634,TXN_4220743,4.0,4.0,16.0,Sandwich,2023-10-22,Credit Card,In-store
3635,TXN_4222908,1.0,1.0,1.0,Cookie,2023-12-14,Digital Wallet,In-store
3636,TXN_4223265,3.0,5.0,15.0,Cake,2023-06-06,Digital Wallet,In-store
3637,TXN_4223466,3.0,4.0,12.0,Juice,2023-05-31,Digital Wallet,Takeaway
3638,TXN_4224284,1.0,2.0,2.0,Cookie,2023-09-04,Digital Wallet,Takeaway
3639,TXN_4224350,1.5,2.0,3.0,Tea,2023-07-09,Digital Wallet,In-store
3640,TXN_4224401,5.0,3.0,15.0,Salad,2023-12-18,Digital Wallet,In-store
3641,TXN_4224423,3.0,3.0,9.0,Juice,2023-08-27,Cash,Takeaway
3642,TXN_4224427,3.0,4.0,12.0,Juice,2023-01-23,Cash,Takeaway
3643,TXN_4225300,4.0,1.0,4.0,Sandwich,2023-01-23,Cash,Takeaway
3644,TXN_4225756,1.0,3.0,3.0,Cookie,2023-03-10,Digital Wallet,In-store
3645,TXN_4226287,1.0,1.0,1.0,Cookie,2023-04-29,Digital Wallet,Takeaway
3646,TXN_4226572,1.0,3.0,3.0,Cookie,2023-05-16,Digital Wallet,Takeaway
3647,TXN_4227337,1.5,4.0,6.0,Tea,2023-12-15,Digital Wallet,Takeaway
3648,TXN_4228312,2.0,4.0,8.0,Coffee,2023-01-22,Digital Wallet,Takeaway
3649,TXN_4228838,2.0,5.0,10.0,Coffee,2023-09-22,Credit Card,Takeaway
3650,TXN_4231121,2.0,4.0,8.0,Coffee,2023-09-01,Digital Wallet,Takeaway
3651,TXN_4234636,4.0,1.0,4.0,Smoothie,2023-01-30,Credit Card,In-store
3652,TXN_4234750,3.0,2.0,6.0,Juice,2023-09-03,Cash,In-store
3653,TXN_4235472,5.0,5.0,25.0,Salad,2023-12-22,Cash,Takeaway
3654,TXN_4238417,5.0,2.0,10.0,Salad,2023-06-19,Cash,In-store
3655,TXN_4238818,2.0,2.0,4.0,Coffee,2023-04-05,Digital Wallet,Takeaway
3656,TXN_4239051,3.0,2.0,6.0,Juice,2023-09-30,Cash,In-store
3657,TXN_4239859,3.0,1.0,3.0,Juice,2023-02-03,Digital Wallet,In-store
3658,TXN_4240796,3.0,4.0,12.0,Juice,2023-03-28,Digital Wallet,In-store
3659,TXN_4242676,2.0,5.0,10.0,Coffee,2023-11-26,Credit Card,Takeaway
3660,TXN_4243591,3.0,4.0,12.0,Cake,2023-10-11,Credit Card,In-store
3661,TXN_4243930,4.0,5.0,20.0,Sandwich,2023-06-07,Cash,In-store
3662,TXN_4244830,2.0,5.0,10.0,Coffee,2023-04-24,Digital Wallet,In-store
3663,TXN_4246000,1.0,2.0,2.0,Cookie,2023-07-09,Credit Card,Takeaway
3664,TXN_4247105,2.0,5.0,10.0,Coffee,2023-04-14,Cash,In-store
3665,TXN_4247602,5.0,5.0,25.0,Salad,2023-07-13,Credit Card,Takeaway
3666,TXN_4248711,4.0,1.0,4.0,Smoothie,2023-08-01,Cash,In-store
3667,TXN_4249989,2.0,4.0,8.0,Coffee,2023-01-22,Digital Wallet,Takeaway
3668,TXN_4250492,5.0,5.0,25.0,Salad,2023-09-29,Cash,Takeaway
3669,TXN_4251500,1.0,4.0,4.0,Cookie,2023-11-11,Digital Wallet,Takeaway
3670,TXN_4252036,4.0,2.0,8.0,Sandwich,2023-01-22,Cash,Takeaway
3671,TXN_4252608,3.0,3.0,9.0,Juice,2023-08-23,Credit Card,In-store
3672,TXN_4254587,4.0,1.0,4.0,Smoothie,2023-05-27,Digital Wallet,In-store
3673,TXN_4255116,3.0,4.0,12.0,Juice,2023-12-24,Credit Card,In-store
3674,TXN_4255503,2.0,3.0,6.0,Coffee,2023-11-19,Digital Wallet,Takeaway
3675,TXN_4255580,3.0,1.0,3.0,Juice,2023-11-19,Cash,In-store
3676,TXN_4255767,3.0,1.0,3.0,Juice,2023-05-25,Digital Wallet,In-store
3677,TXN_4256155,3.0,5.0,15.0,Cake,2023-04-06,Cash,Takeaway
3678,TXN_4256200,1.5,5.0,7.5,Tea,2023-06-29,Digital Wallet,In-store
3679,TXN_4257830,1.0,5.0,5.0,Cookie,2023-08-04,Digital Wallet,In-store
3680,TXN_4258943,4.0,2.0,8.0,Sandwich,2023-01-02,Credit Card,In-store
3681,TXN_4258949,3.0,2.0,6.0,Cake,2023-03-07,Cash,Takeaway
3682,TXN_4260738,2.0,2.0,4.0,Coffee,2023-11-15,Digital Wallet,In-store
3683,TXN_4260865,4.0,4.0,16.0,Smoothie,2023-02-25,Digital Wallet,In-store
3684,TXN_4262142,3.0,2.0,6.0,Cake,2023-01-02,Cash,Takeaway
3685,TXN_4262451,2.0,1.0,2.0,Coffee,2023-10-16,Digital Wallet,Takeaway
3686,TXN_4265056,3.0,1.0,3.0,Juice,2023-07-16,Cash,In-store
3687,TXN_4265942,2.0,5.0,10.0,Coffee,2023-04-24,Digital Wallet,Takeaway
3688,TXN_4266069,2.0,1.0,2.0,Coffee,2023-12-25,Digital Wallet,Takeaway
3689,TXN_4266787,3.0,4.0,12.0,Juice,2023-01-12,Credit Card,Takeaway
3690,TXN_4267136,1.5,1.0,1.5,Tea,2023-08-02,Credit Card,In-store
3691,TXN_4268051,1.0,1.0,1.0,Cookie,2023-05-05,Digital Wallet,In-store
3692,TXN_4268167,4.0,4.0,16.0,Smoothie,2023-07-06,Digital Wallet,In-store
3693,TXN_4268746,3.0,5.0,15.0,Cake,2023-01-12,Credit Card,In-store
3694,TXN_4269933,4.0,2.0,8.0,Smoothie,2023-03-28,Digital Wallet,Takeaway
3695,TXN_4271034,4.0,3.0,12.0,Smoothie,2023-02-28,Digital Wallet,In-store
3696,TXN_4271502,3.0,2.0,6.0,Juice,2023-07-03,Digital Wallet,In-store
3697,TXN_4271744,3.0,3.0,9.0,Juice,2023-06-19,Digital Wallet,Takeaway
3698,TXN_4271903,1.0,4.0,4.0,Cookie,2023-07-19,Credit Card,In-store
3699,TXN_4275169,5.0,1.0,5.0,Salad,2023-06-27,Cash,Takeaway
3700,TXN_4275827,1.5,2.0,3.0,Tea,2023-04-21,Cash,Takeaway
3701,TXN_4276442,3.0,4.0,12.0,Cake,2023-01-25,Credit Card,In-store
3702,TXN_4276482,4.0,4.0,16.0,Sandwich,2023-08-26,Credit Card,Takeaway
3703,TXN_4276702,1.0,1.0,1.0,Cookie,2023-11-17,Credit Card,In-store
3704,TXN_4277671,1.5,5.0,7.5,Tea,2023-08-21,Digital Wallet,Takeaway
3705,TXN_4278785,5.0,3.0,15.0,Salad,2023-04-29,Cash,In-store
3706,TXN_4283157,5.0,5.0,25.0,Salad,2023-11-25,Digital Wallet,In-store
3707,TXN_4283360,2.0,2.0,4.0,Coffee,2023-12-19,Credit Card,In-store
3708,TXN_4283563,1.5,2.0,3.0,Tea,2023-05-04,Cash,In-store
3709,TXN_4283693,5.0,2.0,10.0,Salad,2023-01-05,Cash,In-store
3710,TXN_4284492,3.0,3.0,9.0,Juice,2023-05-30,Digital Wallet,Takeaway
3711,TXN_4284507,4.0,4.0,16.0,Smoothie,2023-07-17,Digital Wallet,In-store
3712,TXN_4290475,4.0,1.0,4.0,Smoothie,2023-04-20,Digital Wallet,Takeaway
3713,TXN_4291132,3.0,2.0,6.0,Cake,2023-08-07,Credit Card,Takeaway
3714,TXN_4291940,3.0,3.0,9.0,Cake,2023-11-13,Credit Card,In-store
3715,TXN_4292280,3.0,4.0,12.0,Cake,2023-01-01,Cash,Takeaway
3716,TXN_4293196,1.0,3.0,3.0,Cookie,2023-06-17,Digital Wallet,In-store
3717,TXN_4293694,4.0,5.0,20.0,Smoothie,2023-08-03,Cash,In-store
3718,TXN_4294955,5.0,5.0,25.0,Salad,2023-10-19,Cash,In-store
3719,TXN_4296023,1.5,5.0,7.5,Tea,2023-10-08,Digital Wallet,In-store
3720,TXN_4296204,5.0,5.0,25.0,Salad,2023-11-28,Digital Wallet,In-store
3721,TXN_4297979,2.0,1.0,2.0,Coffee,2023-08-14,Digital Wallet,In-store
3722,TXN_4298189,2.0,1.0,2.0,Coffee,2023-10-13,Digital Wallet,In-store
3723,TXN_4301188,4.0,4.0,16.0,Smoothie,2023-12-23,Credit Card,In-store
3724,TXN_4302199,1.5,3.0,4.5,Tea,2023-02-16,Digital Wallet,In-store
3725,TXN_4305997,1.5,3.0,4.5,Tea,2023-11-22,Digital Wallet,In-store
3726,TXN_4307602,1.0,4.0,4.0,Cookie,2023-12-30,Cash,In-store
3727,TXN_4308634,2.0,3.0,6.0,Coffee,2023-02-14,Cash,In-store
3728,TXN_4310310,3.0,3.0,9.0,Cake,2023-03-08,Cash,Takeaway
3729,TXN_4310629,3.0,3.0,9.0,Cake,2023-10-02,Credit Card,Takeaway
3730,TXN_4311086,3.0,4.0,12.0,Cake,2023-10-10,Cash,In-store
3731,TXN_4311369,4.0,2.0,8.0,Smoothie,2023-08-18,Digital Wallet,Takeaway
3732,TXN_4312977,3.0,1.0,3.0,Juice,2023-03-15,Digital Wallet,In-store
3733,TXN_4314314,3.0,4.0,12.0,Cake,2023-01-02,Cash,Takeaway
3734,TXN_4314504,3.0,1.0,3.0,Cake,2023-06-01,Cash,In-store
3735,TXN_4315166,4.0,2.0,8.0,Sandwich,2023-06-10,Digital Wallet,Takeaway
3736,TXN_4315988,5.0,2.0,10.0,Salad,2023-04-12,Cash,Takeaway
3737,TXN_4316299,1.5,2.0,3.0,Tea,2023-04-12,Credit Card,In-store
3738,TXN_4318159,2.0,4.0,8.0,Coffee,2023-03-30,Digital Wallet,Takeaway
3739,TXN_4321091,4.0,2.0,8.0,Smoothie,2023-06-15,Cash,In-store
3740,TXN_4321368,2.0,4.0,8.0,Coffee,2023-12-09,Digital Wallet,Takeaway
3741,TXN_4323120,2.0,5.0,10.0,Coffee,2023-08-29,Digital Wallet,Takeaway
3742,TXN_4323570,1.0,1.0,1.0,Cookie,2023-03-04,Cash,Takeaway
3743,TXN_4325098,3.0,5.0,15.0,Juice,2023-03-04,Digital Wallet,Takeaway
3744,TXN_4325648,3.0,3.0,9.0,Juice,2023-05-04,Digital Wallet,Takeaway
3745,TXN_4328090,4.0,1.0,4.0,Sandwich,2023-04-18,Digital Wallet,In-store
3746,TXN_4328228,4.0,5.0,20.0,Sandwich,2023-01-08,Credit Card,In-store
3747,TXN_4328869,4.0,2.0,8.0,Sandwich,2023-05-02,Cash,In-store
3748,TXN_4329116,3.0,3.0,9.0,Cake,2023-09-29,Credit Card,In-store
3749,TXN_4329558,2.0,4.0,8.0,Coffee,2023-04-22,Digital Wallet,Takeaway
3750,TXN_4330643,1.0,3.0,3.0,Cookie,2023-05-15,Cash,Takeaway
3751,TXN_4331281,3.0,3.0,9.0,Cake,2023-02-03,Digital Wallet,Takeaway
3752,TXN_4331770,5.0,4.0,20.0,Salad,2023-06-04,Cash,In-store
3753,TXN_4334932,2.0,2.0,4.0,Coffee,2023-12-27,Digital Wallet,In-store
3754,TXN_4335735,2.0,2.0,4.0,Coffee,2023-04-07,Digital Wallet,Takeaway
3755,TXN_4336247,2.0,5.0,10.0,Coffee,2023-03-03,Digital Wallet,Takeaway
3756,TXN_4336291,5.0,5.0,25.0,Salad,2023-03-25,Cash,In-store
3757,TXN_4336844,4.0,4.0,16.0,Smoothie,2023-07-09,Digital Wallet,In-store
3758,TXN_4336892,1.0,2.0,2.0,Cookie,2023-06-04,Digital Wallet,In-store
3759,TXN_4339682,5.0,5.0,25.0,Salad,2023-03-04,Cash,In-store
3760,TXN_4339925,1.0,1.0,1.0,Cookie,2023-11-23,Cash,Takeaway
3761,TXN_4340811,3.0,5.0,15.0,Cake,2023-04-15,Cash,In-store
3762,TXN_4341126,3.0,2.0,6.0,Cake,2023-07-01,Cash,Takeaway
3763,TXN_4341764,2.0,2.0,4.0,Coffee,2023-12-02,Cash,Takeaway
3764,TXN_4342098,4.0,4.0,16.0,Smoothie,2023-05-24,Cash,In-store
3765,TXN_4343133,1.0,4.0,4.0,Cookie,2023-03-04,Digital Wallet,Takeaway
3766,TXN_4343391,1.0,5.0,5.0,Cookie,2023-06-01,Cash,Takeaway
3767,TXN_4343848,1.0,5.0,5.0,Cookie,2023-07-16,Credit Card,Takeaway
3768,TXN_4346607,5.0,2.0,10.0,Salad,2023-03-17,Digital Wallet,In-store
3769,TXN_4346813,5.0,5.0,25.0,Salad,2023-07-07,Cash,In-store
3770,TXN_4349597,3.0,4.0,12.0,Juice,2023-08-21,Credit Card,In-store
3771,TXN_4349970,1.0,5.0,5.0,Cookie,2023-05-25,Digital Wallet,In-store
3772,TXN_4350788,1.5,3.0,4.5,Tea,2023-06-28,Digital Wallet,In-store
3773,TXN_4350798,5.0,1.0,5.0,Salad,2023-11-23,Credit Card,In-store
3774,TXN_4350828,3.0,2.0,6.0,Juice,2023-02-16,Digital Wallet,In-store
3775,TXN_4350854,1.0,2.0,2.0,Cookie,2023-01-31,Cash,In-store
3776,TXN_4352950,2.0,1.0,2.0,Coffee,2023-02-06,Digital Wallet,Takeaway
3777,TXN_4353750,3.0,2.0,6.0,Cake,2023-03-02,Credit Card,Takeaway
3778,TXN_4355728,3.0,4.0,12.0,Juice,2023-03-06,Credit Card,In-store
3779,TXN_4355766,1.0,5.0,5.0,Cookie,2023-11-07,Digital Wallet,Takeaway
3780,TXN_4356114,3.0,2.0,6.0,Juice,2023-05-05,Cash,Takeaway
3781,TXN_4356223,5.0,3.0,15.0,Salad,2023-11-23,Digital Wallet,Takeaway
3782,TXN_4356564,2.0,2.0,4.0,Coffee,2023-10-05,Credit Card,Takeaway
3783,TXN_4358673,1.0,5.0,5.0,Cookie,2023-12-28,Digital Wallet,Takeaway
3784,TXN_4359568,2.0,3.0,6.0,Coffee,2023-12-21,Digital Wallet,Takeaway
3785,TXN_4359885,1.0,2.0,2.0,Cookie,2023-01-16,Credit Card,In-store
3786,TXN_4360040,5.0,1.0,5.0,Salad,2023-11-15,Credit Card,In-store
3787,TXN_4360906,4.0,2.0,8.0,Sandwich,2023-06-11,Credit Card,In-store
3788,TXN_4360970,1.5,3.0,4.5,Tea,2023-06-28,Digital Wallet,Takeaway
3789,TXN_4361614,4.0,2.0,8.0,Smoothie,2023-04-28,Digital Wallet,Takeaway
3790,TXN_4363360,4.0,1.0,4.0,Smoothie,2023-12-22,Credit Card,In-store
3791,TXN_4364091,4.0,1.0,4.0,Smoothie,2023-04-14,Digital Wallet,Takeaway
3792,TXN_4364374,4.0,2.0,8.0,Sandwich,2023-04-20,Cash,In-store
3793,TXN_4365321,5.0,4.0,20.0,Salad,2023-03-09,Cash,In-store
3794,TXN_4366417,4.0,3.0,12.0,Sandwich,2023-10-10,Credit Card,Takeaway
3795,TXN_4367044,4.0,1.0,4.0,Smoothie,2023-05-02,Cash,In-store
3796,TXN_4367311,2.0,5.0,10.0,Coffee,2023-02-26,Digital Wallet,In-store
3797,TXN_4367689,1.0,2.0,2.0,Cookie,2023-09-30,Cash,Takeaway
3798,TXN_4368416,5.0,2.0,10.0,Salad,2023-02-24,Credit Card,Takeaway
3799,TXN_4368729,2.0,3.0,6.0,Coffee,2023-06-11,Digital Wallet,In-store
3800,TXN_4369043,3.0,2.0,6.0,Juice,2023-03-25,Cash,In-store
3801,TXN_4369292,3.0,1.0,3.0,Cake,2023-10-09,Credit Card,Takeaway
3802,TXN_4371760,4.0,2.0,8.0,Smoothie,2023-01-12,Cash,In-store
3803,TXN_4372163,4.0,1.0,4.0,Sandwich,2023-03-10,Credit Card,In-store
3804,TXN_4374260,1.0,1.0,1.0,Cookie,2023-04-20,Cash,Takeaway
3805,TXN_4374963,3.0,1.0,3.0,Juice,2023-07-04,Cash,In-store
3806,TXN_4375698,4.0,5.0,20.0,Sandwich,2023-12-30,Credit Card,In-store
3807,TXN_4375708,4.0,4.0,16.0,Sandwich,2023-08-01,Credit Card,Takeaway
3808,TXN_4376214,5.0,5.0,25.0,Salad,2023-04-26,Cash,In-store
3809,TXN_4376376,5.0,3.0,15.0,Salad,2023-09-05,Digital Wallet,In-store
3810,TXN_4377249,2.0,3.0,6.0,Coffee,2023-07-26,Digital Wallet,Takeaway
3811,TXN_4378200,1.5,5.0,7.5,Tea,2023-09-04,Credit Card,In-store
3812,TXN_4378637,1.0,1.0,1.0,Cookie,2023-05-12,Digital Wallet,Takeaway
3813,TXN_4379467,1.5,1.0,1.5,Tea,2023-06-16,Digital Wallet,In-store
3814,TXN_4380808,3.0,4.0,12.0,Juice,2023-04-30,Digital Wallet,In-store
3815,TXN_4381404,5.0,5.0,25.0,Salad,2023-08-15,Cash,In-store
3816,TXN_4382406,2.0,5.0,10.0,Coffee,2023-09-26,Digital Wallet,Takeaway
3817,TXN_4382802,4.0,1.0,4.0,Sandwich,2023-07-17,Digital Wallet,Takeaway
3818,TXN_4382956,1.5,4.0,6.0,Tea,2023-11-16,Credit Card,In-store
3819,TXN_4382970,1.5,1.0,1.5,Tea,2023-06-04,Digital Wallet,In-store
3820,TXN_4383002,2.0,1.0,2.0,Coffee,2023-12-18,Digital Wallet,In-store
3821,TXN_4383311,3.0,2.0,6.0,Cake,2023-09-23,Cash,In-store
3822,TXN_4385240,1.0,4.0,4.0,Cookie,2023-02-10,Cash,Takeaway
3823,TXN_4385632,1.5,5.0,7.5,Tea,2023-06-18,Digital Wallet,Takeaway
3824,TXN_4385826,1.5,2.0,3.0,Tea,2023-08-02,Credit Card,Takeaway
3825,TXN_4386732,4.0,4.0,16.0,Smoothie,2023-08-01,Cash,In-store
3826,TXN_4387303,1.0,1.0,1.0,Cookie,2023-06-27,Digital Wallet,Takeaway
3827,TXN_4387523,3.0,3.0,9.0,Cake,2023-02-07,Cash,Takeaway
3828,TXN_4389662,4.0,1.0,4.0,Smoothie,2023-08-09,Cash,Takeaway
3829,TXN_4390633,1.5,2.0,3.0,Tea,2023-10-17,Digital Wallet,In-store
3830,TXN_4390911,5.0,2.0,10.0,Salad,2023-12-19,Digital Wallet,In-store
3831,TXN_4391496,4.0,1.0,4.0,Sandwich,2023-02-20,Cash,In-store
3832,TXN_4392519,1.0,2.0,2.0,Cookie,2023-09-20,Digital Wallet,Takeaway
3833,TXN_4397349,4.0,2.0,8.0,Sandwich,2023-06-08,Credit Card,In-store
3834,TXN_4397994,1.0,5.0,5.0,Cookie,2023-09-26,Digital Wallet,Takeaway
3835,TXN_4398750,4.0,2.0,8.0,Sandwich,2023-05-28,Cash,In-store
3836,TXN_4401563,3.0,5.0,15.0,Juice,2023-09-20,Digital Wallet,Takeaway
3837,TXN_4403699,1.0,1.0,1.0,Cookie,2023-08-19,Credit Card,Takeaway
3838,TXN_4406290,2.0,5.0,10.0,Coffee,2023-07-02,Digital Wallet,In-store
3839,TXN_4407203,1.0,4.0,4.0,Cookie,2023-08-21,Cash,Takeaway
3840,TXN_4407308,1.5,4.0,6.0,Tea,2023-09-19,Digital Wallet,In-store
3841,TXN_4407959,1.5,1.0,1.5,Tea,2023-01-28,Digital Wallet,Takeaway
3842,TXN_4408913,5.0,2.0,10.0,Salad,2023-08-24,Cash,In-store
3843,TXN_4409875,3.0,3.0,9.0,Cake,2023-09-08,Digital Wallet,Takeaway
3844,TXN_4411007,1.0,5.0,5.0,Cookie,2023-05-17,Digital Wallet,Takeaway
3845,TXN_4411172,4.0,4.0,16.0,Smoothie,2023-07-09,Cash,In-store
3846,TXN_4413197,1.5,4.0,6.0,Tea,2023-09-06,Digital Wallet,In-store
3847,TXN_4413506,3.0,4.0,12.0,Juice,2023-10-29,Digital Wallet,In-store
3848,TXN_4413776,2.0,5.0,10.0,Coffee,2023-07-21,Cash,Takeaway
3849,TXN_4416331,1.0,1.0,1.0,Cookie,2023-02-13,Digital Wallet,Takeaway
3850,TXN_4416436,2.0,3.0,6.0,Coffee,2023-05-17,Digital Wallet,Takeaway
3851,TXN_4417257,5.0,5.0,25.0,Salad,2023-05-06,Digital Wallet,Takeaway
3852,TXN_4417326,4.0,3.0,12.0,Sandwich,2023-05-06,Digital Wallet,In-store
3853,TXN_4419474,3.0,2.0,6.0,Juice,2023-02-04,Digital Wallet,In-store
3854,TXN_4422898,5.0,2.0,10.0,Salad,2023-04-20,Credit Card,In-store
3855,TXN_4423218,1.0,3.0,3.0,Cookie,2023-05-29,Cash,In-store
3856,TXN_4423879,3.0,5.0,15.0,Juice,2023-02-12,Digital Wallet,In-store
3857,TXN_4425164,3.0,4.0,12.0,Juice,2023-01-13,Digital Wallet,In-store
3858,TXN_4427348,3.0,5.0,15.0,Cake,2023-12-22,Cash,Takeaway
3859,TXN_4428252,4.0,3.0,12.0,Sandwich,2023-10-31,Credit Card,Takeaway
3860,TXN_4428307,5.0,3.0,15.0,Salad,2023-10-31,Cash,In-store
3861,TXN_4428448,1.0,4.0,4.0,Cookie,2023-02-04,Digital Wallet,Takeaway
3862,TXN_4428486,4.0,1.0,4.0,Smoothie,2023-07-28,Digital Wallet,In-store
3863,TXN_4430006,3.0,5.0,15.0,Juice,2023-01-14,Digital Wallet,In-store
3864,TXN_4430176,4.0,4.0,16.0,Sandwich,2023-08-27,Credit Card,Takeaway
3865,TXN_4430474,3.0,2.0,6.0,Cake,2023-06-08,Digital Wallet,Takeaway
3866,TXN_4430772,2.0,5.0,10.0,Coffee,2023-01-11,Credit Card,Takeaway
3867,TXN_4431179,4.0,3.0,12.0,Sandwich,2023-08-13,Digital Wallet,Takeaway
3868,TXN_4431264,4.0,2.0,8.0,Smoothie,2023-11-14,Digital Wallet,In-store
3869,TXN_4432082,3.0,5.0,15.0,Juice,2023-04-20,Digital Wallet,In-store
3870,TXN_4432252,4.0,5.0,20.0,Smoothie,2023-02-16,Credit Card,In-store
3871,TXN_4432546,2.0,2.0,4.0,Coffee,2023-11-29,Digital Wallet,Takeaway
3872,TXN_4432823,4.0,5.0,20.0,Sandwich,2023-02-10,Credit Card,In-store
3873,TXN_4433211,3.0,3.0,9.0,Juice,2023-10-06,Digital Wallet,Takeaway
3874,TXN_4434005,1.0,1.0,1.0,Cookie,2023-03-20,Digital Wallet,In-store
3875,TXN_4434185,4.0,5.0,20.0,Smoothie,2023-04-30,Credit Card,Takeaway
3876,TXN_4435352,5.0,2.0,10.0,Salad,2023-05-03,Credit Card,In-store
3877,TXN_4437520,4.0,3.0,12.0,Smoothie,2023-07-28,Credit Card,In-store
3878,TXN_4439120,1.0,2.0,2.0,Cookie,2023-03-31,Credit Card,In-store
3879,TXN_4439321,2.0,3.0,6.0,Coffee,2023-04-25,Cash,In-store
3880,TXN_4439660,2.0,3.0,6.0,Coffee,2023-02-06,Digital Wallet,Takeaway
3881,TXN_4440412,4.0,3.0,12.0,Sandwich,2023-04-15,Cash,Takeaway
3882,TXN_4442095,5.0,4.0,20.0,Salad,2023-02-18,Digital Wallet,In-store
3883,TXN_4442954,2.0,2.0,4.0,Coffee,2023-12-15,Cash,Takeaway
3884,TXN_4444463,3.0,4.0,12.0,Cake,2023-05-16,Cash,Takeaway
3885,TXN_4447856,4.0,2.0,8.0,Smoothie,2023-09-11,Cash,Takeaway
3886,TXN_4448318,2.0,4.0,8.0,Coffee,2023-08-07,Digital Wallet,Takeaway
3887,TXN_4448424,5.0,4.0,20.0,Salad,2023-01-31,Digital Wallet,In-store
3888,TXN_4449173,2.0,1.0,2.0,Coffee,2023-04-05,Digital Wallet,Takeaway
3889,TXN_4449992,1.0,3.0,3.0,Cookie,2023-01-09,Digital Wallet,Takeaway
3890,TXN_4451380,1.0,3.0,3.0,Cookie,2023-07-10,Digital Wallet,In-store
3891,TXN_4452589,1.5,1.0,1.5,Tea,2023-08-22,Digital Wallet,Takeaway
3892,TXN_4454198,1.5,1.0,1.5,Tea,2023-08-22,Digital Wallet,In-store
3893,TXN_4455667,4.0,2.0,8.0,Sandwich,2023-08-13,Credit Card,In-store
3894,TXN_4457299,4.0,3.0,12.0,Smoothie,2023-09-19,Credit Card,In-store
3895,TXN_4458848,1.0,2.0,2.0,Cookie,2023-10-30,Digital Wallet,In-store
3896,TXN_4459351,4.0,5.0,20.0,Smoothie,2023-12-08,Credit Card,In-store
3897,TXN_4461853,3.0,5.0,15.0,Cake,2023-12-08,Credit Card,In-store
3898,TXN_4462052,1.0,1.0,1.0,Cookie,2023-10-12,Cash,In-store
3899,TXN_4463677,5.0,5.0,25.0,Salad,2023-02-27,Digital Wallet,In-store
3900,TXN_4464373,1.0,2.0,2.0,Cookie,2023-04-22,Digital Wallet,In-store
3901,TXN_4465589,1.5,2.0,3.0,Tea,2023-03-26,Credit Card,In-store
3902,TXN_4466681,2.0,2.0,4.0,Coffee,2023-01-12,Cash,Takeaway
3903,TXN_4467046,5.0,4.0,20.0,Salad,2023-09-27,Digital Wallet,Takeaway
3904,TXN_4468830,4.0,4.0,16.0,Smoothie,2023-11-10,Digital Wallet,In-store
3905,TXN_4469550,3.0,3.0,9.0,Juice,2023-05-10,Credit Card,In-store
3906,TXN_4469769,5.0,5.0,25.0,Salad,2023-08-15,Cash,In-store
3907,TXN_4472156,1.0,1.0,1.0,Cookie,2023-11-03,Digital Wallet,In-store
3908,TXN_4472969,3.0,1.0,3.0,Juice,2023-09-15,Credit Card,In-store
3909,TXN_4473352,3.0,1.0,3.0,Cake,2023-11-16,Cash,In-store
3910,TXN_4474441,2.0,4.0,8.0,Coffee,2023-08-23,Credit Card,Takeaway
3911,TXN_4475094,4.0,3.0,12.0,Sandwich,2023-08-12,Credit Card,In-store
3912,TXN_4475412,4.0,3.0,12.0,Sandwich,2023-10-31,Credit Card,In-store
3913,TXN_4475487,4.0,3.0,12.0,Smoothie,2023-06-01,Cash,In-store
3914,TXN_4476076,4.0,2.0,8.0,Smoothie,2023-03-26,Digital Wallet,Takeaway
3915,TXN_4476151,3.0,4.0,12.0,Juice,2023-02-15,Credit Card,In-store
3916,TXN_4476539,5.0,2.0,10.0,Salad,2023-04-19,Cash,In-store
3917,TXN_4476634,1.5,2.0,3.0,Tea,2023-06-16,Credit Card,In-store
3918,TXN_4476636,2.0,3.0,6.0,Coffee,2023-06-16,Credit Card,In-store
3919,TXN_4477016,4.0,4.0,16.0,Sandwich,2023-04-12,Credit Card,In-store
3920,TXN_4477559,3.0,5.0,15.0,Juice,2023-10-02,Credit Card,In-store
3921,TXN_4478185,3.0,2.0,6.0,Cake,2023-08-25,Cash,In-store
3922,TXN_4479052,5.0,4.0,20.0,Salad,2023-12-05,Digital Wallet,In-store
3923,TXN_4482692,5.0,2.0,10.0,Salad,2023-04-14,Cash,In-store
3924,TXN_4483226,3.0,1.0,3.0,Juice,2023-08-08,Credit Card,In-store
3925,TXN_4483304,4.0,4.0,16.0,Smoothie,2023-11-08,Credit Card,Takeaway
3926,TXN_4483585,4.0,5.0,20.0,Smoothie,2023-12-26,Digital Wallet,Takeaway
3927,TXN_4483944,3.0,4.0,12.0,Juice,2023-12-26,Digital Wallet,In-store
3928,TXN_4485458,4.0,4.0,16.0,Sandwich,2023-12-08,Cash,Takeaway
3929,TXN_4486700,3.0,2.0,6.0,Cake,2023-02-08,Digital Wallet,Takeaway
3930,TXN_4487345,4.0,3.0,12.0,Sandwich,2023-05-10,Credit Card,In-store
3931,TXN_4487966,3.0,3.0,9.0,Juice,2023-08-10,Cash,In-store
3932,TXN_4488222,1.5,3.0,4.5,Tea,2023-03-13,Digital Wallet,Takeaway
3933,TXN_4489757,4.0,5.0,20.0,Smoothie,2023-05-03,Credit Card,In-store
3934,TXN_4490958,2.0,2.0,4.0,Coffee,2023-03-30,Digital Wallet,Takeaway
3935,TXN_4491072,4.0,4.0,16.0,Smoothie,2023-12-03,Credit Card,In-store
3936,TXN_4493176,1.5,3.0,4.5,Tea,2023-10-14,Digital Wallet,In-store
3937,TXN_4493661,4.0,1.0,4.0,Sandwich,2023-07-08,Cash,In-store
3938,TXN_4493874,1.0,5.0,5.0,Cookie,2023-11-19,Digital Wallet,In-store
3939,TXN_4493878,2.0,5.0,10.0,Coffee,2023-03-11,Credit Card,In-store
3940,TXN_4496616,5.0,5.0,25.0,Salad,2023-10-07,Cash,Takeaway
3941,TXN_4496665,4.0,2.0,8.0,Sandwich,2023-12-10,Digital Wallet,Takeaway
3942,TXN_4497327,1.0,2.0,2.0,Cookie,2023-11-08,Credit Card,Takeaway
3943,TXN_4498370,4.0,4.0,16.0,Smoothie,2023-07-24,Digital Wallet,In-store
3944,TXN_4498526,4.0,3.0,12.0,Smoothie,2023-06-20,Credit Card,In-store
3945,TXN_4501168,1.5,1.0,1.5,Tea,2023-06-28,Digital Wallet,In-store
3946,TXN_4501915,3.0,4.0,12.0,Juice,2023-12-04,Credit Card,Takeaway
3947,TXN_4502314,1.0,3.0,3.0,Cookie,2023-06-02,Credit Card,Takeaway
3948,TXN_4502704,1.5,4.0,6.0,Tea,2023-04-04,Digital Wallet,In-store
3949,TXN_4502922,4.0,1.0,4.0,Sandwich,2023-06-23,Credit Card,Takeaway
3950,TXN_4503560,3.0,5.0,15.0,Cake,2023-02-21,Digital Wallet,Takeaway
3951,TXN_4503716,3.0,1.0,3.0,Cake,2023-11-12,Cash,Takeaway
3952,TXN_4504141,4.0,5.0,20.0,Sandwich,2023-09-28,Credit Card,In-store
3953,TXN_4506778,3.0,3.0,9.0,Cake,2023-04-21,Digital Wallet,Takeaway
3954,TXN_4506936,1.0,1.0,1.0,Cookie,2023-03-20,Credit Card,Takeaway
3955,TXN_4507533,3.0,1.0,3.0,Cake,2023-08-31,Digital Wallet,Takeaway
3956,TXN_4507630,4.0,2.0,8.0,Smoothie,2023-05-11,Digital Wallet,Takeaway
3957,TXN_4507755,3.0,2.0,6.0,Cake,2023-05-10,Digital Wallet,Takeaway
3958,TXN_4508067,4.0,5.0,20.0,Smoothie,2023-03-19,Credit Card,Takeaway
3959,TXN_4509329,1.5,1.0,1.5,Tea,2023-10-22,Digital Wallet,Takeaway
3960,TXN_4511996,3.0,3.0,9.0,Juice,2023-09-18,Digital Wallet,In-store
3961,TXN_4512118,2.0,2.0,4.0,Coffee,2023-04-20,Digital Wallet,Takeaway
3962,TXN_4516901,1.5,2.0,3.0,Tea,2023-09-05,Credit Card,In-store
3963,TXN_4518102,1.5,5.0,7.5,Tea,2023-02-08,Credit Card,In-store
3964,TXN_4518505,1.5,5.0,7.5,Tea,2023-05-09,Cash,In-store
3965,TXN_4519915,4.0,1.0,4.0,Smoothie,2023-05-15,Digital Wallet,In-store
3966,TXN_4520062,1.5,2.0,3.0,Tea,2023-01-10,Digital Wallet,In-store
3967,TXN_4521701,3.0,4.0,12.0,Cake,2023-10-08,Cash,In-store
3968,TXN_4522012,2.0,2.0,4.0,Coffee,2023-04-13,Digital Wallet,In-store
3969,TXN_4522292,1.0,1.0,1.0,Cookie,2023-07-12,Digital Wallet,In-store
3970,TXN_4523273,3.0,4.0,12.0,Cake,2023-10-17,Digital Wallet,Takeaway
3971,TXN_4525646,3.0,3.0,9.0,Cake,2023-07-07,Credit Card,Takeaway
3972,TXN_4526296,4.0,5.0,20.0,Smoothie,2023-11-23,Digital Wallet,Takeaway
3973,TXN_4527464,1.5,4.0,6.0,Tea,2023-08-09,Digital Wallet,In-store
3974,TXN_4528522,2.0,5.0,10.0,Coffee,2023-12-04,Digital Wallet,Takeaway
3975,TXN_4528664,5.0,3.0,15.0,Salad,2023-12-31,Cash,In-store
3976,TXN_4528914,5.0,1.0,5.0,Salad,2023-08-06,Cash,In-store
3977,TXN_4529101,1.0,2.0,2.0,Cookie,2023-09-17,Digital Wallet,In-store
3978,TXN_4530804,2.0,4.0,8.0,Coffee,2023-01-12,Digital Wallet,Takeaway
3979,TXN_4532280,2.0,5.0,10.0,Coffee,2023-01-10,Credit Card,Takeaway
3980,TXN_4532475,2.0,1.0,2.0,Coffee,2023-04-23,Digital Wallet,Takeaway
3981,TXN_4532651,2.0,2.0,4.0,Coffee,2023-09-13,Digital Wallet,In-store
3982,TXN_4533186,1.5,3.0,4.5,Tea,2023-04-19,Digital Wallet,Takeaway
3983,TXN_4536553,1.5,2.0,3.0,Tea,2023-08-17,Cash,In-store
3984,TXN_4536827,1.0,3.0,3.0,Cookie,2023-10-14,Digital Wallet,Takeaway
3985,TXN_4537288,1.0,1.0,1.0,Cookie,2023-02-25,Cash,Takeaway
3986,TXN_4538354,3.0,3.0,9.0,Juice,2023-04-21,Cash,Takeaway
3987,TXN_4539758,4.0,3.0,12.0,Sandwich,2023-06-01,Credit Card,In-store
3988,TXN_4541981,4.0,4.0,16.0,Smoothie,2023-01-14,Credit Card,In-store
3989,TXN_4541998,4.0,1.0,4.0,Sandwich,2023-01-13,Credit Card,Takeaway
3990,TXN_4543742,2.0,3.0,6.0,Coffee,2023-03-28,Digital Wallet,Takeaway
3991,TXN_4543793,4.0,2.0,8.0,Sandwich,2023-10-12,Cash,In-store
3992,TXN_4543880,5.0,3.0,15.0,Salad,2023-07-18,Cash,In-store
3993,TXN_4544172,3.0,1.0,3.0,Juice,2023-05-20,Digital Wallet,Takeaway
3994,TXN_4545512,2.0,1.0,2.0,Coffee,2023-12-18,Digital Wallet,Takeaway
3995,TXN_4546375,5.0,1.0,5.0,Salad,2023-02-20,Credit Card,In-store
3996,TXN_4547294,1.5,1.0,1.5,Tea,2023-09-30,Digital Wallet,In-store
3997,TXN_4547995,3.0,3.0,9.0,Cake,2023-11-30,Digital Wallet,Takeaway
3998,TXN_4548274,3.0,5.0,15.0,Juice,2023-05-09,Digital Wallet,In-store
3999,TXN_4548466,1.5,4.0,6.0,Tea,2023-11-30,Credit Card,Takeaway
4000,TXN_4548565,3.0,4.0,12.0,Juice,2023-02-17,Digital Wallet,In-store
4001,TXN_4548698,5.0,2.0,10.0,Salad,2023-03-04,Cash,Takeaway
4002,TXN_4548715,4.0,2.0,8.0,Sandwich,2023-02-16,Credit Card,In-store
4003,TXN_4549825,5.0,2.0,10.0,Salad,2023-02-16,Digital Wallet,In-store
4004,TXN_4549977,1.0,1.0,1.0,Cookie,2023-08-21,Cash,Takeaway
4005,TXN_4550558,1.0,3.0,9.0,Cookie,2023-08-04,Credit Card,In-store
4006,TXN_4551353,1.5,5.0,7.5,Tea,2023-08-17,Digital Wallet,In-store
4007,TXN_4551806,1.5,1.0,1.5,Tea,2023-01-09,Digital Wallet,In-store
4008,TXN_4552137,1.5,2.0,3.0,Tea,2023-04-05,Digital Wallet,In-store
4009,TXN_4552615,3.0,2.0,6.0,Cake,2023-04-09,Cash,Takeaway
4010,TXN_4553403,2.0,5.0,10.0,Coffee,2023-06-20,Digital Wallet,In-store
4011,TXN_4554168,1.5,4.0,6.0,Tea,2023-04-08,Digital Wallet,In-store
4012,TXN_4554194,4.0,3.0,12.0,Smoothie,2023-10-04,Credit Card,Takeaway
4013,TXN_4556831,3.0,2.0,6.0,Juice,2023-05-28,Digital Wallet,In-store
4014,TXN_4558455,5.0,3.0,15.0,Salad,2023-05-28,Credit Card,In-store
4015,TXN_4559065,3.0,1.0,3.0,Juice,2023-05-03,Cash,In-store
4016,TXN_4561006,3.0,3.0,9.0,Juice,2023-11-23,Credit Card,In-store
4017,TXN_4561296,5.0,5.0,25.0,Salad,2023-11-22,Cash,In-store
4018,TXN_4563526,4.0,4.0,16.0,Smoothie,2023-06-30,Credit Card,In-store
4019,TXN_4563544,4.0,5.0,20.0,Sandwich,2023-06-10,Credit Card,In-store
4020,TXN_4563646,3.0,5.0,15.0,Juice,2023-10-10,Cash,Takeaway
4021,TXN_4563679,2.0,4.0,8.0,Coffee,2023-09-11,Digital Wallet,In-store
4022,TXN_4564220,1.5,1.0,1.5,Tea,2023-05-09,Digital Wallet,Takeaway
4023,TXN_4564556,2.0,3.0,6.0,Coffee,2023-11-21,Credit Card,Takeaway
4024,TXN_4565080,4.0,4.0,16.0,Smoothie,2023-09-28,Digital Wallet,In-store
4025,TXN_4565233,5.0,3.0,15.0,Salad,2023-11-16,Credit Card,In-store
4026,TXN_4565754,4.0,3.0,9.0,Smoothie,2023-10-06,Digital Wallet,Takeaway
4027,TXN_4565969,2.0,3.0,6.0,Coffee,2023-03-16,Digital Wallet,Takeaway
4028,TXN_4566012,1.0,5.0,5.0,Cookie,2023-05-10,Credit Card,Takeaway
4029,TXN_4566950,2.0,2.0,4.0,Coffee,2023-09-29,Cash,Takeaway
4030,TXN_4567429,1.5,3.0,4.5,Tea,2023-10-11,Cash,In-store
4031,TXN_4567455,2.0,3.0,6.0,Coffee,2023-02-01,Digital Wallet,In-store
4032,TXN_4568379,1.0,3.0,3.0,Cookie,2023-05-28,Digital Wallet,In-store
4033,TXN_4568452,1.0,3.0,3.0,Cookie,2023-01-14,Digital Wallet,In-store
4034,TXN_4569448,3.0,1.0,3.0,Juice,2023-01-14,Digital Wallet,In-store
4035,TXN_4569599,1.5,2.0,3.0,Tea,2023-02-07,Cash,In-store
4036,TXN_4570711,4.0,4.0,16.0,Sandwich,2023-12-11,Credit Card,In-store
4037,TXN_4570750,2.0,1.0,2.0,Coffee,2023-05-18,Cash,Takeaway
4038,TXN_4570881,2.0,1.0,2.0,Coffee,2023-09-14,Digital Wallet,Takeaway
4039,TXN_4571222,1.0,2.0,2.0,Cookie,2023-03-21,Credit Card,Takeaway
4040,TXN_4571510,4.0,3.0,12.0,Smoothie,2023-11-19,Cash,Takeaway
4041,TXN_4573096,2.0,1.0,2.0,Coffee,2023-08-13,Digital Wallet,In-store
4042,TXN_4573576,3.0,2.0,6.0,Juice,2023-07-05,Cash,In-store
4043,TXN_4574757,3.0,2.0,6.0,Juice,2023-08-05,Digital Wallet,In-store
4044,TXN_4577234,3.0,4.0,12.0,Juice,2023-06-09,Digital Wallet,In-store
4045,TXN_4577368,3.0,4.0,12.0,Cake,2023-05-29,Cash,Takeaway
4046,TXN_4579086,3.0,2.0,6.0,Cake,2023-07-20,Credit Card,In-store
4047,TXN_4579666,4.0,2.0,8.0,Smoothie,2023-10-23,Digital Wallet,In-store
4048,TXN_4580084,4.0,5.0,20.0,Sandwich,2023-12-17,Credit Card,Takeaway
4049,TXN_4581359,3.0,2.0,6.0,Juice,2023-03-22,Credit Card,In-store
4050,TXN_4582054,5.0,2.0,10.0,Salad,2023-08-27,Digital Wallet,Takeaway
4051,TXN_4582966,3.0,2.0,6.0,Juice,2023-10-28,Digital Wallet,In-store
4052,TXN_4583009,5.0,5.0,25.0,Salad,2023-01-08,Credit Card,In-store
4053,TXN_4583012,4.0,5.0,20.0,Sandwich,2023-02-27,Digital Wallet,In-store
4054,TXN_4583908,4.0,1.0,4.0,Sandwich,2023-06-04,Digital Wallet,In-store
4055,TXN_4583957,1.0,2.0,2.0,Cookie,2023-10-08,Credit Card,Takeaway
4056,TXN_4586482,3.0,3.0,9.0,Juice,2023-09-04,Digital Wallet,In-store
4057,TXN_4587806,1.0,4.0,4.0,Cookie,2023-07-27,Digital Wallet,Takeaway
4058,TXN_4590013,1.5,5.0,7.5,Tea,2023-04-19,Cash,Takeaway
4059,TXN_4591512,1.5,2.0,3.0,Tea,2023-08-11,Digital Wallet,In-store
4060,TXN_4592205,1.0,3.0,3.0,Cookie,2023-12-30,Credit Card,In-store
4061,TXN_4594866,1.0,1.0,1.0,Cookie,2023-03-24,Digital Wallet,Takeaway
4062,TXN_4594922,5.0,2.0,10.0,Salad,2023-06-19,Credit Card,Takeaway
4063,TXN_4597600,1.0,5.0,5.0,Cookie,2023-11-15,Digital Wallet,Takeaway
4064,TXN_4598397,2.0,4.0,8.0,Coffee,2023-09-13,Cash,Takeaway
4065,TXN_4600048,1.0,2.0,2.0,Cookie,2023-10-30,Cash,Takeaway
4066,TXN_4600614,4.0,3.0,12.0,Sandwich,2023-01-27,Digital Wallet,Takeaway
4067,TXN_4600894,5.0,5.0,25.0,Salad,2023-09-17,Digital Wallet,In-store
4068,TXN_4602430,4.0,3.0,12.0,Sandwich,2023-01-31,Credit Card,In-store
4069,TXN_4602865,1.0,5.0,5.0,Cookie,2023-09-27,Digital Wallet,Takeaway
4070,TXN_4605239,2.0,1.0,2.0,Coffee,2023-08-06,Credit Card,Takeaway
4071,TXN_4605871,1.0,1.0,1.0,Cookie,2023-06-20,Digital Wallet,Takeaway
4072,TXN_4606893,3.0,5.0,15.0,Juice,2023-05-24,Digital Wallet,In-store
4073,TXN_4607296,3.0,5.0,15.0,Cake,2023-04-02,Cash,In-store
4074,TXN_4607933,4.0,2.0,8.0,Smoothie,2023-09-22,Credit Card,In-store
4075,TXN_4611673,4.0,5.0,20.0,Smoothie,2023-03-05,Digital Wallet,In-store
4076,TXN_4612146,3.0,3.0,9.0,Cake,2023-12-31,Cash,Takeaway
4077,TXN_4612207,3.0,5.0,15.0,Juice,2023-01-21,Digital Wallet,In-store
4078,TXN_4612269,5.0,5.0,25.0,Salad,2023-01-09,Cash,In-store
4079,TXN_4612864,1.5,3.0,4.5,Tea,2023-02-14,Digital Wallet,In-store
4080,TXN_4612930,3.0,2.0,6.0,Juice,2023-08-13,Digital Wallet,In-store
4081,TXN_4613510,3.0,5.0,15.0,Cake,2023-02-16,Credit Card,Takeaway
4082,TXN_4613595,5.0,3.0,15.0,Salad,2023-07-07,Credit Card,Takeaway
4083,TXN_4613883,1.5,1.0,1.5,Tea,2023-05-21,Cash,In-store
4084,TXN_4615235,3.0,4.0,12.0,Cake,2023-01-08,Cash,Takeaway
4085,TXN_4615245,4.0,4.0,16.0,Sandwich,2023-04-26,Credit Card,In-store
4086,TXN_4617139,3.0,4.0,12.0,Juice,2023-04-12,Digital Wallet,In-store
4087,TXN_4617771,4.0,4.0,16.0,Smoothie,2023-09-10,Digital Wallet,Takeaway
4088,TXN_4618211,4.0,4.0,16.0,Smoothie,2023-09-12,Cash,In-store
4089,TXN_4619018,3.0,5.0,15.0,Cake,2023-12-19,Digital Wallet,Takeaway
4090,TXN_4619029,4.0,3.0,12.0,Sandwich,2023-12-19,Credit Card,In-store
4091,TXN_4620459,4.0,5.0,20.0,Sandwich,2023-12-19,Cash,In-store
4092,TXN_4620647,2.0,1.0,2.0,Coffee,2023-07-15,Digital Wallet,Takeaway
4093,TXN_4621665,4.0,5.0,20.0,Smoothie,2023-01-17,Digital Wallet,In-store
4094,TXN_4623303,4.0,3.0,12.0,Smoothie,2023-01-29,Digital Wallet,In-store
4095,TXN_4623468,2.0,5.0,10.0,Coffee,2023-01-29,Credit Card,Takeaway
4096,TXN_4623642,4.0,1.0,4.0,Sandwich,2023-09-12,Cash,Takeaway
4097,TXN_4624019,1.0,1.0,1.0,Cookie,2023-02-12,Cash,Takeaway
4098,TXN_4624436,4.0,1.0,4.0,Sandwich,2023-05-22,Credit Card,In-store
4099,TXN_4624591,5.0,2.0,10.0,Salad,2023-08-03,Credit Card,In-store
4100,TXN_4625165,5.0,3.0,15.0,Salad,2023-03-02,Credit Card,In-store
4101,TXN_4625910,3.0,1.0,3.0,Juice,2023-01-17,Digital Wallet,In-store
4102,TXN_4627457,3.0,3.0,9.0,Cake,2023-12-13,Cash,In-store
4103,TXN_4628310,3.0,4.0,12.0,Juice,2023-04-20,Credit Card,Takeaway
4104,TXN_4628338,2.0,3.0,9.0,Coffee,2023-12-25,Cash,Takeaway
4105,TXN_4630633,4.0,1.0,4.0,Sandwich,2023-10-22,Credit Card,Takeaway
4106,TXN_4630658,4.0,1.0,4.0,Smoothie,2023-07-10,Cash,Takeaway
4107,TXN_4630854,1.5,1.0,1.5,Tea,2023-02-10,Digital Wallet,In-store
4108,TXN_4631228,3.0,1.0,3.0,Juice,2023-10-07,Digital Wallet,In-store
4109,TXN_4631695,1.0,5.0,5.0,Cookie,2023-11-18,Digital Wallet,In-store
4110,TXN_4633457,5.0,1.0,5.0,Salad,2023-05-21,Credit Card,Takeaway
4111,TXN_4633505,1.5,3.0,4.5,Tea,2023-08-25,Digital Wallet,Takeaway
4112,TXN_4633784,3.0,5.0,15.0,Juice,2023-02-06,Digital Wallet,In-store
4113,TXN_4634772,3.0,3.0,9.0,Juice,2023-01-12,Credit Card,In-store
4114,TXN_4634894,2.0,1.0,2.0,Coffee,2023-12-09,Digital Wallet,Takeaway
4115,TXN_4635037,3.0,1.0,3.0,Juice,2023-05-17,Digital Wallet,In-store
4116,TXN_4635230,4.0,3.0,12.0,Sandwich,2023-06-10,Credit Card,In-store
4117,TXN_4635386,1.5,1.0,1.5,Tea,2023-06-10,Credit Card,Takeaway
4118,TXN_4637016,5.0,3.0,15.0,Salad,2023-06-10,Credit Card,In-store
4119,TXN_4637070,1.5,3.0,4.5,Tea,2023-06-13,Credit Card,In-store
4120,TXN_4637438,5.0,2.0,10.0,Salad,2023-04-07,Cash,Takeaway
4121,TXN_4638629,4.0,4.0,16.0,Smoothie,2023-02-10,Credit Card,In-store
4122,TXN_4638979,5.0,1.0,5.0,Salad,2023-06-28,Cash,In-store
4123,TXN_4639319,2.0,5.0,10.0,Coffee,2023-01-09,Cash,Takeaway
4124,TXN_4639621,2.0,2.0,4.0,Coffee,2023-10-12,Digital Wallet,In-store
4125,TXN_4639918,4.0,1.0,4.0,Sandwich,2023-11-05,Digital Wallet,In-store
4126,TXN_4640977,1.0,3.0,3.0,Cookie,2023-02-11,Credit Card,In-store
4127,TXN_4641838,1.0,5.0,5.0,Cookie,2023-04-30,Credit Card,Takeaway
4128,TXN_4642770,1.5,4.0,6.0,Tea,2023-09-22,Digital Wallet,In-store
4129,TXN_4643305,1.0,4.0,4.0,Cookie,2023-04-12,Digital Wallet,Takeaway
4130,TXN_4643515,4.0,1.0,4.0,Sandwich,2023-10-03,Digital Wallet,In-store
4131,TXN_4644671,2.0,3.0,6.0,Coffee,2023-04-20,Digital Wallet,Takeaway
4132,TXN_4644790,4.0,1.0,4.0,Sandwich,2023-09-19,Credit Card,In-store
4133,TXN_4647042,4.0,5.0,20.0,Sandwich,2023-04-25,Credit Card,Takeaway
4134,TXN_4648031,1.5,4.0,6.0,Tea,2023-09-04,Digital Wallet,In-store
4135,TXN_4648214,5.0,1.0,5.0,Salad,2023-02-15,Cash,In-store
4136,TXN_4649079,1.0,4.0,4.0,Cookie,2023-07-26,Digital Wallet,Takeaway
4137,TXN_4650044,1.0,4.0,4.0,Cookie,2023-06-21,Cash,Takeaway
4138,TXN_4650447,1.5,1.0,1.5,Tea,2023-08-18,Cash,In-store
4139,TXN_4650611,2.0,1.0,2.0,Coffee,2023-10-14,Credit Card,Takeaway
4140,TXN_4650811,1.5,5.0,7.5,Tea,2023-09-26,Cash,In-store
4141,TXN_4650834,5.0,3.0,15.0,Salad,2023-07-14,Digital Wallet,Takeaway
4142,TXN_4651514,1.5,2.0,3.0,Tea,2023-03-28,Digital Wallet,In-store
4143,TXN_4653861,4.0,4.0,16.0,Sandwich,2023-03-28,Cash,Takeaway
4144,TXN_4654061,4.0,2.0,8.0,Sandwich,2023-05-04,Credit Card,In-store
4145,TXN_4656387,1.0,2.0,2.0,Cookie,2023-07-25,Digital Wallet,Takeaway
4146,TXN_4657291,2.0,2.0,4.0,Coffee,2023-05-05,Digital Wallet,Takeaway
4147,TXN_4657842,1.0,5.0,5.0,Cookie,2023-09-29,Cash,Takeaway
4148,TXN_4659155,3.0,1.0,3.0,Juice,2023-04-13,Digital Wallet,In-store
4149,TXN_4659573,3.0,5.0,15.0,Cake,2023-05-15,Cash,Takeaway
4150,TXN_4659954,4.0,3.0,12.0,Sandwich,2023-05-15,Credit Card,In-store
4151,TXN_4660753,3.0,1.0,3.0,Juice,2023-10-04,Credit Card,Takeaway
4152,TXN_4661976,4.0,3.0,12.0,Smoothie,2023-10-13,Digital Wallet,In-store
4153,TXN_4663299,4.0,4.0,16.0,Sandwich,2023-12-26,Digital Wallet,In-store
4154,TXN_4663529,4.0,5.0,20.0,Sandwich,2023-12-24,Digital Wallet,In-store
4155,TXN_4663537,2.0,5.0,10.0,Coffee,2023-10-22,Credit Card,Takeaway
4156,TXN_4663964,1.0,4.0,4.0,Cookie,2023-06-29,Digital Wallet,In-store
4157,TXN_4664329,1.5,2.0,3.0,Tea,2023-01-06,Credit Card,Takeaway
4158,TXN_4667663,3.0,5.0,15.0,Cake,2023-03-07,Credit Card,Takeaway
4159,TXN_4668762,4.0,3.0,12.0,Smoothie,2023-03-10,Digital Wallet,In-store
4160,TXN_4668931,3.0,3.0,9.0,Juice,2023-07-09,Cash,In-store
4161,TXN_4669664,1.0,1.0,1.0,Cookie,2023-12-21,Digital Wallet,In-store
4162,TXN_4671054,5.0,4.0,20.0,Salad,2023-06-20,Cash,In-store
4163,TXN_4671375,1.5,1.0,1.5,Tea,2023-06-28,Digital Wallet,In-store
4164,TXN_4672332,3.0,4.0,12.0,Cake,2023-03-29,Cash,In-store
4165,TXN_4673812,1.0,2.0,2.0,Cookie,2023-05-01,Digital Wallet,Takeaway
4166,TXN_4674417,1.0,5.0,5.0,Cookie,2023-07-03,Digital Wallet,Takeaway
4167,TXN_4674667,2.0,2.0,4.0,Coffee,2023-05-24,Digital Wallet,Takeaway
4168,TXN_4676976,4.0,3.0,12.0,Smoothie,2023-05-26,Digital Wallet,In-store
4169,TXN_4677415,3.0,2.0,6.0,Cake,2023-12-12,Digital Wallet,Takeaway
4170,TXN_4677478,3.0,4.0,12.0,Cake,2023-07-09,Cash,In-store
4171,TXN_4678948,3.0,3.0,9.0,Juice,2023-07-02,Digital Wallet,Takeaway
4172,TXN_4679083,3.0,5.0,15.0,Cake,2023-12-25,Cash,Takeaway
4173,TXN_4679409,2.0,1.0,2.0,Coffee,2023-03-25,Digital Wallet,In-store
4174,TXN_4679593,3.0,1.0,3.0,Juice,2023-01-10,Cash,In-store
4175,TXN_4680399,3.0,5.0,15.0,Juice,2023-04-07,Digital Wallet,In-store
4176,TXN_4682737,2.0,2.0,4.0,Coffee,2023-02-03,Cash,Takeaway
4177,TXN_4685453,1.5,4.0,6.0,Tea,2023-09-14,Cash,In-store
4178,TXN_4688236,2.0,4.0,8.0,Coffee,2023-07-05,Cash,In-store
4179,TXN_4688280,1.5,1.0,1.5,Tea,2023-02-16,Digital Wallet,In-store
4180,TXN_4689500,4.0,4.0,16.0,Sandwich,2023-12-02,Credit Card,In-store
4181,TXN_4690415,4.0,2.0,8.0,Sandwich,2023-12-02,Digital Wallet,In-store
4182,TXN_4690833,3.0,1.0,3.0,Cake,2023-05-23,Cash,Takeaway
4183,TXN_4692681,1.5,2.0,3.0,Tea,2023-06-02,Digital Wallet,In-store
4184,TXN_4692976,3.0,1.0,3.0,Juice,2023-11-06,Digital Wallet,In-store
4185,TXN_4693942,4.0,4.0,16.0,Sandwich,2023-12-16,Cash,Takeaway
4186,TXN_4694285,1.5,3.0,4.5,Tea,2023-01-25,Digital Wallet,In-store
4187,TXN_4695415,3.0,5.0,15.0,Cake,2023-01-25,Cash,In-store
4188,TXN_4695464,1.0,4.0,4.0,Cookie,2023-01-25,Digital Wallet,Takeaway
4189,TXN_4696403,1.0,3.0,3.0,Cookie,2023-08-19,Cash,Takeaway
4190,TXN_4696439,1.0,1.0,1.0,Cookie,2023-05-27,Cash,In-store
4191,TXN_4696969,5.0,1.0,5.0,Salad,2023-09-29,Credit Card,In-store
4192,TXN_4697112,4.0,3.0,12.0,Sandwich,2023-04-08,Credit Card,In-store
4193,TXN_4698656,4.0,4.0,16.0,Smoothie,2023-12-07,Digital Wallet,In-store
4194,TXN_4699706,2.0,5.0,10.0,Coffee,2023-12-04,Digital Wallet,In-store
4195,TXN_4699911,2.0,2.0,4.0,Coffee,2023-07-21,Digital Wallet,Takeaway
4196,TXN_4700144,2.0,4.0,8.0,Coffee,2023-12-21,Digital Wallet,In-store
4197,TXN_4702345,5.0,4.0,20.0,Salad,2023-01-08,Digital Wallet,In-store
4198,TXN_4702378,3.0,2.0,6.0,Cake,2023-08-28,Cash,Takeaway
4199,TXN_4703100,4.0,1.0,4.0,Sandwich,2023-01-26,Credit Card,In-store
4200,TXN_4704321,3.0,3.0,9.0,Cake,2023-01-26,Cash,Takeaway
4201,TXN_4704439,2.0,3.0,6.0,Coffee,2023-06-14,Cash,Takeaway
4202,TXN_4705417,5.0,5.0,25.0,Salad,2023-12-14,Credit Card,Takeaway
4203,TXN_4706042,5.0,5.0,25.0,Salad,2023-12-01,Cash,In-store
4204,TXN_4708410,3.0,4.0,12.0,Cake,2023-10-08,Digital Wallet,In-store
4205,TXN_4709135,4.0,2.0,8.0,Sandwich,2023-10-08,Credit Card,Takeaway
4206,TXN_4712887,1.5,5.0,7.5,Tea,2023-01-04,Credit Card,In-store
4207,TXN_4713356,4.0,5.0,20.0,Smoothie,2023-05-08,Digital Wallet,In-store
4208,TXN_4713643,2.0,5.0,10.0,Coffee,2023-08-10,Digital Wallet,Takeaway
4209,TXN_4714592,1.5,1.0,1.5,Tea,2023-06-02,Cash,In-store
4210,TXN_4717715,4.0,3.0,12.0,Sandwich,2023-07-27,Digital Wallet,In-store
4211,TXN_4717867,3.0,5.0,15.0,Juice,2023-07-28,Digital Wallet,Takeaway
4212,TXN_4719069,3.0,2.0,6.0,Juice,2023-01-04,Digital Wallet,In-store
4213,TXN_4721830,4.0,3.0,12.0,Sandwich,2023-11-15,Credit Card,In-store
4214,TXN_4722816,5.0,4.0,20.0,Salad,2023-10-19,Cash,In-store
4215,TXN_4723089,4.0,4.0,16.0,Sandwich,2023-05-23,Cash,In-store
4216,TXN_4723529,4.0,2.0,8.0,Sandwich,2023-03-25,Credit Card,In-store
4217,TXN_4723978,1.0,2.0,2.0,Cookie,2023-04-20,Digital Wallet,Takeaway
4218,TXN_4726376,3.0,2.0,6.0,Cake,2023-01-31,Credit Card,In-store
4219,TXN_4726531,5.0,5.0,25.0,Salad,2023-09-09,Cash,Takeaway
4220,TXN_4727260,1.5,2.0,3.0,Tea,2023-01-30,Digital Wallet,In-store
4221,TXN_4728936,3.0,4.0,12.0,Juice,2023-02-27,Digital Wallet,Takeaway
4222,TXN_4731715,2.0,5.0,10.0,Coffee,2023-03-14,Digital Wallet,Takeaway
4223,TXN_4732351,4.0,1.0,4.0,Sandwich,2023-04-22,Digital Wallet,In-store
4224,TXN_4734216,5.0,3.0,15.0,Salad,2023-11-30,Digital Wallet,In-store
4225,TXN_4734366,4.0,1.0,4.0,Smoothie,2023-08-20,Credit Card,Takeaway
4226,TXN_4735392,4.0,3.0,12.0,Smoothie,2023-04-04,Credit Card,Takeaway
4227,TXN_4737392,4.0,2.0,8.0,Sandwich,2023-02-17,Cash,In-store
4228,TXN_4738349,4.0,2.0,8.0,Smoothie,2023-02-06,Digital Wallet,In-store
4229,TXN_4740892,3.0,1.0,3.0,Cake,2023-11-19,Digital Wallet,Takeaway
4230,TXN_4740952,1.5,4.0,6.0,Tea,2023-02-21,Digital Wallet,Takeaway
4231,TXN_4742049,3.0,1.0,3.0,Juice,2023-09-10,Credit Card,Takeaway
4232,TXN_4742476,2.0,2.0,4.0,Coffee,2023-10-27,Cash,In-store
4233,TXN_4745094,1.5,5.0,7.5,Tea,2023-12-05,Credit Card,In-store
4234,TXN_4745933,5.0,1.0,5.0,Salad,2023-11-05,Digital Wallet,In-store
4235,TXN_4746320,1.0,2.0,2.0,Cookie,2023-04-02,Digital Wallet,Takeaway
4236,TXN_4747863,1.0,2.0,2.0,Cookie,2023-10-04,Digital Wallet,In-store
4237,TXN_4749986,1.5,5.0,7.5,Tea,2023-05-26,Digital Wallet,Takeaway
4238,TXN_4750383,2.0,2.0,4.0,Coffee,2023-06-30,Cash,Takeaway
4239,TXN_4751689,4.0,5.0,20.0,Smoothie,2023-07-28,Cash,In-store
4240,TXN_4753853,3.0,5.0,15.0,Juice,2023-05-07,Credit Card,Takeaway
4241,TXN_4754346,3.0,4.0,12.0,Juice,2023-08-31,Credit Card,In-store
4242,TXN_4754723,2.0,2.0,4.0,Coffee,2023-08-31,Credit Card,Takeaway
4243,TXN_4755623,3.0,3.0,9.0,Juice,2023-11-23,Cash,In-store
4244,TXN_4755860,3.0,5.0,15.0,Juice,2023-10-28,Digital Wallet,In-store
4245,TXN_4755934,1.5,2.0,3.0,Tea,2023-12-29,Cash,In-store
4246,TXN_4757873,1.5,1.0,1.5,Tea,2023-09-12,Credit Card,In-store
4247,TXN_4758849,3.0,2.0,6.0,Cake,2023-06-23,Cash,Takeaway
4248,TXN_4759769,4.0,1.0,4.0,Sandwich,2023-08-03,Credit Card,In-store
4249,TXN_4759797,5.0,3.0,15.0,Salad,2023-08-03,Cash,In-store
4250,TXN_4761088,3.0,4.0,12.0,Cake,2023-08-27,Digital Wallet,Takeaway
4251,TXN_4762520,4.0,1.0,4.0,Smoothie,2023-07-17,Cash,Takeaway
4252,TXN_4764236,3.0,1.0,3.0,Juice,2023-05-29,Digital Wallet,In-store
4253,TXN_4764398,4.0,2.0,8.0,Sandwich,2023-06-13,Credit Card,In-store
4254,TXN_4766317,1.0,2.0,2.0,Cookie,2023-09-23,Digital Wallet,Takeaway
4255,TXN_4766549,4.0,2.0,8.0,Smoothie,2023-10-20,Cash,In-store
4256,TXN_4767006,3.0,1.0,3.0,Cake,2023-08-23,Cash,Takeaway
4257,TXN_4767609,2.0,3.0,6.0,Coffee,2023-10-15,Digital Wallet,In-store
4258,TXN_4768744,1.5,5.0,7.5,Tea,2023-05-14,Cash,In-store
4259,TXN_4769307,1.5,5.0,7.5,Tea,2023-12-24,Digital Wallet,In-store
4260,TXN_4773210,2.0,1.0,2.0,Coffee,2023-11-29,Credit Card,Takeaway
4261,TXN_4773465,2.0,5.0,10.0,Coffee,2023-11-28,Digital Wallet,Takeaway
4262,TXN_4775220,3.0,3.0,9.0,Juice,2023-07-21,Digital Wallet,Takeaway
4263,TXN_4775791,4.0,4.0,16.0,Smoothie,2023-04-13,Credit Card,In-store
4264,TXN_4777601,1.5,1.0,1.5,Tea,2023-08-18,Credit Card,In-store
4265,TXN_4778105,3.0,4.0,12.0,Juice,2023-10-08,Digital Wallet,In-store
4266,TXN_4779192,1.0,5.0,5.0,Cookie,2023-11-06,Digital Wallet,Takeaway
4267,TXN_4779439,3.0,4.0,12.0,Juice,2023-08-23,Digital Wallet,In-store
4268,TXN_4779440,1.0,1.0,1.0,Cookie,2023-07-12,Digital Wallet,Takeaway
4269,TXN_4780352,5.0,1.0,5.0,Salad,2023-01-12,Digital Wallet,Takeaway
4270,TXN_4781960,3.0,1.0,3.0,Juice,2023-03-28,Digital Wallet,In-store
4271,TXN_4784128,4.0,3.0,12.0,Sandwich,2023-08-27,Cash,Takeaway
4272,TXN_4784154,1.5,5.0,7.5,Tea,2023-09-06,Credit Card,In-store
4273,TXN_4786680,4.0,3.0,12.0,Sandwich,2023-02-05,Credit Card,In-store
4274,TXN_4787754,3.0,2.0,6.0,Juice,2023-08-31,Digital Wallet,Takeaway
4275,TXN_4787990,1.0,3.0,3.0,Cookie,2023-02-04,Digital Wallet,Takeaway
4276,TXN_4788388,3.0,3.0,9.0,Cake,2023-06-29,Cash,Takeaway
4277,TXN_4788748,4.0,4.0,16.0,Sandwich,2023-04-30,Credit Card,In-store
4278,TXN_4788849,1.0,1.0,1.0,Cookie,2023-03-13,Digital Wallet,Takeaway
4279,TXN_4789193,3.0,3.0,9.0,Juice,2023-02-21,Digital Wallet,In-store
4280,TXN_4789941,4.0,3.0,12.0,Sandwich,2023-04-17,Credit Card,In-store
4281,TXN_4791031,2.0,5.0,10.0,Coffee,2023-04-17,Cash,Takeaway
4282,TXN_4791072,2.0,3.0,6.0,Coffee,2023-11-13,Digital Wallet,Takeaway
4283,TXN_4791105,4.0,3.0,12.0,Sandwich,2023-05-18,Credit Card,Takeaway
4284,TXN_4791243,1.0,5.0,5.0,Cookie,2023-05-12,Digital Wallet,Takeaway
4285,TXN_4792702,4.0,1.0,4.0,Sandwich,2023-06-28,Cash,Takeaway
4286,TXN_4793771,3.0,4.0,12.0,Cake,2023-12-26,Cash,Takeaway
4287,TXN_4795208,4.0,2.0,8.0,Sandwich,2023-05-03,Digital Wallet,Takeaway
4288,TXN_4796350,4.0,3.0,12.0,Sandwich,2023-05-03,Credit Card,Takeaway
4289,TXN_4797429,5.0,5.0,25.0,Salad,2023-11-07,Digital Wallet,In-store
4290,TXN_4798335,4.0,5.0,20.0,Sandwich,2023-02-16,Credit Card,Takeaway
4291,TXN_4798484,3.0,3.0,9.0,Juice,2023-08-09,Digital Wallet,In-store
4292,TXN_4798534,5.0,5.0,25.0,Salad,2023-07-23,Digital Wallet,Takeaway
4293,TXN_4799873,1.0,3.0,3.0,Cookie,2023-03-04,Digital Wallet,In-store
4294,TXN_4801327,3.0,5.0,15.0,Cake,2023-02-03,Cash,In-store
4295,TXN_4801617,3.0,5.0,15.0,Juice,2023-04-02,Digital Wallet,In-store
4296,TXN_4801832,5.0,2.0,10.0,Salad,2023-08-05,Cash,Takeaway
4297,TXN_4801947,3.0,1.0,3.0,Juice,2023-01-01,Digital Wallet,Takeaway
4298,TXN_4802389,3.0,2.0,6.0,Cake,2023-12-14,Cash,Takeaway
4299,TXN_4805204,1.5,5.0,7.5,Tea,2023-04-25,Digital Wallet,In-store
4300,TXN_4806003,1.0,5.0,5.0,Cookie,2023-08-06,Credit Card,Takeaway
4301,TXN_4807037,5.0,5.0,25.0,Salad,2023-12-08,Cash,In-store
4302,TXN_4807049,1.0,1.0,1.0,Cookie,2023-06-07,Credit Card,Takeaway
4303,TXN_4807265,4.0,3.0,12.0,Sandwich,2023-11-19,Digital Wallet,In-store
4304,TXN_4807459,4.0,1.0,4.0,Sandwich,2023-08-11,Credit Card,In-store
4305,TXN_4807899,2.0,5.0,10.0,Coffee,2023-07-03,Digital Wallet,Takeaway
4306,TXN_4808700,1.0,4.0,4.0,Cookie,2023-01-13,Cash,Takeaway
4307,TXN_4808812,4.0,4.0,16.0,Smoothie,2023-05-31,Digital Wallet,In-store
4308,TXN_4809497,1.5,4.0,6.0,Tea,2023-05-31,Cash,In-store
4309,TXN_4809548,4.0,3.0,12.0,Smoothie,2023-11-04,Digital Wallet,Takeaway
4310,TXN_4809626,2.0,5.0,10.0,Coffee,2023-02-18,Cash,Takeaway
4311,TXN_4811133,5.0,2.0,10.0,Salad,2023-08-11,Cash,In-store
4312,TXN_4811225,1.5,5.0,7.5,Tea,2023-11-01,Cash,Takeaway
4313,TXN_4811887,3.0,2.0,6.0,Cake,2023-02-11,Cash,In-store
4314,TXN_4812472,3.0,2.0,6.0,Cake,2023-09-16,Cash,Takeaway
4315,TXN_4813580,4.0,3.0,12.0,Sandwich,2023-04-15,Digital Wallet,Takeaway
4316,TXN_4814244,4.0,3.0,12.0,Smoothie,2023-06-01,Digital Wallet,In-store
4317,TXN_4814965,5.0,2.0,10.0,Salad,2023-07-23,Digital Wallet,In-store
4318,TXN_4816652,4.0,1.0,4.0,Sandwich,2023-07-17,Credit Card,In-store
4319,TXN_4818703,1.0,2.0,2.0,Cookie,2023-04-20,Digital Wallet,Takeaway
4320,TXN_4819416,5.0,3.0,15.0,Salad,2023-06-01,Cash,In-store
4321,TXN_4821343,1.0,1.0,1.0,Cookie,2023-09-16,Credit Card,In-store
4322,TXN_4822216,3.0,1.0,3.0,Cake,2023-09-03,Cash,Takeaway
4323,TXN_4822256,4.0,1.0,4.0,Smoothie,2023-11-11,Credit Card,In-store
4324,TXN_4823513,1.0,5.0,5.0,Cookie,2023-07-02,Cash,Takeaway
4325,TXN_4824519,4.0,5.0,20.0,Smoothie,2023-12-27,Digital Wallet,In-store
4326,TXN_4824773,5.0,5.0,25.0,Salad,2023-06-06,Cash,Takeaway
4327,TXN_4826214,2.0,3.0,6.0,Coffee,2023-11-23,Digital Wallet,Takeaway
4328,TXN_4827371,5.0,2.0,10.0,Salad,2023-06-20,Cash,Takeaway
4329,TXN_4827637,4.0,4.0,16.0,Smoothie,2023-04-28,Cash,In-store
4330,TXN_4829492,3.0,2.0,6.0,Juice,2023-01-09,Credit Card,Takeaway
4331,TXN_4831311,2.0,2.0,4.0,Coffee,2023-07-15,Cash,Takeaway
4332,TXN_4831345,4.0,5.0,20.0,Sandwich,2023-05-10,Credit Card,In-store
4333,TXN_4831426,3.0,4.0,12.0,Juice,2023-02-27,Credit Card,In-store
4334,TXN_4831525,1.0,3.0,3.0,Cookie,2023-08-05,Digital Wallet,Takeaway
4335,TXN_4832163,3.0,4.0,12.0,Cake,2023-11-17,Cash,Takeaway
4336,TXN_4832452,1.5,5.0,7.5,Tea,2023-02-05,Cash,In-store
4337,TXN_4832513,1.0,5.0,5.0,Cookie,2023-06-05,Credit Card,In-store
4338,TXN_4832566,4.0,4.0,16.0,Sandwich,2023-06-05,Digital Wallet,In-store
4339,TXN_4833378,3.0,5.0,15.0,Cake,2023-10-15,Digital Wallet,Takeaway
4340,TXN_4834450,3.0,2.0,6.0,Cake,2023-06-26,Cash,Takeaway
4341,TXN_4835929,2.0,2.0,4.0,Coffee,2023-10-03,Digital Wallet,In-store
4342,TXN_4836614,1.5,4.0,6.0,Tea,2023-04-03,Digital Wallet,In-store
4343,TXN_4837447,3.0,2.0,6.0,Cake,2023-11-06,Digital Wallet,Takeaway
4344,TXN_4837909,3.0,5.0,15.0,Cake,2023-11-19,Cash,Takeaway
4345,TXN_4840295,4.0,4.0,16.0,Sandwich,2023-02-02,Digital Wallet,Takeaway
4346,TXN_4840522,4.0,3.0,12.0,Smoothie,2023-06-16,Digital Wallet,In-store
4347,TXN_4841285,1.5,2.0,3.0,Tea,2023-05-04,Credit Card,In-store
4348,TXN_4843989,1.5,4.0,6.0,Tea,2023-09-30,Digital Wallet,Takeaway
4349,TXN_4844022,1.0,1.0,1.0,Cookie,2023-02-26,Digital Wallet,Takeaway
4350,TXN_4844386,3.0,5.0,15.0,Juice,2023-10-28,Credit Card,In-store
4351,TXN_4846406,1.0,3.0,3.0,Cookie,2023-05-22,Cash,In-store
4352,TXN_4847617,4.0,4.0,16.0,Sandwich,2023-08-04,Credit Card,In-store
4353,TXN_4848431,5.0,5.0,25.0,Salad,2023-01-09,Credit Card,In-store
4354,TXN_4849180,3.0,5.0,15.0,Juice,2023-10-14,Credit Card,In-store
4355,TXN_4849860,1.5,4.0,6.0,Tea,2023-12-01,Credit Card,In-store
4356,TXN_4851339,4.0,1.0,4.0,Sandwich,2023-02-01,Digital Wallet,Takeaway
4357,TXN_4852852,4.0,2.0,8.0,Smoothie,2023-10-06,Digital Wallet,In-store
4358,TXN_4854751,5.0,3.0,15.0,Salad,2023-10-06,Credit Card,In-store
4359,TXN_4856060,3.0,1.0,3.0,Juice,2023-07-29,Cash,In-store
4360,TXN_4856575,5.0,3.0,15.0,Salad,2023-09-10,Digital Wallet,In-store
4361,TXN_4858666,3.0,3.0,9.0,Cake,2023-03-18,Credit Card,Takeaway
4362,TXN_4858908,3.0,2.0,6.0,Cake,2023-02-11,Cash,In-store
4363,TXN_4860027,1.0,5.0,5.0,Cookie,2023-07-28,Digital Wallet,Takeaway
4364,TXN_4864206,1.0,5.0,5.0,Cookie,2023-03-18,Cash,In-store
4365,TXN_4865338,4.0,4.0,16.0,Sandwich,2023-11-26,Credit Card,In-store
4366,TXN_4865947,1.5,2.0,3.0,Tea,2023-11-26,Cash,Takeaway
4367,TXN_4866254,5.0,4.0,20.0,Salad,2023-03-18,Cash,In-store
4368,TXN_4867316,4.0,1.0,4.0,Sandwich,2023-11-28,Digital Wallet,In-store
4369,TXN_4868913,3.0,4.0,12.0,Cake,2023-06-30,Cash,Takeaway
4370,TXN_4869107,4.0,3.0,12.0,Smoothie,2023-01-30,Digital Wallet,In-store
4371,TXN_4870483,2.0,1.0,2.0,Coffee,2023-03-03,Digital Wallet,Takeaway
4372,TXN_4872708,2.0,5.0,10.0,Coffee,2023-11-16,Cash,Takeaway
4373,TXN_4873173,2.0,5.0,10.0,Coffee,2023-10-08,Cash,Takeaway
4374,TXN_4873180,1.5,5.0,7.5,Tea,2023-01-17,Digital Wallet,In-store
4375,TXN_4874685,4.0,1.0,4.0,Smoothie,2023-01-17,Credit Card,In-store
4376,TXN_4876195,1.5,2.0,3.0,Tea,2023-01-17,Digital Wallet,In-store
4377,TXN_4876398,5.0,2.0,10.0,Salad,2023-04-21,Cash,In-store
4378,TXN_4876440,1.0,3.0,3.0,Cookie,2023-07-01,Digital Wallet,Takeaway
4379,TXN_4876685,1.5,1.0,1.5,Tea,2023-07-14,Digital Wallet,Takeaway
4380,TXN_4877436,3.0,4.0,12.0,Juice,2023-10-08,Digital Wallet,In-store
4381,TXN_4877601,1.0,2.0,2.0,Cookie,2023-07-14,Digital Wallet,Takeaway
4382,TXN_4877933,3.0,5.0,15.0,Juice,2023-01-12,Digital Wallet,In-store
4383,TXN_4878020,3.0,3.0,9.0,Cake,2023-03-17,Cash,In-store
4384,TXN_4878378,1.5,1.0,1.5,Tea,2023-02-20,Credit Card,In-store
4385,TXN_4884822,1.0,1.0,1.0,Cookie,2023-04-23,Credit Card,Takeaway
4386,TXN_4885518,5.0,3.0,15.0,Salad,2023-06-10,Credit Card,In-store
4387,TXN_4886990,5.0,3.0,15.0,Salad,2023-12-17,Cash,Takeaway
4388,TXN_4887189,4.0,3.0,12.0,Smoothie,2023-07-19,Cash,Takeaway
4389,TXN_4887268,5.0,1.0,5.0,Salad,2023-10-16,Credit Card,In-store
4390,TXN_4889269,3.0,2.0,6.0,Cake,2023-02-19,Cash,Takeaway
4391,TXN_4890770,2.0,4.0,8.0,Coffee,2023-10-12,Digital Wallet,Takeaway
4392,TXN_4891221,1.0,5.0,5.0,Cookie,2023-12-09,Digital Wallet,Takeaway
4393,TXN_4892165,3.0,3.0,9.0,Juice,2023-07-27,Cash,In-store
4394,TXN_4892303,4.0,4.0,16.0,Sandwich,2023-07-16,Credit Card,In-store
4395,TXN_4893692,5.0,2.0,10.0,Salad,2023-01-02,Cash,In-store
4396,TXN_4894647,5.0,2.0,10.0,Salad,2023-12-26,Cash,Takeaway
4397,TXN_4894699,1.0,2.0,2.0,Cookie,2023-02-20,Digital Wallet,In-store
4398,TXN_4896948,3.0,4.0,12.0,Cake,2023-10-11,Cash,Takeaway
4399,TXN_4897182,3.0,3.0,9.0,Cake,2023-11-26,Cash,Takeaway
4400,TXN_4897993,4.0,4.0,16.0,Sandwich,2023-12-07,Credit Card,In-store
4401,TXN_4898346,4.0,2.0,8.0,Smoothie,2023-05-07,Cash,In-store
4402,TXN_4898949,5.0,1.0,5.0,Salad,2023-09-18,Cash,In-store
4403,TXN_4900574,3.0,3.0,9.0,Juice,2023-05-06,Digital Wallet,In-store
4404,TXN_4901854,1.0,5.0,5.0,Cookie,2023-04-23,Digital Wallet,Takeaway
4405,TXN_4903004,1.5,4.0,6.0,Tea,2023-12-03,Digital Wallet,In-store
4406,TXN_4907008,2.0,3.0,6.0,Coffee,2023-10-30,Digital Wallet,In-store
4407,TXN_4907812,4.0,2.0,8.0,Sandwich,2023-08-11,Digital Wallet,In-store
4408,TXN_4908458,1.5,4.0,6.0,Tea,2023-10-06,Digital Wallet,In-store
4409,TXN_4912458,3.0,4.0,12.0,Cake,2023-06-12,Cash,Takeaway
4410,TXN_4912930,4.0,3.0,12.0,Smoothie,2023-02-26,Credit Card,In-store
4411,TXN_4913079,4.0,3.0,12.0,Sandwich,2023-08-19,Credit Card,In-store
4412,TXN_4913329,2.0,5.0,10.0,Coffee,2023-10-30,Credit Card,Takeaway
4413,TXN_4914203,2.0,1.0,2.0,Coffee,2023-12-02,Credit Card,Takeaway
4414,TXN_4914535,1.0,2.0,2.0,Cookie,2023-12-02,Cash,Takeaway
4415,TXN_4915908,4.0,5.0,20.0,Sandwich,2023-06-06,Credit Card,In-store
4416,TXN_4916085,3.0,1.0,3.0,Juice,2023-03-03,Digital Wallet,In-store
4417,TXN_4916272,1.5,3.0,4.5,Tea,2023-03-03,Digital Wallet,In-store
4418,TXN_4916611,3.0,5.0,15.0,Juice,2023-05-21,Digital Wallet,Takeaway
4419,TXN_4916936,4.0,1.0,4.0,Smoothie,2023-06-04,Digital Wallet,Takeaway
4420,TXN_4917580,2.0,3.0,6.0,Coffee,2023-03-08,Digital Wallet,In-store
4421,TXN_4919285,2.0,4.0,8.0,Coffee,2023-10-15,Cash,Takeaway
4422,TXN_4921791,5.0,4.0,20.0,Salad,2023-10-15,Credit Card,In-store
4423,TXN_4921865,1.5,2.0,3.0,Tea,2023-02-06,Digital Wallet,In-store
4424,TXN_4925291,4.0,2.0,8.0,Smoothie,2023-09-22,Digital Wallet,In-store
4425,TXN_4928254,3.0,1.0,3.0,Cake,2023-12-22,Credit Card,Takeaway
4426,TXN_4932018,4.0,4.0,16.0,Sandwich,2023-08-23,Digital Wallet,Takeaway
4427,TXN_4932916,2.0,1.0,2.0,Coffee,2023-12-13,Digital Wallet,Takeaway
4428,TXN_4933689,3.0,1.0,3.0,Cake,2023-12-13,Cash,In-store
4429,TXN_4935258,3.0,2.0,6.0,Cake,2023-09-14,Credit Card,Takeaway
4430,TXN_4935533,4.0,1.0,4.0,Sandwich,2023-06-12,Credit Card,In-store
4431,TXN_4936135,2.0,4.0,8.0,Coffee,2023-12-08,Cash,In-store
4432,TXN_4937344,4.0,1.0,4.0,Sandwich,2023-02-12,Credit Card,In-store
4433,TXN_4937411,3.0,1.0,3.0,Juice,2023-08-21,Digital Wallet,Takeaway
4434,TXN_4939667,5.0,1.0,5.0,Salad,2023-01-23,Cash,Takeaway
4435,TXN_4940237,3.0,2.0,6.0,Cake,2023-08-03,Cash,Takeaway
4436,TXN_4942692,2.0,2.0,4.0,Coffee,2023-01-15,Digital Wallet,Takeaway
4437,TXN_4942960,3.0,1.0,3.0,Juice,2023-04-12,Digital Wallet,Takeaway
4438,TXN_4943552,3.0,5.0,15.0,Juice,2023-04-14,Digital Wallet,Takeaway
4439,TXN_4943715,2.0,5.0,10.0,Coffee,2023-10-06,Digital Wallet,Takeaway
4440,TXN_4944024,4.0,2.0,8.0,Smoothie,2023-09-26,Digital Wallet,Takeaway
4441,TXN_4944121,2.0,2.0,4.0,Coffee,2023-05-29,Digital Wallet,Takeaway
4442,TXN_4946991,3.0,1.0,3.0,Cake,2023-04-17,Cash,Takeaway
4443,TXN_4947561,5.0,3.0,15.0,Salad,2023-06-06,Cash,Takeaway
4444,TXN_4948026,1.5,4.0,6.0,Tea,2023-07-02,Digital Wallet,In-store
4445,TXN_4949509,4.0,4.0,16.0,Smoothie,2023-04-20,Digital Wallet,In-store
4446,TXN_4953063,1.5,5.0,7.5,Tea,2023-04-20,Credit Card,In-store
4447,TXN_4953450,1.0,4.0,4.0,Cookie,2023-03-10,Digital Wallet,In-store
4448,TXN_4954887,1.0,3.0,3.0,Cookie,2023-06-11,Digital Wallet,In-store
4449,TXN_4956012,4.0,1.0,4.0,Sandwich,2023-07-20,Credit Card,In-store
4450,TXN_4958354,4.0,4.0,16.0,Sandwich,2023-05-01,Credit Card,Takeaway
4451,TXN_4959078,3.0,2.0,6.0,Cake,2023-09-13,Digital Wallet,Takeaway
4452,TXN_4959129,3.0,2.0,6.0,Juice,2023-06-24,Credit Card,In-store
4453,TXN_4961655,3.0,5.0,15.0,Juice,2023-05-06,Cash,Takeaway
4454,TXN_4962147,3.0,2.0,6.0,Cake,2023-02-07,Cash,Takeaway
4455,TXN_4962500,3.0,5.0,15.0,Juice,2023-02-07,Digital Wallet,Takeaway
4456,TXN_4965631,4.0,3.0,12.0,Smoothie,2023-01-27,Credit Card,In-store
4457,TXN_4966149,3.0,2.0,6.0,Juice,2023-04-10,Cash,In-store
4458,TXN_4966750,1.0,3.0,3.0,Cookie,2023-12-24,Digital Wallet,In-store
4459,TXN_4967355,4.0,2.0,8.0,Sandwich,2023-04-25,Credit Card,In-store
4460,TXN_4967446,4.0,1.0,4.0,Sandwich,2023-07-11,Credit Card,In-store
4461,TXN_4968258,4.0,2.0,8.0,Smoothie,2023-05-14,Digital Wallet,Takeaway
4462,TXN_4968659,1.5,5.0,7.5,Tea,2023-03-18,Credit Card,In-store
4463,TXN_4969003,1.0,1.0,1.0,Cookie,2023-04-19,Digital Wallet,In-store
4464,TXN_4969431,5.0,4.0,20.0,Salad,2023-04-11,Credit Card,Takeaway
4465,TXN_4970127,1.5,1.0,1.5,Tea,2023-12-09,Digital Wallet,In-store
4466,TXN_4971093,4.0,4.0,16.0,Smoothie,2023-03-27,Digital Wallet,Takeaway
4467,TXN_4971607,4.0,5.0,20.0,Smoothie,2023-03-30,Cash,In-store
4468,TXN_4971992,3.0,2.0,6.0,Cake,2023-09-24,Cash,Takeaway
4469,TXN_4972634,4.0,5.0,20.0,Sandwich,2023-07-22,Credit Card,In-store
4470,TXN_4974012,4.0,5.0,20.0,Sandwich,2023-05-17,Cash,Takeaway
4471,TXN_4975029,4.0,4.0,16.0,Smoothie,2023-04-23,Cash,In-store
4472,TXN_4976485,5.0,5.0,25.0,Salad,2023-07-10,Cash,Takeaway
4473,TXN_4977031,3.0,4.0,12.0,Cake,2023-05-16,Cash,In-store
4474,TXN_4977130,4.0,1.0,4.0,Sandwich,2023-07-08,Digital Wallet,In-store
4475,TXN_4977954,3.0,4.0,12.0,Juice,2023-07-08,Cash,In-store
4476,TXN_4978922,1.0,4.0,4.0,Cookie,2023-07-08,Cash,Takeaway
4477,TXN_4979250,1.5,3.0,4.5,Tea,2023-11-01,Cash,In-store
4478,TXN_4980036,3.0,2.0,6.0,Cake,2023-01-05,Cash,Takeaway
4479,TXN_4980282,3.0,1.0,3.0,Cake,2023-10-22,Digital Wallet,In-store
4480,TXN_4981027,2.0,3.0,6.0,Coffee,2023-08-02,Digital Wallet,Takeaway
4481,TXN_4982165,1.5,1.0,1.5,Tea,2023-04-12,Credit Card,Takeaway
4482,TXN_4982382,5.0,1.0,5.0,Salad,2023-01-05,Cash,In-store
4483,TXN_4983903,4.0,5.0,20.0,Sandwich,2023-09-18,Credit Card,In-store
4484,TXN_4985415,1.5,4.0,6.0,Tea,2023-08-01,Digital Wallet,In-store
4485,TXN_4986514,1.5,3.0,4.5,Tea,2023-06-06,Credit Card,In-store
4486,TXN_4986668,3.0,3.0,9.0,Cake,2023-11-30,Digital Wallet,Takeaway
4487,TXN_4987129,4.0,3.0,12.0,Sandwich,2023-10-20,Credit Card,In-store
4488,TXN_4987205,1.5,2.0,3.0,Tea,2023-06-24,Digital Wallet,Takeaway
4489,TXN_4987246,1.0,3.0,3.0,Cookie,2023-11-24,Digital Wallet,Takeaway
4490,TXN_4987376,1.5,2.0,3.0,Tea,2023-08-20,Digital Wallet,Takeaway
4491,TXN_4988100,2.0,1.0,2.0,Coffee,2023-08-20,Digital Wallet,In-store
4492,TXN_4988665,3.0,1.0,3.0,Cake,2023-12-16,Digital Wallet,Takeaway
4493,TXN_4989644,3.0,5.0,15.0,Juice,2023-11-13,Digital Wallet,In-store
4494,TXN_4991594,4.0,2.0,8.0,Smoothie,2023-12-08,Credit Card,In-store
4495,TXN_4991731,1.5,1.0,1.5,Tea,2023-11-07,Digital Wallet,Takeaway
4496,TXN_4991815,3.0,5.0,15.0,Cake,2023-11-06,Cash,Takeaway
4497,TXN_4992510,1.0,4.0,4.0,Cookie,2023-01-26,Cash,In-store
4498,TXN_4993989,4.0,2.0,8.0,Smoothie,2023-11-15,Digital Wallet,In-store
4499,TXN_4994052,2.0,4.0,8.0,Coffee,2023-11-15,Digital Wallet,Takeaway
4500,TXN_4995281,5.0,4.0,20.0,Salad,2023-02-25,Credit Card,In-store
4501,TXN_4995910,3.0,5.0,15.0,Cake,2023-03-10,Cash,Takeaway
4502,TXN_4996304,2.0,2.0,4.0,Coffee,2023-08-17,Credit Card,Takeaway
4503,TXN_4997327,2.0,2.0,4.0,Coffee,2023-03-19,Digital Wallet,In-store
4504,TXN_4998786,3.0,5.0,15.0,Cake,2023-10-25,Credit Card,Takeaway
4505,TXN_5000665,3.0,3.0,9.0,Cake,2023-11-28,Digital Wallet,In-store
4506,TXN_5001766,4.0,1.0,4.0,Smoothie,2023-05-24,Digital Wallet,In-store
4507,TXN_5003018,1.0,4.0,4.0,Cookie,2023-05-24,Digital Wallet,Takeaway
4508,TXN_5004986,4.0,3.0,12.0,Sandwich,2023-01-23,Digital Wallet,In-store
4509,TXN_5005592,2.0,1.0,2.0,Coffee,2023-06-05,Credit Card,In-store
4510,TXN_5005674,5.0,4.0,20.0,Salad,2023-10-03,Credit Card,In-store
4511,TXN_5005793,4.0,4.0,16.0,Sandwich,2023-01-21,Credit Card,In-store
4512,TXN_5005999,5.0,4.0,20.0,Salad,2023-01-09,Cash,In-store
4513,TXN_5007051,5.0,2.0,10.0,Salad,2023-12-26,Digital Wallet,In-store
4514,TXN_5007619,3.0,5.0,15.0,Cake,2023-07-05,Credit Card,In-store
4515,TXN_5009367,3.0,3.0,9.0,Juice,2023-04-19,Credit Card,In-store
4516,TXN_5009706,4.0,2.0,8.0,Sandwich,2023-09-20,Digital Wallet,In-store
4517,TXN_5009924,3.0,3.0,9.0,Cake,2023-09-08,Digital Wallet,Takeaway
4518,TXN_5010968,4.0,2.0,8.0,Smoothie,2023-12-03,Digital Wallet,In-store
4519,TXN_5012988,5.0,3.0,15.0,Salad,2023-08-17,Credit Card,In-store
4520,TXN_5014959,1.0,2.0,2.0,Cookie,2023-11-28,Credit Card,In-store
4521,TXN_5015183,3.0,2.0,6.0,Cake,2023-08-29,Cash,In-store
4522,TXN_5017038,4.0,3.0,12.0,Sandwich,2023-05-25,Credit Card,In-store
4523,TXN_5017895,5.0,4.0,20.0,Salad,2023-09-25,Cash,In-store
4524,TXN_5018462,4.0,5.0,20.0,Smoothie,2023-11-28,Cash,In-store
4525,TXN_5019143,2.0,5.0,10.0,Coffee,2023-02-21,Cash,Takeaway
4526,TXN_5019407,3.0,4.0,12.0,Juice,2023-04-17,Credit Card,In-store
4527,TXN_5020643,1.5,3.0,4.5,Tea,2023-10-19,Digital Wallet,In-store
4528,TXN_5021925,1.5,4.0,6.0,Tea,2023-05-07,Cash,In-store
4529,TXN_5022805,4.0,1.0,4.0,Sandwich,2023-12-17,Credit Card,Takeaway
4530,TXN_5023419,1.0,3.0,3.0,Cookie,2023-02-26,Digital Wallet,Takeaway
4531,TXN_5024094,1.5,1.0,1.5,Tea,2023-02-20,Credit Card,In-store
4532,TXN_5026431,4.0,5.0,20.0,Sandwich,2023-12-05,Cash,In-store
4533,TXN_5026564,4.0,3.0,12.0,Smoothie,2023-09-12,Cash,In-store
4534,TXN_5027125,5.0,3.0,15.0,Salad,2023-07-06,Cash,In-store
4535,TXN_5029453,4.0,2.0,8.0,Sandwich,2023-06-24,Digital Wallet,In-store
4536,TXN_5029643,1.5,2.0,3.0,Tea,2023-12-23,Digital Wallet,In-store
4537,TXN_5031020,2.0,5.0,10.0,Coffee,2023-11-25,Digital Wallet,Takeaway
4538,TXN_5031214,1.0,5.0,5.0,Cookie,2023-07-29,Digital Wallet,Takeaway
4539,TXN_5032114,4.0,2.0,8.0,Sandwich,2023-05-31,Credit Card,In-store
4540,TXN_5033045,5.0,3.0,15.0,Salad,2023-04-21,Digital Wallet,In-store
4541,TXN_5033660,2.0,2.0,4.0,Coffee,2023-09-12,Digital Wallet,Takeaway
4542,TXN_5036614,4.0,4.0,16.0,Smoothie,2023-10-10,Digital Wallet,In-store
4543,TXN_5036856,2.0,5.0,10.0,Coffee,2023-03-27,Cash,In-store
4544,TXN_5037517,4.0,5.0,20.0,Sandwich,2023-06-01,Credit Card,In-store
4545,TXN_5037728,4.0,3.0,12.0,Smoothie,2023-08-18,Credit Card,In-store
4546,TXN_5038122,5.0,1.0,5.0,Salad,2023-08-11,Cash,In-store
4547,TXN_5038513,1.0,2.0,2.0,Cookie,2023-10-24,Digital Wallet,Takeaway
4548,TXN_5039624,1.0,4.0,4.0,Cookie,2023-04-27,Digital Wallet,Takeaway
4549,TXN_5039782,1.5,3.0,4.5,Tea,2023-06-21,Credit Card,Takeaway
4550,TXN_5041555,1.5,4.0,6.0,Tea,2023-08-26,Digital Wallet,In-store
4551,TXN_5043774,4.0,3.0,12.0,Sandwich,2023-06-08,Cash,In-store
4552,TXN_5047447,5.0,1.0,5.0,Salad,2023-12-27,Digital Wallet,Takeaway
4553,TXN_5047792,5.0,1.0,5.0,Salad,2023-12-27,Cash,In-store
4554,TXN_5048650,4.0,2.0,8.0,Smoothie,2023-11-18,Cash,Takeaway
4555,TXN_5049646,3.0,2.0,6.0,Juice,2023-08-30,Credit Card,In-store
4556,TXN_5050111,5.0,3.0,15.0,Salad,2023-06-13,Cash,In-store
4557,TXN_5050993,1.0,4.0,4.0,Cookie,2023-02-06,Digital Wallet,Takeaway
4558,TXN_5051924,1.5,5.0,7.5,Tea,2023-05-23,Digital Wallet,In-store
4559,TXN_5052515,1.5,1.0,1.5,Tea,2023-09-19,Cash,In-store
4560,TXN_5052998,3.0,3.0,9.0,Juice,2023-10-07,Credit Card,In-store
4561,TXN_5053064,5.0,3.0,15.0,Salad,2023-06-19,Cash,In-store
4562,TXN_5054719,4.0,2.0,8.0,Sandwich,2023-04-17,Credit Card,In-store
4563,TXN_5055872,4.0,3.0,12.0,Sandwich,2023-02-05,Credit Card,In-store
4564,TXN_5056351,3.0,1.0,3.0,Juice,2023-04-24,Digital Wallet,Takeaway
4565,TXN_5056808,3.0,1.0,3.0,Juice,2023-02-25,Credit Card,In-store
4566,TXN_5056971,1.5,4.0,6.0,Tea,2023-08-22,Cash,Takeaway
4567,TXN_5060289,1.5,5.0,7.5,Tea,2023-08-22,Credit Card,In-store
4568,TXN_5061028,1.0,1.0,1.0,Cookie,2023-05-17,Credit Card,Takeaway
4569,TXN_5061600,3.0,3.0,9.0,Juice,2023-11-23,Digital Wallet,In-store
4570,TXN_5062280,4.0,4.0,16.0,Smoothie,2023-07-05,Credit Card,In-store
4571,TXN_5064188,4.0,4.0,16.0,Sandwich,2023-12-08,Credit Card,In-store
4572,TXN_5065748,3.0,5.0,15.0,Cake,2023-07-19,Credit Card,In-store
4573,TXN_5067056,4.0,1.0,4.0,Sandwich,2023-08-13,Cash,In-store
4574,TXN_5067216,5.0,4.0,20.0,Salad,2023-07-24,Cash,Takeaway
4575,TXN_5067373,1.0,3.0,3.0,Cookie,2023-10-18,Cash,Takeaway
4576,TXN_5070577,1.0,4.0,4.0,Cookie,2023-02-07,Credit Card,Takeaway
4577,TXN_5071222,1.0,5.0,5.0,Cookie,2023-10-25,Digital Wallet,Takeaway
4578,TXN_5072031,3.0,2.0,6.0,Cake,2023-03-23,Cash,Takeaway
4579,TXN_5072156,1.5,3.0,4.5,Tea,2023-07-24,Digital Wallet,Takeaway
4580,TXN_5074212,3.0,5.0,15.0,Juice,2023-05-14,Digital Wallet,In-store
4581,TXN_5075974,4.0,4.0,16.0,Smoothie,2023-04-11,Digital Wallet,In-store
4582,TXN_5079166,5.0,5.0,25.0,Salad,2023-04-15,Credit Card,Takeaway
4583,TXN_5079340,1.0,4.0,4.0,Cookie,2023-08-18,Cash,In-store
4584,TXN_5080213,2.0,1.0,2.0,Coffee,2023-07-18,Digital Wallet,Takeaway
4585,TXN_5080934,3.0,3.0,9.0,Juice,2023-12-10,Cash,Takeaway
4586,TXN_5081978,3.0,1.0,3.0,Cake,2023-10-19,Cash,In-store
4587,TXN_5083311,4.0,4.0,16.0,Sandwich,2023-04-30,Digital Wallet,In-store
4588,TXN_5085328,2.0,4.0,8.0,Coffee,2023-02-03,Digital Wallet,Takeaway
4589,TXN_5086063,3.0,3.0,9.0,Juice,2023-09-28,Digital Wallet,Takeaway
4590,TXN_5086795,5.0,1.0,5.0,Salad,2023-04-29,Cash,In-store
4591,TXN_5087453,1.5,3.0,4.5,Tea,2023-04-09,Cash,Takeaway
4592,TXN_5088167,2.0,5.0,10.0,Coffee,2023-09-02,Credit Card,Takeaway
4593,TXN_5089516,4.0,2.0,8.0,Smoothie,2023-11-04,Credit Card,In-store
4594,TXN_5090839,4.0,5.0,20.0,Sandwich,2023-03-06,Cash,In-store
4595,TXN_5092646,4.0,2.0,8.0,Smoothie,2023-05-08,Digital Wallet,Takeaway
4596,TXN_5093312,1.0,4.0,4.0,Cookie,2023-08-12,Credit Card,Takeaway
4597,TXN_5093855,1.5,4.0,6.0,Tea,2023-11-23,Cash,Takeaway
4598,TXN_5094936,2.0,4.0,8.0,Coffee,2023-07-12,Digital Wallet,In-store
4599,TXN_5097542,3.0,5.0,15.0,Cake,2023-05-15,Cash,Takeaway
4600,TXN_5098938,1.5,5.0,7.5,Tea,2023-05-06,Digital Wallet,In-store
4601,TXN_5100579,1.0,2.0,2.0,Cookie,2023-10-08,Cash,Takeaway
4602,TXN_5100941,1.0,5.0,5.0,Cookie,2023-07-11,Digital Wallet,Takeaway
4603,TXN_5101593,3.0,5.0,15.0,Cake,2023-01-25,Credit Card,Takeaway
4604,TXN_5102956,3.0,5.0,15.0,Cake,2023-01-25,Cash,Takeaway
4605,TXN_5103036,3.0,2.0,6.0,Juice,2023-12-04,Digital Wallet,Takeaway
4606,TXN_5103644,3.0,4.0,12.0,Cake,2023-04-17,Credit Card,Takeaway
4607,TXN_5104848,1.5,2.0,3.0,Tea,2023-01-22,Digital Wallet,Takeaway
4608,TXN_5105810,1.0,5.0,5.0,Cookie,2023-01-17,Digital Wallet,Takeaway
4609,TXN_5106045,2.0,3.0,6.0,Coffee,2023-11-17,Credit Card,Takeaway
4610,TXN_5106316,4.0,5.0,20.0,Sandwich,2023-01-23,Digital Wallet,Takeaway
4611,TXN_5107006,1.0,4.0,4.0,Cookie,2023-04-18,Digital Wallet,Takeaway
4612,TXN_5107025,1.5,2.0,3.0,Tea,2023-02-19,Digital Wallet,In-store
4613,TXN_5107249,4.0,4.0,16.0,Smoothie,2023-03-20,Cash,In-store
4614,TXN_5107946,3.0,4.0,12.0,Cake,2023-12-22,Credit Card,Takeaway
4615,TXN_5108183,4.0,4.0,16.0,Smoothie,2023-08-31,Credit Card,In-store
4616,TXN_5108188,3.0,2.0,6.0,Cake,2023-08-25,Cash,Takeaway
4617,TXN_5108439,5.0,2.0,10.0,Salad,2023-05-06,Cash,In-store
4618,TXN_5108804,3.0,1.0,3.0,Juice,2023-09-26,Digital Wallet,In-store
4619,TXN_5108867,3.0,3.0,9.0,Juice,2023-03-19,Cash,Takeaway
4620,TXN_5109348,3.0,4.0,12.0,Cake,2023-02-10,Digital Wallet,In-store
4621,TXN_5110688,5.0,3.0,15.0,Salad,2023-05-09,Digital Wallet,In-store
4622,TXN_5113993,2.0,1.0,2.0,Coffee,2023-02-10,Credit Card,Takeaway
4623,TXN_5114283,1.5,1.0,1.5,Tea,2023-05-28,Digital Wallet,In-store
4624,TXN_5115009,3.0,4.0,12.0,Cake,2023-02-21,Cash,Takeaway
4625,TXN_5115080,3.0,5.0,15.0,Juice,2023-02-18,Credit Card,In-store
4626,TXN_5117140,1.0,5.0,5.0,Cookie,2023-08-17,Digital Wallet,Takeaway
4627,TXN_5117595,4.0,4.0,16.0,Smoothie,2023-02-05,Cash,In-store
4628,TXN_5118667,2.0,4.0,8.0,Coffee,2023-12-12,Cash,In-store
4629,TXN_5118799,1.0,2.0,2.0,Cookie,2023-04-23,Cash,Takeaway
4630,TXN_5120215,2.0,2.0,4.0,Coffee,2023-10-29,Digital Wallet,Takeaway
4631,TXN_5121322,4.0,3.0,12.0,Sandwich,2023-12-17,Credit Card,In-store
4632,TXN_5124080,1.0,1.0,1.0,Cookie,2023-01-14,Credit Card,In-store
4633,TXN_5124519,4.0,3.0,12.0,Smoothie,2023-09-07,Credit Card,In-store
4634,TXN_5124870,1.5,1.0,1.5,Tea,2023-08-11,Digital Wallet,In-store
4635,TXN_5124999,2.0,5.0,10.0,Coffee,2023-04-11,Digital Wallet,Takeaway
4636,TXN_5125382,2.0,1.0,2.0,Coffee,2023-12-26,Digital Wallet,In-store
4637,TXN_5125759,2.0,3.0,6.0,Coffee,2023-06-15,Digital Wallet,Takeaway
4638,TXN_5127819,3.0,3.0,9.0,Juice,2023-04-03,Digital Wallet,In-store
4639,TXN_5127984,4.0,3.0,12.0,Sandwich,2023-11-12,Cash,In-store
4640,TXN_5129701,4.0,2.0,8.0,Smoothie,2023-11-09,Credit Card,Takeaway
4641,TXN_5130399,1.0,3.0,3.0,Cookie,2023-10-21,Digital Wallet,Takeaway
4642,TXN_5131404,4.0,4.0,16.0,Sandwich,2023-06-18,Credit Card,Takeaway
4643,TXN_5132082,5.0,5.0,25.0,Salad,2023-10-08,Cash,In-store
4644,TXN_5132327,4.0,5.0,20.0,Smoothie,2023-01-25,Cash,In-store
4645,TXN_5132361,4.0,3.0,12.0,Sandwich,2023-12-01,Digital Wallet,Takeaway
4646,TXN_5132482,3.0,2.0,6.0,Juice,2023-12-21,Digital Wallet,In-store
4647,TXN_5132747,2.0,2.0,4.0,Coffee,2023-10-28,Digital Wallet,Takeaway
4648,TXN_5133476,3.0,4.0,12.0,Juice,2023-03-17,Digital Wallet,In-store
4649,TXN_5134545,1.5,5.0,7.5,Tea,2023-10-17,Digital Wallet,In-store
4650,TXN_5135172,5.0,4.0,20.0,Salad,2023-12-10,Digital Wallet,In-store
4651,TXN_5136479,4.0,1.0,4.0,Sandwich,2023-01-04,Credit Card,In-store
4652,TXN_5136936,3.0,3.0,9.0,Cake,2023-08-24,Cash,Takeaway
4653,TXN_5137315,5.0,5.0,25.0,Salad,2023-01-05,Credit Card,In-store
4654,TXN_5138053,4.0,5.0,20.0,Sandwich,2023-02-16,Credit Card,Takeaway
4655,TXN_5138519,3.0,5.0,15.0,Cake,2023-05-22,Cash,In-store
4656,TXN_5139074,3.0,1.0,3.0,Cake,2023-11-16,Digital Wallet,Takeaway
4657,TXN_5141000,4.0,4.0,16.0,Smoothie,2023-06-16,Digital Wallet,Takeaway
4658,TXN_5144090,2.0,5.0,10.0,Coffee,2023-05-15,Digital Wallet,Takeaway
4659,TXN_5145016,4.0,1.0,4.0,Sandwich,2023-05-15,Cash,Takeaway
4660,TXN_5145906,1.5,4.0,6.0,Tea,2023-01-30,Digital Wallet,In-store
4661,TXN_5148201,4.0,5.0,20.0,Smoothie,2023-11-18,Digital Wallet,In-store
4662,TXN_5148730,3.0,1.0,3.0,Cake,2023-12-12,Cash,Takeaway
4663,TXN_5148823,3.0,1.0,3.0,Juice,2023-03-27,Digital Wallet,In-store
4664,TXN_5151706,4.0,1.0,4.0,Smoothie,2023-03-01,Digital Wallet,Takeaway
4665,TXN_5151780,5.0,4.0,20.0,Salad,2023-06-24,Cash,Takeaway
4666,TXN_5153086,1.5,3.0,4.5,Tea,2023-06-27,Cash,In-store
4667,TXN_5153408,4.0,1.0,4.0,Smoothie,2023-08-22,Credit Card,Takeaway
4668,TXN_5153686,2.0,5.0,10.0,Coffee,2023-04-05,Digital Wallet,Takeaway
4669,TXN_5153899,1.5,3.0,4.5,Tea,2023-03-01,Digital Wallet,Takeaway
4670,TXN_5154112,3.0,3.0,9.0,Cake,2023-03-01,Credit Card,Takeaway
4671,TXN_5157516,5.0,3.0,15.0,Salad,2023-10-09,Cash,In-store
4672,TXN_5157855,5.0,1.0,5.0,Salad,2023-08-18,Digital Wallet,In-store
4673,TXN_5158607,4.0,4.0,16.0,Smoothie,2023-03-24,Credit Card,In-store
4674,TXN_5159483,3.0,2.0,6.0,Juice,2023-05-24,Digital Wallet,In-store
4675,TXN_5159669,1.5,4.0,6.0,Tea,2023-09-30,Credit Card,In-store
4676,TXN_5161371,3.0,2.0,6.0,Cake,2023-01-17,Credit Card,In-store
4677,TXN_5163686,5.0,5.0,25.0,Salad,2023-05-29,Credit Card,In-store
4678,TXN_5164540,1.5,2.0,3.0,Tea,2023-01-05,Digital Wallet,Takeaway
4679,TXN_5166412,1.0,4.0,4.0,Cookie,2023-06-17,Digital Wallet,Takeaway
4680,TXN_5167425,3.0,5.0,15.0,Juice,2023-08-04,Digital Wallet,In-store
4681,TXN_5167925,3.0,1.0,3.0,Juice,2023-09-11,Digital Wallet,In-store
4682,TXN_5170047,5.0,4.0,20.0,Salad,2023-12-15,Cash,In-store
4683,TXN_5171248,3.0,5.0,15.0,Cake,2023-06-14,Digital Wallet,In-store
4684,TXN_5171332,1.5,5.0,7.5,Tea,2023-02-05,Cash,Takeaway
4685,TXN_5171519,5.0,3.0,15.0,Salad,2023-04-06,Cash,In-store
4686,TXN_5172164,1.5,3.0,4.5,Tea,2023-09-13,Digital Wallet,In-store
4687,TXN_5172383,3.0,3.0,9.0,Juice,2023-03-28,Cash,In-store
4688,TXN_5173628,1.5,3.0,4.5,Tea,2023-05-30,Digital Wallet,Takeaway
4689,TXN_5173881,1.0,3.0,3.0,Cookie,2023-01-29,Cash,Takeaway
4690,TXN_5176767,4.0,4.0,16.0,Smoothie,2023-05-03,Digital Wallet,Takeaway
4691,TXN_5177565,4.0,5.0,20.0,Sandwich,2023-10-24,Credit Card,In-store
4692,TXN_5179020,3.0,2.0,6.0,Cake,2023-06-18,Cash,Takeaway
4693,TXN_5179156,2.0,5.0,10.0,Coffee,2023-10-25,Digital Wallet,In-store
4694,TXN_5179245,3.0,3.0,9.0,Juice,2023-04-17,Credit Card,In-store
4695,TXN_5180326,3.0,4.0,12.0,Juice,2023-04-26,Digital Wallet,In-store
4696,TXN_5180728,1.5,2.0,3.0,Tea,2023-09-01,Digital Wallet,In-store
4697,TXN_5182042,4.0,4.0,16.0,Sandwich,2023-02-25,Credit Card,Takeaway
4698,TXN_5182399,2.0,3.0,6.0,Coffee,2023-09-08,Digital Wallet,Takeaway
4699,TXN_5183041,1.0,5.0,5.0,Cookie,2023-04-20,Credit Card,In-store
4700,TXN_5183249,4.0,1.0,4.0,Sandwich,2023-07-02,Credit Card,In-store
4701,TXN_5183630,2.0,4.0,8.0,Coffee,2023-02-15,Digital Wallet,In-store
4702,TXN_5183674,2.0,2.0,4.0,Coffee,2023-04-13,Digital Wallet,Takeaway
4703,TXN_5186460,3.0,3.0,9.0,Juice,2023-11-07,Credit Card,In-store
4704,TXN_5188843,4.0,2.0,8.0,Smoothie,2023-02-06,Cash,In-store
4705,TXN_5188872,3.0,3.0,9.0,Cake,2023-07-21,Cash,In-store
4706,TXN_5189465,1.0,4.0,4.0,Cookie,2023-10-04,Digital Wallet,Takeaway
4707,TXN_5190685,1.0,4.0,4.0,Cookie,2023-11-12,Cash,Takeaway
4708,TXN_5191642,5.0,5.0,25.0,Salad,2023-04-15,Cash,In-store
4709,TXN_5193568,3.0,3.0,9.0,Juice,2023-12-10,Cash,In-store
4710,TXN_5198524,3.0,1.0,3.0,Cake,2023-06-14,Credit Card,In-store
4711,TXN_5198827,1.5,5.0,7.5,Tea,2023-02-15,Digital Wallet,In-store
4712,TXN_5200292,5.0,4.0,20.0,Salad,2023-01-12,Cash,In-store
4713,TXN_5201123,5.0,2.0,10.0,Salad,2023-07-12,Digital Wallet,Takeaway
4714,TXN_5202349,1.0,4.0,4.0,Cookie,2023-11-27,Digital Wallet,In-store
4715,TXN_5202752,4.0,5.0,20.0,Smoothie,2023-05-08,Credit Card,Takeaway
4716,TXN_5203710,5.0,4.0,20.0,Salad,2023-04-22,Digital Wallet,In-store
4717,TXN_5205595,3.0,1.0,3.0,Juice,2023-03-01,Digital Wallet,In-store
4718,TXN_5206046,4.0,3.0,12.0,Sandwich,2023-03-01,Credit Card,In-store
4719,TXN_5206049,1.0,3.0,3.0,Cookie,2023-06-24,Digital Wallet,Takeaway
4720,TXN_5208377,1.5,2.0,3.0,Tea,2023-03-06,Digital Wallet,Takeaway
4721,TXN_5209346,4.0,3.0,12.0,Smoothie,2023-02-22,Credit Card,In-store
4722,TXN_5209585,1.5,2.0,3.0,Tea,2023-08-12,Digital Wallet,Takeaway
4723,TXN_5209716,1.0,5.0,5.0,Cookie,2023-10-06,Cash,Takeaway
4724,TXN_5213014,4.0,3.0,12.0,Sandwich,2023-05-09,Credit Card,In-store
4725,TXN_5213542,2.0,3.0,6.0,Coffee,2023-08-21,Credit Card,In-store
4726,TXN_5213761,2.0,3.0,6.0,Coffee,2023-08-18,Digital Wallet,Takeaway
4727,TXN_5214219,5.0,4.0,20.0,Salad,2023-03-22,Credit Card,In-store
4728,TXN_5214986,1.0,5.0,5.0,Cookie,2023-09-21,Credit Card,In-store
4729,TXN_5215451,4.0,5.0,20.0,Sandwich,2023-11-02,Digital Wallet,In-store
4730,TXN_5215704,4.0,5.0,20.0,Sandwich,2023-10-31,Credit Card,In-store
4731,TXN_5216430,1.0,3.0,3.0,Cookie,2023-02-05,Digital Wallet,Takeaway
4732,TXN_5217434,2.0,1.0,2.0,Coffee,2023-09-22,Digital Wallet,Takeaway
4733,TXN_5220523,3.0,3.0,9.0,Juice,2023-01-30,Cash,Takeaway
4734,TXN_5220527,1.0,4.0,4.0,Cookie,2023-08-06,Digital Wallet,Takeaway
4735,TXN_5220895,5.0,5.0,25.0,Salad,2023-06-10,Cash,In-store
4736,TXN_5221688,2.0,2.0,4.0,Coffee,2023-07-03,Cash,Takeaway
4737,TXN_5222110,2.0,2.0,4.0,Coffee,2023-01-30,Digital Wallet,Takeaway
4738,TXN_5222176,1.0,4.0,4.0,Cookie,2023-01-11,Digital Wallet,In-store
4739,TXN_5222822,5.0,1.0,5.0,Salad,2023-11-20,Cash,In-store
4740,TXN_5223162,3.0,3.0,9.0,Juice,2023-10-29,Digital Wallet,In-store
4741,TXN_5223702,4.0,4.0,16.0,Smoothie,2023-06-23,Credit Card,In-store
4742,TXN_5224275,1.0,4.0,4.0,Cookie,2023-12-17,Credit Card,In-store
4743,TXN_5225537,1.5,5.0,7.5,Tea,2023-11-04,Digital Wallet,In-store
4744,TXN_5226399,3.0,4.0,12.0,Juice,2023-01-19,Digital Wallet,Takeaway
4745,TXN_5226635,1.0,4.0,4.0,Cookie,2023-02-01,Credit Card,Takeaway
4746,TXN_5227574,3.0,4.0,12.0,Juice,2023-04-10,Digital Wallet,In-store
4747,TXN_5227798,5.0,4.0,20.0,Salad,2023-09-02,Cash,In-store
4748,TXN_5228270,3.0,3.0,9.0,Juice,2023-04-12,Digital Wallet,Takeaway
4749,TXN_5229169,3.0,2.0,6.0,Juice,2023-09-08,Credit Card,Takeaway
4750,TXN_5229351,2.0,3.0,6.0,Coffee,2023-08-14,Digital Wallet,Takeaway
4751,TXN_5230719,3.0,5.0,15.0,Cake,2023-03-23,Credit Card,Takeaway
4752,TXN_5234152,1.0,5.0,5.0,Cookie,2023-03-26,Digital Wallet,Takeaway
4753,TXN_5234368,2.0,3.0,6.0,Coffee,2023-06-10,Digital Wallet,Takeaway
4754,TXN_5235471,3.0,5.0,15.0,Cake,2023-06-10,Cash,In-store
4755,TXN_5236861,2.0,4.0,8.0,Coffee,2023-10-27,Cash,Takeaway
4756,TXN_5236892,3.0,1.0,3.0,Juice,2023-03-09,Digital Wallet,Takeaway
4757,TXN_5237569,1.5,3.0,4.5,Tea,2023-03-09,Digital Wallet,In-store
4758,TXN_5238755,1.0,3.0,3.0,Cookie,2023-06-01,Digital Wallet,Takeaway
4759,TXN_5239202,3.0,1.0,3.0,Cake,2023-09-14,Cash,Takeaway
4760,TXN_5240229,5.0,1.0,5.0,Salad,2023-06-10,Cash,In-store
4761,TXN_5241723,2.0,3.0,6.0,Coffee,2023-07-18,Cash,Takeaway
4762,TXN_5242469,2.0,4.0,8.0,Coffee,2023-04-01,Credit Card,Takeaway
4763,TXN_5243032,1.0,1.0,1.0,Cookie,2023-08-24,Cash,Takeaway
4764,TXN_5244558,4.0,4.0,16.0,Smoothie,2023-06-06,Digital Wallet,In-store
4765,TXN_5244674,3.0,5.0,15.0,Cake,2023-04-27,Cash,Takeaway
4766,TXN_5244931,2.0,1.0,2.0,Coffee,2023-09-30,Digital Wallet,Takeaway
4767,TXN_5245399,2.0,5.0,10.0,Coffee,2023-12-25,Digital Wallet,Takeaway
4768,TXN_5247378,4.0,2.0,8.0,Sandwich,2023-06-16,Digital Wallet,Takeaway
4769,TXN_5248011,3.0,2.0,6.0,Cake,2023-01-21,Cash,In-store
4770,TXN_5249091,4.0,5.0,20.0,Smoothie,2023-08-15,Credit Card,In-store
4771,TXN_5251180,1.0,1.0,1.0,Cookie,2023-06-25,Digital Wallet,Takeaway
4772,TXN_5252187,4.0,1.0,4.0,Sandwich,2023-01-20,Cash,In-store
4773,TXN_5255023,4.0,2.0,8.0,Sandwich,2023-11-15,Credit Card,In-store
4774,TXN_5255092,4.0,1.0,4.0,Sandwich,2023-10-08,Credit Card,Takeaway
4775,TXN_5255387,2.0,4.0,8.0,Coffee,2023-03-02,Digital Wallet,Takeaway
4776,TXN_5256055,5.0,5.0,25.0,Salad,2023-02-07,Credit Card,Takeaway
4777,TXN_5257169,3.0,4.0,12.0,Juice,2023-01-12,Credit Card,In-store
4778,TXN_5257531,1.5,2.0,3.0,Tea,2023-04-10,Digital Wallet,In-store
4779,TXN_5260646,1.5,4.0,6.0,Tea,2023-11-18,Cash,Takeaway
4780,TXN_5261036,3.0,5.0,15.0,Juice,2023-10-03,Cash,In-store
4781,TXN_5263133,3.0,2.0,6.0,Juice,2023-05-22,Digital Wallet,Takeaway
4782,TXN_5263693,3.0,1.0,3.0,Juice,2023-01-20,Digital Wallet,Takeaway
4783,TXN_5265095,2.0,1.0,2.0,Coffee,2023-06-23,Digital Wallet,Takeaway
4784,TXN_5266394,3.0,3.0,9.0,Cake,2023-10-28,Cash,In-store
4785,TXN_5268025,1.0,5.0,5.0,Cookie,2023-05-19,Digital Wallet,In-store
4786,TXN_5268203,3.0,1.0,3.0,Cake,2023-03-04,Credit Card,Takeaway
4787,TXN_5269634,3.0,5.0,15.0,Cake,2023-04-07,Digital Wallet,In-store
4788,TXN_5270067,3.0,3.0,9.0,Cake,2023-03-09,Digital Wallet,Takeaway
4789,TXN_5274961,3.0,1.0,3.0,Juice,2023-11-04,Credit Card,In-store
4790,TXN_5275315,4.0,2.0,8.0,Smoothie,2023-01-19,Digital Wallet,In-store
4791,TXN_5276301,3.0,3.0,9.0,Cake,2023-03-13,Cash,Takeaway
4792,TXN_5276842,2.0,2.0,4.0,Coffee,2023-06-26,Digital Wallet,Takeaway
4793,TXN_5279293,4.0,3.0,12.0,Sandwich,2023-11-11,Digital Wallet,Takeaway
4794,TXN_5279972,4.0,4.0,16.0,Smoothie,2023-01-07,Credit Card,Takeaway
4795,TXN_5280256,1.0,5.0,5.0,Cookie,2023-07-12,Digital Wallet,In-store
4796,TXN_5282529,1.5,5.0,7.5,Tea,2023-04-13,Credit Card,Takeaway
4797,TXN_5282804,4.0,1.0,4.0,Sandwich,2023-12-01,Credit Card,In-store
4798,TXN_5283053,3.0,4.0,12.0,Juice,2023-04-30,Digital Wallet,In-store
4799,TXN_5284338,2.0,4.0,8.0,Coffee,2023-03-30,Cash,Takeaway
4800,TXN_5285171,4.0,5.0,20.0,Sandwich,2023-12-11,Cash,Takeaway
4801,TXN_5285666,2.0,5.0,10.0,Coffee,2023-03-20,Cash,Takeaway
4802,TXN_5288715,3.0,3.0,9.0,Juice,2023-04-19,Digital Wallet,In-store
4803,TXN_5289658,4.0,2.0,8.0,Smoothie,2023-04-19,Digital Wallet,Takeaway
4804,TXN_5290522,2.0,2.0,4.0,Coffee,2023-02-16,Credit Card,Takeaway
4805,TXN_5293518,4.0,3.0,12.0,Sandwich,2023-07-16,Credit Card,In-store
4806,TXN_5295223,5.0,5.0,25.0,Salad,2023-03-23,Cash,In-store
4807,TXN_5296083,4.0,3.0,12.0,Sandwich,2023-12-08,Credit Card,In-store
4808,TXN_5296578,2.0,1.0,2.0,Coffee,2023-04-15,Credit Card,Takeaway
4809,TXN_5297299,2.0,5.0,10.0,Coffee,2023-10-04,Digital Wallet,Takeaway
4810,TXN_5297692,3.0,5.0,15.0,Juice,2023-03-21,Credit Card,In-store
4811,TXN_5297746,2.0,3.0,6.0,Coffee,2023-07-11,Credit Card,In-store
4812,TXN_5297995,1.5,5.0,7.5,Tea,2023-07-04,Digital Wallet,In-store
4813,TXN_5299440,3.0,2.0,6.0,Juice,2023-10-21,Credit Card,In-store
4814,TXN_5300938,1.5,5.0,7.5,Tea,2023-10-30,Cash,Takeaway
4815,TXN_5301689,3.0,5.0,15.0,Cake,2023-04-11,Cash,In-store
4816,TXN_5301926,3.0,1.0,3.0,Cake,2023-11-13,Digital Wallet,Takeaway
4817,TXN_5303092,1.5,2.0,3.0,Tea,2023-05-05,Credit Card,In-store
4818,TXN_5303258,4.0,4.0,16.0,Sandwich,2023-09-28,Digital Wallet,In-store
4819,TXN_5303275,1.0,4.0,4.0,Cookie,2023-09-18,Cash,Takeaway
4820,TXN_5303413,2.0,1.0,2.0,Coffee,2023-06-21,Digital Wallet,In-store
4821,TXN_5303464,3.0,4.0,12.0,Juice,2023-10-26,Cash,Takeaway
4822,TXN_5307411,3.0,3.0,9.0,Cake,2023-10-21,Digital Wallet,Takeaway
4823,TXN_5308047,1.0,1.0,1.0,Cookie,2023-10-28,Credit Card,Takeaway
4824,TXN_5309677,2.0,4.0,8.0,Coffee,2023-08-09,Cash,In-store
4825,TXN_5311015,4.0,3.0,12.0,Smoothie,2023-05-11,Digital Wallet,In-store
4826,TXN_5311814,1.5,4.0,6.0,Tea,2023-07-06,Digital Wallet,In-store
4827,TXN_5313211,4.0,5.0,20.0,Smoothie,2023-05-04,Credit Card,In-store
4828,TXN_5313347,1.0,2.0,2.0,Cookie,2023-12-10,Digital Wallet,Takeaway
4829,TXN_5313435,5.0,4.0,20.0,Salad,2023-02-18,Cash,In-store
4830,TXN_5315441,4.0,5.0,20.0,Smoothie,2023-10-31,Digital Wallet,In-store
4831,TXN_5315665,1.5,3.0,4.5,Tea,2023-10-31,Credit Card,In-store
4832,TXN_5315818,5.0,1.0,5.0,Salad,2023-02-06,Digital Wallet,In-store
4833,TXN_5316852,2.0,2.0,4.0,Coffee,2023-04-08,Digital Wallet,Takeaway
4834,TXN_5317458,5.0,2.0,10.0,Salad,2023-01-22,Credit Card,In-store
4835,TXN_5318263,4.0,1.0,4.0,Smoothie,2023-06-12,Credit Card,Takeaway
4836,TXN_5319247,4.0,5.0,20.0,Sandwich,2023-03-02,Credit Card,In-store
4837,TXN_5320512,1.5,5.0,7.5,Tea,2023-04-25,Digital Wallet,In-store
4838,TXN_5321145,4.0,5.0,20.0,Sandwich,2023-08-29,Digital Wallet,Takeaway
4839,TXN_5322809,3.0,2.0,6.0,Cake,2023-04-30,Cash,Takeaway
4840,TXN_5324330,5.0,3.0,15.0,Salad,2023-11-20,Digital Wallet,Takeaway
4841,TXN_5325729,2.0,5.0,10.0,Coffee,2023-05-04,Digital Wallet,Takeaway
4842,TXN_5326795,1.0,2.0,2.0,Cookie,2023-04-05,Digital Wallet,Takeaway
4843,TXN_5327102,1.0,2.0,2.0,Cookie,2023-07-16,Digital Wallet,Takeaway
4844,TXN_5328065,3.0,5.0,15.0,Cake,2023-09-18,Cash,Takeaway
4845,TXN_5328814,1.5,3.0,4.5,Tea,2023-10-18,Cash,In-store
4846,TXN_5329431,4.0,3.0,12.0,Sandwich,2023-10-03,Credit Card,In-store
4847,TXN_5330387,2.0,3.0,6.0,Coffee,2023-10-21,Digital Wallet,Takeaway
4848,TXN_5330930,3.0,1.0,3.0,Cake,2023-07-12,Cash,In-store
4849,TXN_5331122,5.0,4.0,20.0,Salad,2023-09-26,Credit Card,In-store
4850,TXN_5331285,4.0,3.0,12.0,Sandwich,2023-03-12,Digital Wallet,In-store
4851,TXN_5331924,4.0,2.0,8.0,Sandwich,2023-06-30,Cash,Takeaway
4852,TXN_5332538,2.0,3.0,6.0,Coffee,2023-01-15,Digital Wallet,Takeaway
4853,TXN_5332773,2.0,2.0,4.0,Coffee,2023-05-04,Digital Wallet,Takeaway
4854,TXN_5333966,3.0,4.0,12.0,Juice,2023-06-11,Digital Wallet,In-store
4855,TXN_5335079,3.0,1.0,3.0,Cake,2023-02-20,Cash,In-store
4856,TXN_5336437,1.5,5.0,7.5,Tea,2023-05-07,Credit Card,In-store
4857,TXN_5336876,4.0,3.0,12.0,Smoothie,2023-07-07,Credit Card,In-store
4858,TXN_5337074,1.0,3.0,3.0,Cookie,2023-01-12,Credit Card,In-store
4859,TXN_5337566,1.0,5.0,5.0,Cookie,2023-03-08,Cash,Takeaway
4860,TXN_5339625,4.0,5.0,20.0,Smoothie,2023-06-29,Digital Wallet,In-store
4861,TXN_5341204,2.0,1.0,2.0,Coffee,2023-07-24,Digital Wallet,Takeaway
4862,TXN_5341644,3.0,4.0,12.0,Cake,2023-01-24,Cash,Takeaway
4863,TXN_5342051,4.0,3.0,12.0,Sandwich,2023-04-21,Cash,In-store
4864,TXN_5342589,1.5,2.0,3.0,Tea,2023-04-06,Digital Wallet,In-store
4865,TXN_5342900,3.0,5.0,15.0,Cake,2023-07-12,Cash,Takeaway
4866,TXN_5344848,5.0,1.0,5.0,Salad,2023-09-27,Digital Wallet,Takeaway
4867,TXN_5345258,5.0,2.0,10.0,Salad,2023-03-13,Credit Card,Takeaway
4868,TXN_5346027,4.0,2.0,8.0,Sandwich,2023-12-19,Credit Card,In-store
4869,TXN_5346493,1.0,5.0,5.0,Cookie,2023-04-08,Digital Wallet,In-store
4870,TXN_5347338,3.0,4.0,12.0,Cake,2023-07-04,Digital Wallet,Takeaway
4871,TXN_5347792,5.0,3.0,15.0,Salad,2023-02-10,Digital Wallet,In-store
4872,TXN_5348445,5.0,5.0,25.0,Salad,2023-11-15,Digital Wallet,In-store
4873,TXN_5348750,5.0,5.0,25.0,Salad,2023-07-15,Credit Card,In-store
4874,TXN_5348915,3.0,1.0,3.0,Juice,2023-07-09,Digital Wallet,Takeaway
4875,TXN_5349288,2.0,4.0,8.0,Coffee,2023-11-20,Digital Wallet,Takeaway
4876,TXN_5349355,5.0,2.0,10.0,Salad,2023-05-10,Digital Wallet,In-store
4877,TXN_5350200,4.0,1.0,4.0,Sandwich,2023-12-02,Cash,In-store
4878,TXN_5350286,4.0,5.0,20.0,Sandwich,2023-02-18,Credit Card,In-store
4879,TXN_5350401,4.0,2.0,8.0,Sandwich,2023-10-28,Digital Wallet,In-store
4880,TXN_5350735,1.5,2.0,3.0,Tea,2023-04-08,Cash,In-store
4881,TXN_5351447,5.0,4.0,20.0,Salad,2023-07-20,Cash,In-store
4882,TXN_5351656,1.5,1.0,1.5,Tea,2023-03-02,Digital Wallet,Takeaway
4883,TXN_5352739,4.0,4.0,16.0,Sandwich,2023-07-31,Credit Card,In-store
4884,TXN_5353468,1.5,2.0,3.0,Tea,2023-11-30,Credit Card,In-store
4885,TXN_5353855,4.0,3.0,12.0,Sandwich,2023-12-24,Credit Card,Takeaway
4886,TXN_5354721,3.0,5.0,15.0,Juice,2023-09-07,Digital Wallet,Takeaway
4887,TXN_5354746,2.0,4.0,8.0,Coffee,2023-03-06,Digital Wallet,Takeaway
4888,TXN_5355693,4.0,1.0,4.0,Smoothie,2023-12-03,Digital Wallet,In-store
4889,TXN_5356324,4.0,1.0,4.0,Smoothie,2023-02-26,Digital Wallet,In-store
4890,TXN_5357157,3.0,4.0,12.0,Juice,2023-05-21,Credit Card,In-store
4891,TXN_5358805,2.0,5.0,10.0,Coffee,2023-01-01,Digital Wallet,Takeaway
4892,TXN_5360210,1.5,5.0,7.5,Tea,2023-06-29,Cash,Takeaway
4893,TXN_5364052,4.0,2.0,8.0,Sandwich,2023-02-05,Credit Card,In-store
4894,TXN_5365699,4.0,5.0,20.0,Sandwich,2023-05-22,Credit Card,In-store
4895,TXN_5365809,3.0,3.0,9.0,Cake,2023-09-14,Cash,In-store
4896,TXN_5367923,4.0,4.0,16.0,Sandwich,2023-04-19,Credit Card,In-store
4897,TXN_5368297,4.0,2.0,8.0,Smoothie,2023-10-04,Digital Wallet,Takeaway
4898,TXN_5369010,5.0,4.0,20.0,Salad,2023-04-23,Cash,Takeaway
4899,TXN_5369243,4.0,4.0,16.0,Smoothie,2023-11-16,Cash,Takeaway
4900,TXN_5369555,3.0,4.0,12.0,Juice,2023-02-24,Cash,Takeaway
4901,TXN_5373154,3.0,3.0,9.0,Cake,2023-04-06,Digital Wallet,Takeaway
4902,TXN_5373441,5.0,1.0,5.0,Salad,2023-06-02,Cash,In-store
4903,TXN_5373527,4.0,2.0,8.0,Sandwich,2023-06-26,Credit Card,In-store
4904,TXN_5375349,2.0,1.0,2.0,Coffee,2023-11-13,Digital Wallet,Takeaway
4905,TXN_5376589,2.0,5.0,10.0,Coffee,2023-11-13,Cash,Takeaway
4906,TXN_5379179,1.0,2.0,2.0,Cookie,2023-07-08,Digital Wallet,Takeaway
4907,TXN_5379385,2.0,5.0,10.0,Coffee,2023-02-21,Credit Card,Takeaway
4908,TXN_5380198,3.0,3.0,9.0,Cake,2023-02-21,Cash,Takeaway
4909,TXN_5380220,2.0,4.0,8.0,Coffee,2023-10-18,Credit Card,In-store
4910,TXN_5381129,1.0,5.0,5.0,Cookie,2023-04-20,Digital Wallet,Takeaway
4911,TXN_5384343,3.0,1.0,3.0,Juice,2023-03-29,Credit Card,In-store
4912,TXN_5386352,4.0,1.0,4.0,Sandwich,2023-01-18,Credit Card,In-store
4913,TXN_5386752,5.0,4.0,20.0,Salad,2023-12-07,Digital Wallet,In-store
4914,TXN_5387067,5.0,3.0,15.0,Salad,2023-06-11,Credit Card,In-store
4915,TXN_5390428,3.0,2.0,6.0,Juice,2023-11-25,Digital Wallet,In-store
4916,TXN_5390533,4.0,3.0,12.0,Smoothie,2023-11-18,Digital Wallet,In-store
4917,TXN_5391160,3.0,2.0,6.0,Juice,2023-03-09,Cash,In-store
4918,TXN_5392603,2.0,1.0,2.0,Coffee,2023-05-14,Cash,In-store
4919,TXN_5392630,3.0,5.0,15.0,Juice,2023-11-23,Cash,Takeaway
4920,TXN_5395229,2.0,5.0,10.0,Coffee,2023-11-29,Cash,Takeaway
4921,TXN_5396450,3.0,3.0,9.0,Juice,2023-12-09,Digital Wallet,In-store
4922,TXN_5396727,3.0,2.0,6.0,Juice,2023-10-13,Credit Card,Takeaway
4923,TXN_5398134,2.0,2.0,4.0,Coffee,2023-10-01,Credit Card,Takeaway
4924,TXN_5398922,5.0,1.0,5.0,Salad,2023-01-10,Cash,In-store
4925,TXN_5399303,2.0,2.0,4.0,Coffee,2023-11-02,Digital Wallet,Takeaway
4926,TXN_5400266,1.5,3.0,4.5,Tea,2023-06-14,Digital Wallet,Takeaway
4927,TXN_5400273,4.0,4.0,16.0,Smoothie,2023-05-24,Credit Card,In-store
4928,TXN_5401244,5.0,1.0,5.0,Salad,2023-07-08,Credit Card,In-store
4929,TXN_5402385,3.0,2.0,6.0,Juice,2023-06-18,Cash,In-store
4930,TXN_5402821,5.0,4.0,20.0,Salad,2023-11-29,Cash,In-store
4931,TXN_5403707,4.0,3.0,12.0,Smoothie,2023-03-20,Cash,In-store
4932,TXN_5404249,4.0,1.0,4.0,Sandwich,2023-10-04,Credit Card,In-store
4933,TXN_5405799,2.0,3.0,6.0,Coffee,2023-08-13,Cash,Takeaway
4934,TXN_5406411,4.0,5.0,20.0,Sandwich,2023-04-14,Credit Card,In-store
4935,TXN_5406758,5.0,5.0,25.0,Salad,2023-07-06,Cash,Takeaway
4936,TXN_5406762,5.0,4.0,20.0,Salad,2023-09-12,Credit Card,In-store
4937,TXN_5408625,1.0,5.0,5.0,Cookie,2023-08-14,Cash,Takeaway
4938,TXN_5409141,2.0,5.0,10.0,Coffee,2023-02-02,Cash,Takeaway
4939,TXN_5409951,2.0,3.0,6.0,Coffee,2023-06-23,Digital Wallet,Takeaway
4940,TXN_5410185,3.0,3.0,9.0,Juice,2023-02-22,Digital Wallet,In-store
4941,TXN_5410349,3.0,5.0,15.0,Juice,2023-03-05,Credit Card,Takeaway
4942,TXN_5411381,1.0,1.0,1.0,Cookie,2023-04-28,Digital Wallet,Takeaway
4943,TXN_5412418,3.0,3.0,9.0,Juice,2023-09-23,Cash,In-store
4944,TXN_5412834,4.0,4.0,16.0,Smoothie,2023-07-13,Cash,Takeaway
4945,TXN_5413274,4.0,5.0,20.0,Smoothie,2023-02-10,Credit Card,In-store
4946,TXN_5413433,3.0,4.0,12.0,Juice,2023-06-03,Digital Wallet,In-store
4947,TXN_5414186,4.0,1.0,4.0,Smoothie,2023-04-24,Credit Card,Takeaway
4948,TXN_5415223,1.5,2.0,3.0,Tea,2023-09-02,Cash,In-store
4949,TXN_5415901,3.0,2.0,6.0,Cake,2023-10-21,Digital Wallet,Takeaway
4950,TXN_5417192,1.0,4.0,4.0,Cookie,2023-06-23,Cash,In-store
4951,TXN_5419862,3.0,5.0,15.0,Juice,2023-05-29,Digital Wallet,In-store
4952,TXN_5420062,5.0,4.0,20.0,Salad,2023-06-06,Cash,In-store
4953,TXN_5421310,2.0,4.0,8.0,Coffee,2023-06-10,Digital Wallet,In-store
4954,TXN_5421917,1.5,5.0,7.5,Tea,2023-05-03,Digital Wallet,In-store
4955,TXN_5422843,4.0,2.0,8.0,Sandwich,2023-07-21,Cash,In-store
4956,TXN_5422928,1.5,4.0,6.0,Tea,2023-09-20,Digital Wallet,Takeaway
4957,TXN_5423024,4.0,1.0,4.0,Smoothie,2023-04-30,Digital Wallet,In-store
4958,TXN_5423636,4.0,4.0,16.0,Sandwich,2023-10-18,Cash,In-store
4959,TXN_5424614,3.0,1.0,3.0,Cake,2023-11-12,Cash,In-store
4960,TXN_5424622,1.5,4.0,6.0,Tea,2023-07-12,Digital Wallet,In-store
4961,TXN_5425668,1.0,5.0,5.0,Cookie,2023-04-09,Cash,Takeaway
4962,TXN_5425911,4.0,1.0,4.0,Smoothie,2023-11-30,Digital Wallet,In-store
4963,TXN_5426236,4.0,3.0,12.0,Sandwich,2023-08-31,Cash,Takeaway
4964,TXN_5426405,1.5,5.0,7.5,Tea,2023-11-26,Digital Wallet,In-store
4965,TXN_5426507,3.0,2.0,6.0,Juice,2023-06-13,Cash,Takeaway
4966,TXN_5427338,3.0,2.0,6.0,Cake,2023-04-27,Digital Wallet,In-store
4967,TXN_5427506,3.0,3.0,9.0,Cake,2023-09-15,Cash,Takeaway
4968,TXN_5429861,3.0,1.0,3.0,Cake,2023-03-20,Digital Wallet,Takeaway
4969,TXN_5430200,4.0,3.0,12.0,Sandwich,2023-11-12,Credit Card,Takeaway
4970,TXN_5430694,5.0,5.0,25.0,Salad,2023-08-24,Cash,In-store
4971,TXN_5431854,1.0,3.0,3.0,Cookie,2023-01-18,Digital Wallet,In-store
4972,TXN_5432582,3.0,3.0,9.0,Juice,2023-08-30,Digital Wallet,In-store
4973,TXN_5433077,3.0,4.0,12.0,Cake,2023-11-29,Cash,In-store
4974,TXN_5433982,5.0,5.0,25.0,Salad,2023-07-07,Digital Wallet,In-store
4975,TXN_5434310,4.0,3.0,12.0,Smoothie,2023-11-21,Cash,In-store
4976,TXN_5435751,4.0,1.0,4.0,Sandwich,2023-05-24,Credit Card,Takeaway
4977,TXN_5436816,5.0,3.0,15.0,Salad,2023-08-04,Credit Card,In-store
4978,TXN_5437961,4.0,3.0,12.0,Sandwich,2023-06-30,Credit Card,In-store
4979,TXN_5438111,4.0,3.0,12.0,Smoothie,2023-01-06,Cash,In-store
4980,TXN_5438422,4.0,3.0,12.0,Smoothie,2023-09-25,Digital Wallet,In-store
4981,TXN_5438652,4.0,4.0,16.0,Sandwich,2023-03-17,Cash,In-store
4982,TXN_5439860,1.5,1.0,1.5,Tea,2023-04-18,Digital Wallet,In-store
4983,TXN_5441196,1.5,1.0,1.5,Tea,2023-05-24,Cash,In-store
4984,TXN_5442505,3.0,4.0,12.0,Cake,2023-09-07,Digital Wallet,Takeaway
4985,TXN_5442610,3.0,2.0,6.0,Juice,2023-12-10,Digital Wallet,Takeaway
4986,TXN_5444860,1.5,2.0,3.0,Tea,2023-04-28,Digital Wallet,In-store
4987,TXN_5445318,1.0,1.0,1.0,Cookie,2023-02-16,Digital Wallet,Takeaway
4988,TXN_5445994,3.0,1.0,3.0,Juice,2023-06-11,Credit Card,In-store
4989,TXN_5446085,2.0,3.0,6.0,Coffee,2023-09-16,Digital Wallet,Takeaway
4990,TXN_5446858,1.0,1.0,1.0,Cookie,2023-11-07,Cash,In-store
4991,TXN_5447508,4.0,3.0,12.0,Sandwich,2023-06-28,Digital Wallet,Takeaway
4992,TXN_5447694,4.0,1.0,4.0,Smoothie,2023-11-18,Digital Wallet,In-store
4993,TXN_5447967,4.0,2.0,8.0,Smoothie,2023-06-06,Credit Card,In-store
4994,TXN_5448157,1.0,3.0,3.0,Cookie,2023-01-11,Credit Card,Takeaway
4995,TXN_5448602,3.0,3.0,9.0,Juice,2023-01-17,Credit Card,In-store
4996,TXN_5449092,3.0,4.0,12.0,Juice,2023-06-11,Digital Wallet,In-store
4997,TXN_5452210,1.5,5.0,7.5,Tea,2023-04-17,Digital Wallet,In-store
4998,TXN_5452419,2.0,4.0,8.0,Coffee,2023-01-25,Cash,In-store
4999,TXN_5452978,5.0,2.0,10.0,Salad,2023-04-10,Cash,In-store
5000,TXN_5453217,2.0,1.0,2.0,Coffee,2023-07-11,Credit Card,In-store
5001,TXN_5453836,4.0,2.0,8.0,Smoothie,2023-05-29,Credit Card,In-store
5002,TXN_5454841,1.0,5.0,5.0,Cookie,2023-06-04,Digital Wallet,Takeaway
5003,TXN_5455079,5.0,2.0,10.0,Salad,2023-11-30,Cash,In-store
5004,TXN_5455792,5.0,3.0,15.0,Salad,2023-03-22,Cash,In-store
5005,TXN_5455936,3.0,5.0,15.0,Juice,2023-10-28,Digital Wallet,In-store
5006,TXN_5456362,4.0,4.0,16.0,Smoothie,2023-07-06,Credit Card,In-store
5007,TXN_5457133,3.0,5.0,15.0,Juice,2023-03-03,Digital Wallet,In-store
5008,TXN_5457767,3.0,3.0,9.0,Cake,2023-08-14,Cash,In-store
5009,TXN_5458161,4.0,1.0,4.0,Sandwich,2023-07-19,Digital Wallet,Takeaway
5010,TXN_5459138,4.0,2.0,8.0,Smoothie,2023-07-19,Digital Wallet,In-store
5011,TXN_5460750,3.0,3.0,9.0,Juice,2023-07-31,Credit Card,In-store
5012,TXN_5466291,5.0,1.0,5.0,Salad,2023-09-19,Credit Card,In-store
5013,TXN_5467240,4.0,5.0,20.0,Smoothie,2023-10-20,Digital Wallet,In-store
5014,TXN_5468153,4.0,5.0,20.0,Smoothie,2023-12-15,Digital Wallet,In-store
5015,TXN_5468350,5.0,4.0,20.0,Salad,2023-12-15,Credit Card,In-store
5016,TXN_5469063,2.0,2.0,4.0,Coffee,2023-02-24,Digital Wallet,Takeaway
5017,TXN_5470087,5.0,2.0,10.0,Salad,2023-10-11,Cash,Takeaway
5018,TXN_5470598,3.0,3.0,9.0,Cake,2023-03-14,Digital Wallet,In-store
5019,TXN_5470909,1.0,4.0,4.0,Cookie,2023-10-21,Credit Card,In-store
5020,TXN_5471175,1.0,4.0,4.0,Cookie,2023-04-16,Cash,Takeaway
5021,TXN_5473680,2.0,3.0,6.0,Coffee,2023-12-24,Credit Card,Takeaway
5022,TXN_5474440,3.0,2.0,6.0,Cake,2023-11-08,Credit Card,Takeaway
5023,TXN_5475746,3.0,3.0,9.0,Cake,2023-08-20,Credit Card,In-store
5024,TXN_5476465,3.0,4.0,12.0,Cake,2023-06-23,Cash,In-store
5025,TXN_5476485,3.0,2.0,6.0,Juice,2023-01-07,Cash,In-store
5026,TXN_5476846,1.5,4.0,6.0,Tea,2023-01-07,Credit Card,Takeaway
5027,TXN_5477578,4.0,1.0,4.0,Smoothie,2023-03-12,Digital Wallet,Takeaway
5028,TXN_5478129,3.0,4.0,12.0,Juice,2023-01-22,Credit Card,In-store
5029,TXN_5480564,5.0,3.0,15.0,Salad,2023-05-28,Digital Wallet,In-store
5030,TXN_5483442,1.5,5.0,7.5,Tea,2023-04-03,Cash,In-store
5031,TXN_5483635,3.0,3.0,9.0,Juice,2023-03-23,Credit Card,In-store
5032,TXN_5484423,2.0,2.0,4.0,Coffee,2023-08-26,Digital Wallet,Takeaway
5033,TXN_5485384,4.0,5.0,20.0,Sandwich,2023-03-04,Credit Card,In-store
5034,TXN_5485774,2.0,2.0,4.0,Coffee,2023-07-20,Credit Card,Takeaway
5035,TXN_5486063,4.0,3.0,12.0,Smoothie,2023-05-21,Cash,In-store
5036,TXN_5486398,1.0,4.0,4.0,Cookie,2023-05-13,Cash,Takeaway
5037,TXN_5486886,4.0,1.0,4.0,Smoothie,2023-12-23,Digital Wallet,In-store
5038,TXN_5488764,2.0,4.0,8.0,Coffee,2023-06-30,Digital Wallet,Takeaway
5039,TXN_5489408,1.0,1.0,1.0,Cookie,2023-05-02,Digital Wallet,In-store
5040,TXN_5491825,3.0,4.0,12.0,Cake,2023-06-09,Cash,In-store
5041,TXN_5492760,3.0,2.0,6.0,Cake,2023-06-09,Cash,Takeaway
5042,TXN_5492822,2.0,4.0,8.0,Coffee,2023-12-16,Digital Wallet,Takeaway
5043,TXN_5492825,5.0,2.0,10.0,Salad,2023-02-25,Cash,In-store
5044,TXN_5493965,3.0,1.0,3.0,Juice,2023-06-16,Digital Wallet,In-store
5045,TXN_5496019,1.0,5.0,5.0,Cookie,2023-11-26,Cash,In-store
5046,TXN_5496282,4.0,2.0,8.0,Smoothie,2023-03-03,Digital Wallet,In-store
5047,TXN_5496581,3.0,1.0,3.0,Juice,2023-08-11,Credit Card,In-store
5048,TXN_5498693,3.0,4.0,12.0,Cake,2023-05-13,Cash,Takeaway
5049,TXN_5499117,5.0,4.0,20.0,Salad,2023-07-16,Digital Wallet,In-store
5050,TXN_5499915,1.0,2.0,2.0,Cookie,2023-02-01,Digital Wallet,Takeaway
5051,TXN_5504130,3.0,3.0,9.0,Cake,2023-06-24,Cash,Takeaway
5052,TXN_5504920,3.0,5.0,15.0,Cake,2023-09-30,Cash,Takeaway
5053,TXN_5506097,4.0,5.0,20.0,Sandwich,2023-05-04,Cash,Takeaway
5054,TXN_5506907,1.0,2.0,2.0,Cookie,2023-12-08,Cash,Takeaway
5055,TXN_5508573,3.0,1.0,3.0,Cake,2023-12-17,Cash,Takeaway
5056,TXN_5508620,4.0,2.0,8.0,Sandwich,2023-08-26,Cash,In-store
5057,TXN_5509088,4.0,3.0,12.0,Sandwich,2023-08-28,Digital Wallet,In-store
5058,TXN_5511805,3.0,1.0,3.0,Juice,2023-06-03,Digital Wallet,Takeaway
5059,TXN_5512533,2.0,4.0,8.0,Coffee,2023-06-13,Digital Wallet,Takeaway
5060,TXN_5513984,1.5,1.0,1.5,Tea,2023-09-13,Credit Card,In-store
5061,TXN_5514988,1.0,5.0,5.0,Cookie,2023-09-13,Credit Card,Takeaway
5062,TXN_5516374,4.0,2.0,8.0,Smoothie,2023-07-25,Digital Wallet,In-store
5063,TXN_5516804,4.0,5.0,20.0,Sandwich,2023-09-26,Credit Card,Takeaway
5064,TXN_5517185,4.0,3.0,12.0,Smoothie,2023-11-05,Digital Wallet,In-store
5065,TXN_5518232,5.0,3.0,15.0,Salad,2023-05-01,Cash,Takeaway
5066,TXN_5518591,1.0,4.0,4.0,Cookie,2023-09-21,Digital Wallet,Takeaway
5067,TXN_5519424,1.5,2.0,3.0,Tea,2023-09-23,Digital Wallet,In-store
5068,TXN_5520841,3.0,1.0,3.0,Cake,2023-09-04,Cash,Takeaway
5069,TXN_5522862,1.0,2.0,2.0,Cookie,2023-03-19,Credit Card,Takeaway
5070,TXN_5523450,5.0,5.0,25.0,Salad,2023-07-02,Credit Card,Takeaway
5071,TXN_5524352,4.0,1.0,4.0,Sandwich,2023-01-05,Credit Card,In-store
5072,TXN_5525916,2.0,2.0,4.0,Coffee,2023-03-02,Cash,Takeaway
5073,TXN_5526475,1.5,4.0,6.0,Tea,2023-05-06,Cash,In-store
5074,TXN_5526852,4.0,5.0,20.0,Sandwich,2023-09-28,Digital Wallet,In-store
5075,TXN_5528426,4.0,4.0,16.0,Smoothie,2023-06-01,Cash,Takeaway
5076,TXN_5528787,3.0,2.0,6.0,Juice,2023-10-22,Digital Wallet,In-store
5077,TXN_5530097,3.0,2.0,6.0,Juice,2023-12-19,Credit Card,Takeaway
5078,TXN_5530180,1.0,5.0,5.0,Cookie,2023-09-06,Digital Wallet,In-store
5079,TXN_5530273,3.0,3.0,9.0,Cake,2023-01-13,Digital Wallet,Takeaway
5080,TXN_5530717,3.0,1.0,3.0,Juice,2023-03-10,Credit Card,In-store
5081,TXN_5531648,2.0,5.0,10.0,Coffee,2023-01-23,Cash,Takeaway
5082,TXN_5531712,1.5,2.0,3.0,Tea,2023-01-09,Cash,In-store
5083,TXN_5534515,4.0,1.0,4.0,Smoothie,2023-02-09,Credit Card,Takeaway
5084,TXN_5534944,1.5,5.0,7.5,Tea,2023-01-26,Credit Card,Takeaway
5085,TXN_5535579,2.0,5.0,10.0,Coffee,2023-12-21,Cash,In-store
5086,TXN_5536056,4.0,3.0,12.0,Smoothie,2023-12-22,Digital Wallet,Takeaway
5087,TXN_5536245,4.0,4.0,16.0,Smoothie,2023-12-22,Cash,In-store
5088,TXN_5537517,4.0,3.0,12.0,Smoothie,2023-10-27,Digital Wallet,Takeaway
5089,TXN_5537621,3.0,4.0,12.0,Juice,2023-02-28,Digital Wallet,Takeaway
5090,TXN_5537740,3.0,3.0,9.0,Cake,2023-04-30,Credit Card,Takeaway
5091,TXN_5538503,4.0,2.0,8.0,Smoothie,2023-09-05,Digital Wallet,In-store
5092,TXN_5538696,2.0,2.0,4.0,Coffee,2023-08-30,Digital Wallet,In-store
5093,TXN_5538713,1.0,2.0,2.0,Cookie,2023-09-20,Digital Wallet,Takeaway
5094,TXN_5540067,1.5,4.0,6.0,Tea,2023-08-24,Digital Wallet,In-store
5095,TXN_5540986,3.0,3.0,9.0,Cake,2023-05-12,Cash,Takeaway
5096,TXN_5542033,4.0,3.0,12.0,Sandwich,2023-06-26,Digital Wallet,In-store
5097,TXN_5542500,4.0,3.0,12.0,Sandwich,2023-07-19,Credit Card,In-store
5098,TXN_5544904,5.0,5.0,25.0,Salad,2023-04-19,Cash,In-store
5099,TXN_5546684,2.0,1.0,2.0,Coffee,2023-10-02,Credit Card,In-store
5100,TXN_5547519,5.0,4.0,20.0,Salad,2023-05-13,Cash,In-store
5101,TXN_5548756,1.0,4.0,4.0,Cookie,2023-09-09,Credit Card,Takeaway
5102,TXN_5548914,3.0,2.0,6.0,Juice,2023-11-04,Digital Wallet,In-store
5103,TXN_5549522,3.0,5.0,15.0,Juice,2023-12-16,Digital Wallet,Takeaway
5104,TXN_5549557,3.0,2.0,6.0,Cake,2023-02-27,Cash,In-store
5105,TXN_5551020,4.0,2.0,8.0,Sandwich,2023-01-31,Credit Card,In-store
5106,TXN_5552114,4.0,2.0,8.0,Sandwich,2023-06-13,Credit Card,In-store
5107,TXN_5555790,1.5,5.0,7.5,Tea,2023-02-19,Credit Card,In-store
5108,TXN_5556328,1.5,5.0,7.5,Tea,2023-12-10,Digital Wallet,In-store
5109,TXN_5556985,3.0,3.0,9.0,Juice,2023-12-10,Digital Wallet,In-store
5110,TXN_5560205,2.0,3.0,6.0,Coffee,2023-12-22,Cash,In-store
5111,TXN_5560669,5.0,5.0,25.0,Salad,2023-06-30,Credit Card,In-store
5112,TXN_5561958,4.0,4.0,16.0,Smoothie,2023-07-24,Digital Wallet,In-store
5113,TXN_5562799,1.0,5.0,5.0,Cookie,2023-10-25,Digital Wallet,Takeaway
5114,TXN_5563486,3.0,5.0,15.0,Juice,2023-03-13,Digital Wallet,In-store
5115,TXN_5563675,1.5,3.0,4.5,Tea,2023-01-01,Digital Wallet,In-store
5116,TXN_5564198,3.0,4.0,12.0,Cake,2023-06-06,Cash,Takeaway
5117,TXN_5566652,3.0,5.0,15.0,Juice,2023-09-16,Credit Card,In-store
5118,TXN_5566774,1.5,3.0,4.5,Tea,2023-03-29,Digital Wallet,In-store
5119,TXN_5568416,3.0,5.0,15.0,Cake,2023-09-06,Credit Card,Takeaway
5120,TXN_5569954,1.0,4.0,4.0,Cookie,2023-09-06,Credit Card,In-store
5121,TXN_5570967,2.0,1.0,2.0,Coffee,2023-12-12,Credit Card,In-store
5122,TXN_5571026,5.0,1.0,5.0,Salad,2023-09-08,Cash,Takeaway
5123,TXN_5571904,5.0,5.0,25.0,Salad,2023-08-05,Digital Wallet,Takeaway
5124,TXN_5572520,4.0,5.0,20.0,Smoothie,2023-05-14,Cash,Takeaway
5125,TXN_5573436,2.0,1.0,2.0,Coffee,2023-02-22,Digital Wallet,Takeaway
5126,TXN_5573731,4.0,4.0,16.0,Sandwich,2023-01-15,Cash,In-store
5127,TXN_5575420,4.0,3.0,12.0,Smoothie,2023-06-26,Digital Wallet,In-store
5128,TXN_5575561,1.5,4.0,6.0,Tea,2023-02-13,Digital Wallet,Takeaway
5129,TXN_5576265,4.0,4.0,16.0,Smoothie,2023-04-08,Credit Card,Takeaway
5130,TXN_5577030,1.0,4.0,4.0,Cookie,2023-02-15,Digital Wallet,Takeaway
5131,TXN_5578380,1.5,4.0,6.0,Tea,2023-02-15,Digital Wallet,In-store
5132,TXN_5578796,1.5,4.0,6.0,Tea,2023-04-27,Digital Wallet,In-store
5133,TXN_5578828,1.0,4.0,4.0,Cookie,2023-05-12,Cash,In-store
5134,TXN_5579227,4.0,4.0,16.0,Smoothie,2023-06-22,Digital Wallet,In-store
5135,TXN_5580933,4.0,3.0,12.0,Smoothie,2023-10-19,Cash,Takeaway
5136,TXN_5582443,5.0,3.0,15.0,Salad,2023-04-13,Credit Card,In-store
5137,TXN_5583534,1.0,2.0,2.0,Cookie,2023-10-31,Cash,Takeaway
5138,TXN_5584275,4.0,1.0,4.0,Smoothie,2023-07-10,Credit Card,In-store
5139,TXN_5585601,3.0,4.0,12.0,Cake,2023-05-28,Cash,Takeaway
5140,TXN_5587224,5.0,2.0,10.0,Salad,2023-01-05,Cash,In-store
5141,TXN_5588102,1.0,4.0,4.0,Cookie,2023-01-14,Credit Card,In-store
5142,TXN_5588239,1.0,1.0,1.0,Cookie,2023-03-31,Digital Wallet,Takeaway
5143,TXN_5589433,3.0,2.0,6.0,Cake,2023-03-13,Cash,In-store
5144,TXN_5590805,3.0,1.0,3.0,Cake,2023-01-25,Cash,Takeaway
5145,TXN_5591048,2.0,3.0,6.0,Coffee,2023-01-15,Digital Wallet,In-store
5146,TXN_5591145,4.0,3.0,12.0,Sandwich,2023-08-22,Credit Card,Takeaway
5147,TXN_5591155,4.0,4.0,16.0,Smoothie,2023-05-14,Digital Wallet,Takeaway
5148,TXN_5591967,4.0,1.0,4.0,Sandwich,2023-04-08,Credit Card,Takeaway
5149,TXN_5594043,3.0,4.0,12.0,Cake,2023-06-22,Cash,Takeaway
5150,TXN_5594695,3.0,3.0,9.0,Cake,2023-01-18,Credit Card,In-store
5151,TXN_5595352,3.0,1.0,3.0,Juice,2023-02-20,Cash,In-store
5152,TXN_5595584,4.0,2.0,8.0,Smoothie,2023-10-19,Digital Wallet,In-store
5153,TXN_5595717,3.0,2.0,6.0,Juice,2023-06-16,Digital Wallet,In-store
5154,TXN_5598744,4.0,4.0,16.0,Sandwich,2023-10-17,Digital Wallet,Takeaway
5155,TXN_5600914,4.0,4.0,16.0,Smoothie,2023-02-16,Credit Card,In-store
5156,TXN_5601300,2.0,2.0,4.0,Coffee,2023-02-24,Digital Wallet,Takeaway
5157,TXN_5602640,4.0,5.0,20.0,Smoothie,2023-04-01,Digital Wallet,Takeaway
5158,TXN_5603538,3.0,3.0,9.0,Juice,2023-02-15,Cash,In-store
5159,TXN_5604021,4.0,1.0,4.0,Sandwich,2023-09-10,Cash,Takeaway
5160,TXN_5604797,2.0,1.0,2.0,Coffee,2023-10-13,Cash,In-store
5161,TXN_5609139,1.5,2.0,3.0,Tea,2023-10-13,Digital Wallet,In-store
5162,TXN_5609260,1.0,5.0,5.0,Cookie,2023-05-02,Digital Wallet,In-store
5163,TXN_5611239,1.0,4.0,4.0,Cookie,2023-11-18,Cash,Takeaway
5164,TXN_5611262,5.0,2.0,10.0,Salad,2023-05-22,Digital Wallet,In-store
5165,TXN_5612022,1.0,5.0,5.0,Cookie,2023-09-27,Digital Wallet,Takeaway
5166,TXN_5613875,1.5,5.0,7.5,Tea,2023-09-27,Digital Wallet,In-store
5167,TXN_5614488,4.0,1.0,4.0,Sandwich,2023-07-22,Credit Card,Takeaway
5168,TXN_5615114,1.5,4.0,6.0,Tea,2023-10-31,Digital Wallet,In-store
5169,TXN_5615754,4.0,5.0,20.0,Smoothie,2023-04-16,Digital Wallet,Takeaway
5170,TXN_5616473,4.0,4.0,16.0,Sandwich,2023-07-28,Cash,In-store
5171,TXN_5616583,4.0,1.0,4.0,Smoothie,2023-10-13,Digital Wallet,In-store
5172,TXN_5618377,4.0,2.0,8.0,Sandwich,2023-04-02,Credit Card,In-store
5173,TXN_5618631,2.0,5.0,10.0,Coffee,2023-12-21,Credit Card,In-store
5174,TXN_5618976,2.0,2.0,4.0,Coffee,2023-12-05,Cash,Takeaway
5175,TXN_5620636,1.5,4.0,6.0,Tea,2023-06-12,Digital Wallet,In-store
5176,TXN_5622313,5.0,2.0,10.0,Salad,2023-01-07,Credit Card,In-store
5177,TXN_5624179,1.0,1.0,1.0,Cookie,2023-10-26,Cash,Takeaway
5178,TXN_5624860,1.5,3.0,4.5,Tea,2023-08-22,Credit Card,Takeaway
5179,TXN_5625086,4.0,1.0,4.0,Sandwich,2023-06-17,Credit Card,In-store
5180,TXN_5625110,5.0,3.0,15.0,Salad,2023-11-07,Digital Wallet,Takeaway
5181,TXN_5628251,3.0,4.0,12.0,Cake,2023-11-14,Credit Card,Takeaway
5182,TXN_5630457,4.0,1.0,4.0,Smoothie,2023-03-01,Credit Card,Takeaway
5183,TXN_5632156,4.0,4.0,16.0,Sandwich,2023-08-02,Digital Wallet,In-store
5184,TXN_5632556,3.0,4.0,12.0,Juice,2023-05-16,Digital Wallet,In-store
5185,TXN_5632564,1.0,1.0,1.0,Cookie,2023-11-04,Credit Card,Takeaway
5186,TXN_5634135,1.0,2.0,2.0,Cookie,2023-01-27,Digital Wallet,Takeaway
5187,TXN_5634960,1.5,2.0,3.0,Tea,2023-09-06,Digital Wallet,Takeaway
5188,TXN_5634977,2.0,5.0,10.0,Coffee,2023-03-06,Digital Wallet,In-store
5189,TXN_5635779,3.0,5.0,15.0,Juice,2023-07-01,Cash,In-store
5190,TXN_5637677,3.0,2.0,6.0,Juice,2023-08-24,Digital Wallet,Takeaway
5191,TXN_5639485,1.0,3.0,3.0,Cookie,2023-07-02,Credit Card,Takeaway
5192,TXN_5639908,1.5,3.0,4.5,Tea,2023-07-02,Digital Wallet,In-store
5193,TXN_5640232,4.0,4.0,16.0,Sandwich,2023-04-08,Digital Wallet,In-store
5194,TXN_5641209,5.0,3.0,15.0,Salad,2023-12-03,Cash,Takeaway
5195,TXN_5644074,4.0,2.0,8.0,Sandwich,2023-11-08,Digital Wallet,In-store
5196,TXN_5644235,5.0,4.0,20.0,Salad,2023-03-25,Cash,In-store
5197,TXN_5645919,2.0,3.0,6.0,Coffee,2023-01-17,Credit Card,Takeaway
5198,TXN_5647773,5.0,2.0,10.0,Salad,2023-07-20,Cash,In-store
5199,TXN_5648512,3.0,4.0,12.0,Juice,2023-01-30,Digital Wallet,Takeaway
5200,TXN_5649204,4.0,1.0,4.0,Smoothie,2023-03-05,Cash,In-store
5201,TXN_5649995,1.5,2.0,3.0,Tea,2023-03-05,Digital Wallet,Takeaway
5202,TXN_5650608,3.0,1.0,3.0,Juice,2023-06-25,Digital Wallet,In-store
5203,TXN_5651348,5.0,3.0,15.0,Salad,2023-11-04,Cash,Takeaway
5204,TXN_5651620,4.0,2.0,8.0,Sandwich,2023-05-16,Credit Card,In-store
5205,TXN_5652473,4.0,4.0,16.0,Smoothie,2023-03-19,Digital Wallet,In-store
5206,TXN_5654331,2.0,4.0,8.0,Coffee,2023-07-31,Cash,In-store
5207,TXN_5654490,1.5,4.0,6.0,Tea,2023-05-22,Credit Card,In-store
5208,TXN_5654663,3.0,1.0,3.0,Juice,2023-07-31,Digital Wallet,Takeaway
5209,TXN_5656252,4.0,4.0,16.0,Sandwich,2023-08-04,Credit Card,Takeaway
5210,TXN_5657259,1.5,2.0,3.0,Tea,2023-03-03,Digital Wallet,In-store
5211,TXN_5658895,3.0,2.0,6.0,Juice,2023-09-21,Cash,In-store
5212,TXN_5660244,3.0,5.0,15.0,Cake,2023-10-04,Digital Wallet,Takeaway
5213,TXN_5660949,1.0,3.0,3.0,Cookie,2023-01-10,Credit Card,In-store
5214,TXN_5661147,3.0,1.0,3.0,Cake,2023-11-06,Cash,Takeaway
5215,TXN_5661323,1.0,2.0,2.0,Cookie,2023-05-06,Credit Card,Takeaway
5216,TXN_5661891,5.0,1.0,5.0,Salad,2023-10-28,Digital Wallet,Takeaway
5217,TXN_5662517,1.5,2.0,3.0,Tea,2023-01-05,Credit Card,Takeaway
5218,TXN_5663260,4.0,4.0,16.0,Sandwich,2023-10-08,Digital Wallet,In-store
5219,TXN_5664467,1.5,4.0,6.0,Tea,2023-11-06,Digital Wallet,Takeaway
5220,TXN_5664982,1.5,5.0,7.5,Tea,2023-12-24,Digital Wallet,In-store
5221,TXN_5665311,1.0,2.0,2.0,Cookie,2023-05-17,Credit Card,In-store
5222,TXN_5665341,1.5,5.0,7.5,Tea,2023-02-27,Cash,In-store
5223,TXN_5665767,1.5,4.0,6.0,Tea,2023-08-22,Digital Wallet,In-store
5224,TXN_5666241,1.0,4.0,4.0,Cookie,2023-07-18,Digital Wallet,Takeaway
5225,TXN_5666369,3.0,2.0,6.0,Juice,2023-07-17,Digital Wallet,In-store
5226,TXN_5668193,2.0,5.0,10.0,Coffee,2023-08-14,Cash,Takeaway
5227,TXN_5669113,4.0,2.0,8.0,Sandwich,2023-03-19,Credit Card,Takeaway
5228,TXN_5671075,1.5,5.0,7.5,Tea,2023-12-25,Cash,In-store
5229,TXN_5671997,3.0,3.0,9.0,Juice,2023-09-03,Digital Wallet,Takeaway
5230,TXN_5672156,1.0,2.0,2.0,Cookie,2023-07-05,Credit Card,In-store
5231,TXN_5672583,3.0,2.0,6.0,Juice,2023-04-09,Cash,Takeaway
5232,TXN_5673476,4.0,4.0,16.0,Smoothie,2023-02-09,Cash,Takeaway
5233,TXN_5674503,3.0,3.0,9.0,Cake,2023-12-14,Cash,Takeaway
5234,TXN_5675095,4.0,4.0,16.0,Sandwich,2023-05-18,Digital Wallet,Takeaway
5235,TXN_5677869,3.0,5.0,15.0,Juice,2023-11-19,Cash,In-store
5236,TXN_5677927,5.0,5.0,25.0,Salad,2023-12-20,Digital Wallet,In-store
5237,TXN_5679014,2.0,1.0,2.0,Coffee,2023-06-12,Digital Wallet,In-store
5238,TXN_5679295,1.5,5.0,7.5,Tea,2023-04-30,Digital Wallet,Takeaway
5239,TXN_5679935,2.0,2.0,4.0,Coffee,2023-07-19,Credit Card,Takeaway
5240,TXN_5680238,3.0,5.0,15.0,Juice,2023-12-17,Digital Wallet,In-store
5241,TXN_5680396,4.0,2.0,8.0,Sandwich,2023-12-21,Digital Wallet,In-store
5242,TXN_5680629,3.0,2.0,6.0,Cake,2023-04-30,Cash,Takeaway
5243,TXN_5680657,3.0,5.0,15.0,Juice,2023-05-16,Cash,In-store
5244,TXN_5680687,5.0,4.0,20.0,Salad,2023-11-22,Credit Card,In-store
5245,TXN_5683213,4.0,2.0,8.0,Smoothie,2023-10-30,Credit Card,In-store
5246,TXN_5685028,3.0,5.0,15.0,Cake,2023-08-12,Digital Wallet,Takeaway
5247,TXN_5686113,4.0,5.0,20.0,Sandwich,2023-09-09,Digital Wallet,In-store
5248,TXN_5687012,5.0,2.0,10.0,Salad,2023-03-12,Cash,In-store
5249,TXN_5689687,3.0,5.0,15.0,Cake,2023-06-04,Cash,In-store
5250,TXN_5691112,3.0,5.0,15.0,Juice,2023-03-24,Digital Wallet,In-store
5251,TXN_5692316,4.0,1.0,4.0,Smoothie,2023-06-22,Digital Wallet,In-store
5252,TXN_5693294,3.0,3.0,9.0,Juice,2023-12-30,Credit Card,In-store
5253,TXN_5695074,3.0,4.0,12.0,Juice,2023-04-10,Credit Card,Takeaway
5254,TXN_5696844,1.0,2.0,2.0,Cookie,2023-01-29,Digital Wallet,In-store
5255,TXN_5697414,3.0,5.0,15.0,Cake,2023-02-16,Credit Card,In-store
5256,TXN_5697778,3.0,3.0,9.0,Cake,2023-03-08,Cash,Takeaway
5257,TXN_5698925,3.0,2.0,6.0,Juice,2023-04-08,Digital Wallet,In-store
5258,TXN_5700545,5.0,2.0,10.0,Salad,2023-05-25,Credit Card,In-store
5259,TXN_5701303,2.0,1.0,2.0,Coffee,2023-09-08,Digital Wallet,Takeaway
5260,TXN_5706734,3.0,1.0,3.0,Juice,2023-09-09,Cash,In-store
5261,TXN_5707386,1.5,5.0,7.5,Tea,2023-06-28,Digital Wallet,Takeaway
5262,TXN_5708913,3.0,2.0,6.0,Cake,2023-04-29,Cash,In-store
5263,TXN_5709834,3.0,4.0,12.0,Cake,2023-03-24,Digital Wallet,Takeaway
5264,TXN_5710748,5.0,1.0,5.0,Salad,2023-10-31,Cash,In-store
5265,TXN_5712248,4.0,5.0,20.0,Sandwich,2023-03-02,Credit Card,Takeaway
5266,TXN_5713298,4.0,2.0,8.0,Smoothie,2023-07-14,Credit Card,In-store
5267,TXN_5714767,5.0,4.0,20.0,Salad,2023-03-02,Digital Wallet,Takeaway
5268,TXN_5716276,1.5,4.0,6.0,Tea,2023-09-12,Digital Wallet,In-store
5269,TXN_5719592,2.0,1.0,2.0,Coffee,2023-08-07,Credit Card,In-store
5270,TXN_5720183,1.0,5.0,5.0,Cookie,2023-05-30,Credit Card,Takeaway
5271,TXN_5721215,1.5,2.0,3.0,Tea,2023-05-17,Digital Wallet,Takeaway
5272,TXN_5721846,1.0,3.0,3.0,Cookie,2023-04-14,Cash,Takeaway
5273,TXN_5722123,3.0,4.0,12.0,Cake,2023-11-23,Digital Wallet,Takeaway
5274,TXN_5722175,1.5,2.0,3.0,Tea,2023-03-01,Digital Wallet,Takeaway
5275,TXN_5723229,3.0,5.0,15.0,Juice,2023-06-23,Digital Wallet,Takeaway
5276,TXN_5724548,3.0,5.0,15.0,Cake,2023-08-12,Cash,Takeaway
5277,TXN_5726114,4.0,3.0,12.0,Smoothie,2023-07-14,Digital Wallet,Takeaway
5278,TXN_5726998,3.0,3.0,9.0,Cake,2023-08-12,Credit Card,Takeaway
5279,TXN_5727550,2.0,3.0,6.0,Coffee,2023-10-11,Digital Wallet,Takeaway
5280,TXN_5728193,4.0,1.0,4.0,Sandwich,2023-10-11,Credit Card,In-store
5281,TXN_5728991,5.0,2.0,10.0,Salad,2023-01-01,Cash,In-store
5282,TXN_5729112,2.0,1.0,2.0,Coffee,2023-06-30,Credit Card,Takeaway
5283,TXN_5731238,3.0,2.0,6.0,Cake,2023-03-27,Credit Card,Takeaway
5284,TXN_5732357,1.5,5.0,7.5,Tea,2023-05-06,Credit Card,In-store
5285,TXN_5732615,2.0,2.0,4.0,Coffee,2023-12-05,Cash,Takeaway
5286,TXN_5734186,3.0,3.0,9.0,Juice,2023-04-03,Cash,In-store
5287,TXN_5734319,2.0,5.0,10.0,Coffee,2023-06-01,Cash,Takeaway
5288,TXN_5734395,4.0,5.0,20.0,Sandwich,2023-05-17,Cash,Takeaway
5289,TXN_5734442,1.0,4.0,4.0,Cookie,2023-10-01,Credit Card,Takeaway
5290,TXN_5735731,4.0,2.0,8.0,Smoothie,2023-01-22,Credit Card,In-store
5291,TXN_5736595,2.0,3.0,6.0,Coffee,2023-08-14,Credit Card,Takeaway
5292,TXN_5737641,1.0,1.0,1.0,Cookie,2023-02-16,Digital Wallet,Takeaway
5293,TXN_5737831,3.0,4.0,12.0,Juice,2023-05-15,Digital Wallet,Takeaway
5294,TXN_5738243,5.0,5.0,25.0,Salad,2023-08-30,Credit Card,Takeaway
5295,TXN_5738282,3.0,4.0,12.0,Cake,2023-08-30,Credit Card,In-store
5296,TXN_5738521,2.0,5.0,10.0,Coffee,2023-03-14,Digital Wallet,Takeaway
5297,TXN_5739806,4.0,3.0,12.0,Smoothie,2023-09-18,Credit Card,In-store
5298,TXN_5740553,5.0,5.0,25.0,Salad,2023-08-29,Cash,In-store
5299,TXN_5741619,4.0,5.0,20.0,Smoothie,2023-01-02,Cash,In-store
5300,TXN_5742202,5.0,2.0,10.0,Salad,2023-01-02,Cash,Takeaway
5301,TXN_5743519,4.0,2.0,8.0,Smoothie,2023-05-23,Cash,In-store
5302,TXN_5743616,3.0,4.0,12.0,Cake,2023-12-14,Cash,Takeaway
5303,TXN_5743619,5.0,5.0,25.0,Salad,2023-11-07,Digital Wallet,Takeaway
5304,TXN_5744026,5.0,4.0,20.0,Salad,2023-04-03,Cash,In-store
5305,TXN_5744797,3.0,1.0,3.0,Cake,2023-12-20,Cash,In-store
5306,TXN_5745054,4.0,1.0,4.0,Smoothie,2023-01-26,Credit Card,In-store
5307,TXN_5745921,4.0,2.0,8.0,Sandwich,2023-03-01,Credit Card,In-store
5308,TXN_5745955,4.0,4.0,16.0,Smoothie,2023-03-01,Credit Card,In-store
5309,TXN_5746203,1.5,5.0,7.5,Tea,2023-07-08,Cash,In-store
5310,TXN_5746800,2.0,4.0,8.0,Coffee,2023-07-04,Credit Card,Takeaway
5311,TXN_5747094,3.0,2.0,6.0,Juice,2023-05-11,Digital Wallet,Takeaway
5312,TXN_5747509,1.0,2.0,2.0,Cookie,2023-10-30,Cash,In-store
5313,TXN_5747642,5.0,2.0,10.0,Salad,2023-07-26,Cash,Takeaway
5314,TXN_5747859,3.0,1.0,3.0,Cake,2023-03-13,Credit Card,Takeaway
5315,TXN_5748083,5.0,2.0,10.0,Salad,2023-04-08,Cash,Takeaway
5316,TXN_5749454,3.0,4.0,12.0,Juice,2023-12-04,Digital Wallet,Takeaway
5317,TXN_5750248,5.0,4.0,20.0,Salad,2023-07-20,Digital Wallet,In-store
5318,TXN_5750278,5.0,3.0,15.0,Salad,2023-06-08,Cash,Takeaway
5319,TXN_5751040,1.5,5.0,7.5,Tea,2023-02-27,Cash,In-store
5320,TXN_5752187,3.0,4.0,12.0,Juice,2023-02-27,Digital Wallet,In-store
5321,TXN_5753095,4.0,4.0,16.0,Sandwich,2023-06-25,Credit Card,In-store
5322,TXN_5753111,5.0,1.0,5.0,Salad,2023-04-25,Credit Card,In-store
5323,TXN_5754317,2.0,2.0,4.0,Coffee,2023-01-10,Credit Card,Takeaway
5324,TXN_5755839,4.0,3.0,12.0,Sandwich,2023-12-19,Credit Card,In-store
5325,TXN_5757196,3.0,5.0,15.0,Juice,2023-12-19,Digital Wallet,In-store
5326,TXN_5757933,1.5,1.0,1.5,Tea,2023-02-20,Cash,In-store
5327,TXN_5758199,2.0,4.0,8.0,Coffee,2023-06-11,Credit Card,Takeaway
5328,TXN_5761073,1.0,1.0,1.0,Cookie,2023-06-11,Cash,In-store
5329,TXN_5761207,4.0,3.0,12.0,Smoothie,2023-04-19,Credit Card,In-store
5330,TXN_5761414,4.0,1.0,4.0,Smoothie,2023-10-02,Digital Wallet,In-store
5331,TXN_5762127,2.0,2.0,4.0,Coffee,2023-11-10,Digital Wallet,Takeaway
5332,TXN_5762440,4.0,5.0,20.0,Sandwich,2023-03-05,Cash,In-store
5333,TXN_5762828,1.5,2.0,3.0,Tea,2023-03-23,Digital Wallet,In-store
5334,TXN_5763254,2.0,3.0,6.0,Coffee,2023-09-15,Digital Wallet,Takeaway
5335,TXN_5763287,3.0,2.0,6.0,Cake,2023-06-27,Credit Card,Takeaway
5336,TXN_5763520,5.0,1.0,5.0,Salad,2023-01-17,Cash,In-store
5337,TXN_5764902,1.5,5.0,7.5,Tea,2023-03-22,Digital Wallet,Takeaway
5338,TXN_5764993,5.0,3.0,15.0,Salad,2023-04-26,Cash,Takeaway
5339,TXN_5765294,1.0,4.0,4.0,Cookie,2023-11-14,Digital Wallet,In-store
5340,TXN_5765576,4.0,5.0,20.0,Sandwich,2023-11-22,Credit Card,In-store
5341,TXN_5766532,4.0,5.0,20.0,Smoothie,2023-06-23,Cash,In-store
5342,TXN_5767392,3.0,5.0,15.0,Cake,2023-10-24,Credit Card,Takeaway
5343,TXN_5767393,4.0,3.0,12.0,Smoothie,2023-09-11,Digital Wallet,In-store
5344,TXN_5767429,3.0,2.0,6.0,Cake,2023-03-19,Cash,Takeaway
5345,TXN_5774784,3.0,5.0,15.0,Cake,2023-10-04,Cash,In-store
5346,TXN_5775113,5.0,1.0,5.0,Salad,2023-10-23,Digital Wallet,In-store
5347,TXN_5775717,1.5,3.0,4.5,Tea,2023-08-02,Digital Wallet,Takeaway
5348,TXN_5776252,1.5,4.0,6.0,Tea,2023-08-11,Cash,Takeaway
5349,TXN_5777164,4.0,1.0,4.0,Smoothie,2023-02-07,Credit Card,Takeaway
5350,TXN_5777224,1.5,3.0,4.5,Tea,2023-09-16,Digital Wallet,In-store
5351,TXN_5777542,4.0,2.0,8.0,Sandwich,2023-10-22,Credit Card,In-store
5352,TXN_5777903,2.0,2.0,4.0,Coffee,2023-05-15,Digital Wallet,Takeaway
5353,TXN_5780615,4.0,3.0,12.0,Smoothie,2023-12-24,Cash,In-store
5354,TXN_5780931,1.5,4.0,6.0,Tea,2023-10-06,Digital Wallet,In-store
5355,TXN_5781767,4.0,5.0,20.0,Sandwich,2023-04-27,Credit Card,In-store
5356,TXN_5783469,5.0,3.0,15.0,Salad,2023-06-14,Cash,In-store
5357,TXN_5784372,5.0,2.0,10.0,Salad,2023-05-23,Cash,In-store
5358,TXN_5784400,3.0,4.0,12.0,Cake,2023-11-25,Digital Wallet,Takeaway
5359,TXN_5785600,5.0,5.0,25.0,Salad,2023-12-10,Cash,In-store
5360,TXN_5785639,5.0,1.0,5.0,Salad,2023-04-10,Credit Card,In-store
5361,TXN_5787508,3.0,3.0,9.0,Juice,2023-07-23,Credit Card,Takeaway
5362,TXN_5788053,4.0,5.0,20.0,Sandwich,2023-01-04,Digital Wallet,In-store
5363,TXN_5788769,3.0,1.0,3.0,Juice,2023-07-19,Cash,In-store
5364,TXN_5789560,3.0,2.0,6.0,Juice,2023-02-13,Cash,Takeaway
5365,TXN_5790078,3.0,4.0,12.0,Juice,2023-04-16,Digital Wallet,Takeaway
5366,TXN_5790213,3.0,3.0,9.0,Juice,2023-08-30,Cash,In-store
5367,TXN_5790695,1.5,5.0,7.5,Tea,2023-04-24,Credit Card,Takeaway
5368,TXN_5791605,4.0,3.0,12.0,Smoothie,2023-05-17,Digital Wallet,Takeaway
5369,TXN_5792655,3.0,1.0,3.0,Juice,2023-12-21,Digital Wallet,Takeaway
5370,TXN_5793057,4.0,3.0,12.0,Sandwich,2023-02-25,Credit Card,In-store
5371,TXN_5793417,4.0,2.0,8.0,Sandwich,2023-12-29,Digital Wallet,In-store
5372,TXN_5795475,1.5,3.0,4.5,Tea,2023-09-21,Digital Wallet,In-store
5373,TXN_5796131,4.0,3.0,12.0,Smoothie,2023-09-30,Digital Wallet,Takeaway
5374,TXN_5797307,1.5,5.0,7.5,Tea,2023-03-16,Digital Wallet,In-store
5375,TXN_5799196,4.0,3.0,12.0,Sandwich,2023-12-03,Digital Wallet,In-store
5376,TXN_5801294,5.0,1.0,5.0,Salad,2023-10-20,Cash,In-store
5377,TXN_5804346,1.5,1.0,1.5,Tea,2023-07-05,Credit Card,In-store
5378,TXN_5806624,1.0,5.0,5.0,Cookie,2023-07-09,Credit Card,In-store
5379,TXN_5807634,4.0,5.0,20.0,Sandwich,2023-05-23,Digital Wallet,In-store
5380,TXN_5808539,4.0,1.0,4.0,Sandwich,2023-06-30,Credit Card,Takeaway
5381,TXN_5808719,3.0,1.0,3.0,Juice,2023-10-01,Cash,In-store
5382,TXN_5808749,5.0,1.0,5.0,Salad,2023-01-25,Cash,Takeaway
5383,TXN_5811766,3.0,5.0,15.0,Cake,2023-01-25,Digital Wallet,In-store
5384,TXN_5811955,5.0,2.0,10.0,Salad,2023-06-29,Credit Card,Takeaway
5385,TXN_5812394,5.0,5.0,25.0,Salad,2023-10-17,Cash,In-store
5386,TXN_5812552,3.0,1.0,3.0,Cake,2023-09-17,Cash,Takeaway
5387,TXN_5813015,1.0,5.0,5.0,Cookie,2023-10-07,Digital Wallet,Takeaway
5388,TXN_5814878,4.0,2.0,8.0,Smoothie,2023-04-02,Digital Wallet,In-store
5389,TXN_5817802,2.0,5.0,10.0,Coffee,2023-02-13,Digital Wallet,In-store
5390,TXN_5817991,4.0,4.0,16.0,Smoothie,2023-05-24,Cash,In-store
5391,TXN_5818032,1.0,1.0,1.0,Cookie,2023-04-19,Digital Wallet,Takeaway
5392,TXN_5818852,3.0,2.0,6.0,Juice,2023-03-04,Digital Wallet,In-store
5393,TXN_5820621,1.0,5.0,5.0,Cookie,2023-12-01,Digital Wallet,In-store
5394,TXN_5820892,3.0,1.0,3.0,Juice,2023-11-14,Digital Wallet,In-store
5395,TXN_5822344,4.0,5.0,20.0,Sandwich,2023-09-27,Cash,In-store
5396,TXN_5823330,5.0,3.0,15.0,Salad,2023-10-19,Digital Wallet,In-store
5397,TXN_5824950,2.0,1.0,2.0,Coffee,2023-12-06,Credit Card,In-store
5398,TXN_5826333,1.0,1.0,1.0,Cookie,2023-05-14,Cash,Takeaway
5399,TXN_5827969,5.0,5.0,25.0,Salad,2023-07-03,Digital Wallet,In-store
5400,TXN_5828907,1.0,5.0,5.0,Cookie,2023-05-13,Digital Wallet,Takeaway
5401,TXN_5830991,1.0,4.0,4.0,Cookie,2023-11-07,Digital Wallet,Takeaway
5402,TXN_5832513,3.0,4.0,12.0,Juice,2023-11-02,Cash,In-store
5403,TXN_5832968,5.0,5.0,25.0,Salad,2023-06-05,Cash,Takeaway
5404,TXN_5834491,1.5,3.0,4.5,Tea,2023-08-13,Digital Wallet,In-store
5405,TXN_5835004,4.0,5.0,20.0,Smoothie,2023-04-14,Credit Card,In-store
5406,TXN_5836079,2.0,1.0,2.0,Coffee,2023-07-14,Digital Wallet,Takeaway
5407,TXN_5837801,5.0,1.0,5.0,Salad,2023-01-25,Credit Card,In-store
5408,TXN_5839300,3.0,1.0,3.0,Cake,2023-07-01,Credit Card,Takeaway
5409,TXN_5840223,1.5,4.0,6.0,Tea,2023-12-20,Cash,In-store
5410,TXN_5841004,1.0,2.0,2.0,Cookie,2023-04-28,Credit Card,In-store
5411,TXN_5844851,4.0,5.0,20.0,Smoothie,2023-02-15,Digital Wallet,In-store
5412,TXN_5845583,1.5,4.0,6.0,Tea,2023-10-19,Cash,In-store
5413,TXN_5846013,1.5,2.0,3.0,Tea,2023-12-20,Digital Wallet,In-store
5414,TXN_5848025,1.5,5.0,7.5,Tea,2023-01-19,Credit Card,In-store
5415,TXN_5849947,4.0,5.0,20.0,Sandwich,2023-02-02,Cash,In-store
5416,TXN_5852244,3.0,2.0,6.0,Cake,2023-10-15,Credit Card,Takeaway
5417,TXN_5853158,4.0,4.0,16.0,Sandwich,2023-09-25,Cash,Takeaway
5418,TXN_5853281,2.0,4.0,8.0,Coffee,2023-08-29,Digital Wallet,Takeaway
5419,TXN_5855756,4.0,1.0,4.0,Sandwich,2023-08-29,Credit Card,In-store
5420,TXN_5855981,3.0,2.0,6.0,Juice,2023-11-09,Cash,In-store
5421,TXN_5856820,1.5,2.0,3.0,Tea,2023-07-18,Credit Card,Takeaway
5422,TXN_5858713,1.0,2.0,2.0,Cookie,2023-03-05,Credit Card,In-store
5423,TXN_5858988,3.0,1.0,3.0,Juice,2023-06-24,Credit Card,Takeaway
5424,TXN_5860664,3.0,5.0,15.0,Juice,2023-06-06,Digital Wallet,In-store
5425,TXN_5861158,4.0,3.0,12.0,Sandwich,2023-11-21,Credit Card,Takeaway
5426,TXN_5861636,2.0,4.0,8.0,Coffee,2023-05-15,Credit Card,Takeaway
5427,TXN_5862289,3.0,4.0,12.0,Juice,2023-01-05,Digital Wallet,Takeaway
5428,TXN_5862795,5.0,2.0,10.0,Salad,2023-02-25,Digital Wallet,In-store
5429,TXN_5863411,1.0,3.0,3.0,Cookie,2023-09-21,Digital Wallet,In-store
5430,TXN_5863650,1.5,1.0,1.5,Tea,2023-08-09,Digital Wallet,In-store
5431,TXN_5865534,4.0,4.0,16.0,Smoothie,2023-10-16,Digital Wallet,In-store
5432,TXN_5868082,2.0,5.0,10.0,Coffee,2023-10-22,Credit Card,In-store
5433,TXN_5875188,5.0,3.0,15.0,Salad,2023-07-09,Digital Wallet,In-store
5434,TXN_5875201,4.0,1.0,4.0,Sandwich,2023-01-31,Credit Card,In-store
5435,TXN_5875661,4.0,3.0,12.0,Sandwich,2023-08-12,Credit Card,In-store
5436,TXN_5878649,5.0,3.0,15.0,Salad,2023-02-15,Cash,Takeaway
5437,TXN_5879154,5.0,2.0,10.0,Salad,2023-06-28,Cash,Takeaway
5438,TXN_5880567,4.0,5.0,20.0,Smoothie,2023-02-13,Digital Wallet,In-store
5439,TXN_5880883,4.0,5.0,20.0,Sandwich,2023-02-02,Digital Wallet,In-store
5440,TXN_5881237,1.0,2.0,2.0,Cookie,2023-08-14,Digital Wallet,Takeaway
5441,TXN_5881757,4.0,3.0,12.0,Sandwich,2023-08-15,Credit Card,In-store
5442,TXN_5882077,4.0,3.0,12.0,Sandwich,2023-03-10,Credit Card,Takeaway
5443,TXN_5882566,3.0,1.0,3.0,Cake,2023-07-09,Cash,Takeaway
5444,TXN_5882584,3.0,5.0,15.0,Cake,2023-09-16,Cash,In-store
5445,TXN_5884081,1.0,3.0,9.0,Cookie,2023-07-05,Digital Wallet,In-store
5446,TXN_5889049,1.0,2.0,2.0,Cookie,2023-07-14,Digital Wallet,In-store
5447,TXN_5889912,5.0,1.0,5.0,Salad,2023-09-26,Cash,In-store
5448,TXN_5891724,5.0,5.0,25.0,Salad,2023-12-10,Credit Card,In-store
5449,TXN_5892508,4.0,1.0,4.0,Smoothie,2023-03-21,Credit Card,Takeaway
5450,TXN_5893283,3.0,3.0,9.0,Juice,2023-08-15,Cash,In-store
5451,TXN_5894676,4.0,5.0,20.0,Smoothie,2023-06-17,Credit Card,Takeaway
5452,TXN_5895177,3.0,5.0,15.0,Cake,2023-08-16,Cash,Takeaway
5453,TXN_5895330,5.0,5.0,25.0,Salad,2023-05-12,Cash,In-store
5454,TXN_5896141,4.0,5.0,20.0,Smoothie,2023-03-08,Digital Wallet,In-store
5455,TXN_5896413,2.0,3.0,6.0,Coffee,2023-03-08,Cash,In-store
5456,TXN_5896728,3.0,4.0,12.0,Juice,2023-10-06,Digital Wallet,Takeaway
5457,TXN_5897205,1.0,1.0,1.0,Cookie,2023-06-10,Digital Wallet,In-store
5458,TXN_5898238,2.0,5.0,10.0,Coffee,2023-06-29,Credit Card,Takeaway
5459,TXN_5898743,3.0,4.0,12.0,Juice,2023-06-29,Digital Wallet,Takeaway
5460,TXN_5899361,3.0,1.0,3.0,Cake,2023-08-08,Credit Card,Takeaway
5461,TXN_5900899,1.0,4.0,4.0,Cookie,2023-08-08,Digital Wallet,Takeaway
5462,TXN_5901180,1.0,3.0,3.0,Cookie,2023-12-20,Digital Wallet,Takeaway
5463,TXN_5901182,4.0,5.0,20.0,Sandwich,2023-07-15,Digital Wallet,In-store
5464,TXN_5901887,4.0,4.0,16.0,Smoothie,2023-08-31,Digital Wallet,Takeaway
5465,TXN_5902629,1.0,3.0,3.0,Cookie,2023-01-26,Cash,Takeaway
5466,TXN_5904646,4.0,1.0,4.0,Smoothie,2023-03-26,Digital Wallet,In-store
5467,TXN_5905025,1.0,4.0,4.0,Cookie,2023-03-08,Digital Wallet,Takeaway
5468,TXN_5905580,1.0,3.0,3.0,Cookie,2023-02-20,Cash,Takeaway
5469,TXN_5906365,1.0,1.0,1.0,Cookie,2023-03-13,Digital Wallet,Takeaway
5470,TXN_5906520,5.0,2.0,10.0,Salad,2023-01-31,Cash,In-store
5471,TXN_5907854,3.0,3.0,9.0,Juice,2023-11-11,Digital Wallet,In-store
5472,TXN_5908078,2.0,1.0,2.0,Coffee,2023-03-23,Digital Wallet,In-store
5473,TXN_5908104,4.0,2.0,8.0,Sandwich,2023-05-12,Credit Card,In-store
5474,TXN_5908362,4.0,5.0,20.0,Sandwich,2023-10-03,Digital Wallet,In-store
5475,TXN_5908857,4.0,5.0,20.0,Smoothie,2023-06-04,Digital Wallet,In-store
5476,TXN_5909816,3.0,5.0,15.0,Juice,2023-09-19,Cash,Takeaway
5477,TXN_5910268,5.0,4.0,20.0,Salad,2023-07-04,Cash,Takeaway
5478,TXN_5910541,3.0,5.0,15.0,Cake,2023-09-08,Cash,In-store
5479,TXN_5913013,1.0,2.0,2.0,Cookie,2023-11-29,Credit Card,Takeaway
5480,TXN_5914284,2.0,2.0,4.0,Coffee,2023-06-25,Credit Card,Takeaway
5481,TXN_5915706,1.5,1.0,1.5,Tea,2023-08-18,Cash,In-store
5482,TXN_5916991,3.0,2.0,6.0,Juice,2023-02-06,Digital Wallet,Takeaway
5483,TXN_5919038,1.0,1.0,1.0,Cookie,2023-12-15,Credit Card,In-store
5484,TXN_5921442,4.0,4.0,16.0,Smoothie,2023-02-04,Cash,Takeaway
5485,TXN_5921650,5.0,4.0,20.0,Salad,2023-10-13,Cash,In-store
5486,TXN_5921766,4.0,3.0,12.0,Smoothie,2023-11-06,Digital Wallet,In-store
5487,TXN_5922981,5.0,5.0,25.0,Salad,2023-11-10,Digital Wallet,Takeaway
5488,TXN_5923474,3.0,4.0,12.0,Cake,2023-11-10,Cash,In-store
5489,TXN_5926025,4.0,2.0,8.0,Sandwich,2023-07-29,Digital Wallet,In-store
5490,TXN_5926432,4.0,4.0,16.0,Smoothie,2023-06-29,Cash,In-store
5491,TXN_5926836,3.0,5.0,15.0,Cake,2023-08-07,Cash,In-store
5492,TXN_5926982,2.0,4.0,8.0,Coffee,2023-05-16,Digital Wallet,Takeaway
5493,TXN_5927258,1.5,5.0,7.5,Tea,2023-10-18,Digital Wallet,In-store
5494,TXN_5927620,4.0,1.0,4.0,Smoothie,2023-05-04,Credit Card,In-store
5495,TXN_5927884,2.0,4.0,8.0,Coffee,2023-12-21,Digital Wallet,Takeaway
5496,TXN_5927925,3.0,4.0,12.0,Juice,2023-11-02,Digital Wallet,In-store
5497,TXN_5929341,3.0,2.0,6.0,Juice,2023-05-12,Digital Wallet,Takeaway
5498,TXN_5929633,3.0,3.0,9.0,Cake,2023-02-27,Cash,In-store
5499,TXN_5929797,4.0,1.0,4.0,Sandwich,2023-05-12,Credit Card,In-store
5500,TXN_5930304,4.0,2.0,8.0,Sandwich,2023-11-02,Digital Wallet,In-store
5501,TXN_5930921,1.0,2.0,2.0,Cookie,2023-11-02,Digital Wallet,Takeaway
5502,TXN_5931292,4.0,2.0,8.0,Sandwich,2023-12-18,Credit Card,In-store
5503,TXN_5931551,4.0,4.0,16.0,Sandwich,2023-03-28,Credit Card,In-store
5504,TXN_5932169,5.0,5.0,25.0,Salad,2023-11-06,Credit Card,In-store
5505,TXN_5932892,3.0,4.0,12.0,Juice,2023-11-19,Digital Wallet,In-store
5506,TXN_5933480,4.0,3.0,12.0,Sandwich,2023-09-04,Digital Wallet,In-store
5507,TXN_5934059,3.0,4.0,12.0,Juice,2023-09-26,Digital Wallet,In-store
5508,TXN_5934526,2.0,5.0,10.0,Coffee,2023-05-27,Credit Card,In-store
5509,TXN_5935353,4.0,2.0,8.0,Sandwich,2023-05-01,Credit Card,In-store
5510,TXN_5935394,2.0,4.0,8.0,Coffee,2023-04-16,Digital Wallet,Takeaway
5511,TXN_5938359,1.0,2.0,2.0,Cookie,2023-06-02,Credit Card,Takeaway
5512,TXN_5939055,2.0,3.0,6.0,Coffee,2023-10-21,Digital Wallet,Takeaway
5513,TXN_5939363,1.5,5.0,7.5,Tea,2023-02-14,Credit Card,In-store
5514,TXN_5939783,1.0,2.0,2.0,Cookie,2023-02-14,Digital Wallet,Takeaway
5515,TXN_5939950,4.0,2.0,8.0,Sandwich,2023-06-16,Cash,In-store
5516,TXN_5940531,1.5,1.0,1.5,Tea,2023-01-11,Digital Wallet,In-store
5517,TXN_5941840,1.0,4.0,4.0,Cookie,2023-04-01,Digital Wallet,Takeaway
5518,TXN_5942011,1.5,1.0,1.5,Tea,2023-10-08,Cash,In-store
5519,TXN_5942938,3.0,3.0,9.0,Juice,2023-05-24,Credit Card,In-store
5520,TXN_5944206,1.0,5.0,5.0,Cookie,2023-05-12,Digital Wallet,Takeaway
5521,TXN_5944318,1.0,1.0,1.0,Cookie,2023-01-23,Cash,Takeaway
5522,TXN_5946554,3.0,2.0,6.0,Cake,2023-03-01,Cash,Takeaway
5523,TXN_5946779,4.0,1.0,4.0,Sandwich,2023-05-25,Cash,In-store
5524,TXN_5947264,5.0,1.0,5.0,Salad,2023-03-07,Cash,In-store
5525,TXN_5947976,2.0,3.0,6.0,Coffee,2023-05-21,Digital Wallet,In-store
5526,TXN_5949199,1.5,5.0,7.5,Tea,2023-02-28,Digital Wallet,In-store
5527,TXN_5949517,4.0,5.0,20.0,Sandwich,2023-12-31,Digital Wallet,In-store
5528,TXN_5949811,1.5,2.0,3.0,Tea,2023-02-21,Digital Wallet,In-store
5529,TXN_5950951,5.0,1.0,5.0,Salad,2023-04-10,Credit Card,In-store
5530,TXN_5951573,5.0,3.0,15.0,Salad,2023-12-22,Cash,In-store
5531,TXN_5954991,4.0,3.0,12.0,Sandwich,2023-08-07,Credit Card,Takeaway
5532,TXN_5956755,4.0,5.0,20.0,Sandwich,2023-03-05,Digital Wallet,Takeaway
5533,TXN_5958999,1.5,2.0,3.0,Tea,2023-04-13,Digital Wallet,In-store
5534,TXN_5960979,2.0,5.0,10.0,Coffee,2023-05-03,Digital Wallet,In-store
5535,TXN_5961027,3.0,2.0,6.0,Cake,2023-05-03,Cash,In-store
5536,TXN_5962196,4.0,2.0,8.0,Smoothie,2023-11-29,Cash,Takeaway
5537,TXN_5962237,3.0,1.0,3.0,Juice,2023-10-31,Digital Wallet,Takeaway
5538,TXN_5963316,1.5,2.0,3.0,Tea,2023-06-25,Credit Card,Takeaway
5539,TXN_5963749,3.0,1.0,3.0,Cake,2023-11-04,Digital Wallet,In-store
5540,TXN_5965095,5.0,4.0,20.0,Salad,2023-06-16,Digital Wallet,In-store
5541,TXN_5965422,2.0,2.0,4.0,Coffee,2023-06-20,Credit Card,Takeaway
5542,TXN_5966744,1.5,3.0,4.5,Tea,2023-12-13,Digital Wallet,In-store
5543,TXN_5966765,3.0,5.0,15.0,Cake,2023-11-09,Credit Card,Takeaway
5544,TXN_5967452,3.0,5.0,15.0,Juice,2023-03-07,Credit Card,In-store
5545,TXN_5968705,4.0,3.0,12.0,Sandwich,2023-12-16,Credit Card,Takeaway
5546,TXN_5968921,5.0,5.0,25.0,Salad,2023-10-10,Credit Card,Takeaway
5547,TXN_5969754,1.5,4.0,6.0,Tea,2023-01-29,Digital Wallet,Takeaway
5548,TXN_5970304,5.0,4.0,20.0,Salad,2023-07-14,Credit Card,In-store
5549,TXN_5972836,4.0,3.0,12.0,Sandwich,2023-02-14,Cash,Takeaway
5550,TXN_5974123,4.0,2.0,8.0,Sandwich,2023-06-25,Digital Wallet,In-store
5551,TXN_5974791,1.0,2.0,2.0,Cookie,2023-10-22,Cash,Takeaway
5552,TXN_5974796,4.0,4.0,16.0,Sandwich,2023-11-09,Cash,In-store
5553,TXN_5975573,1.0,1.0,1.0,Cookie,2023-01-20,Digital Wallet,Takeaway
5554,TXN_5977414,3.0,2.0,6.0,Cake,2023-08-06,Credit Card,In-store
5555,TXN_5981429,3.0,2.0,6.0,Juice,2023-12-24,Digital Wallet,In-store
5556,TXN_5982786,3.0,4.0,12.0,Juice,2023-12-26,Credit Card,In-store
5557,TXN_5983031,3.0,3.0,9.0,Juice,2023-03-09,Digital Wallet,In-store
5558,TXN_5985451,4.0,2.0,8.0,Sandwich,2023-07-24,Credit Card,In-store
5559,TXN_5985513,4.0,2.0,8.0,Sandwich,2023-08-02,Credit Card,In-store
5560,TXN_5989987,4.0,4.0,16.0,Smoothie,2023-08-02,Cash,In-store
5561,TXN_5991995,3.0,1.0,3.0,Cake,2023-01-08,Digital Wallet,In-store
5562,TXN_5992166,3.0,5.0,15.0,Juice,2023-10-01,Cash,Takeaway
5563,TXN_5992635,2.0,4.0,8.0,Coffee,2023-10-01,Digital Wallet,Takeaway
5564,TXN_5993677,3.0,4.0,12.0,Cake,2023-01-28,Cash,Takeaway
5565,TXN_5994713,1.5,3.0,4.5,Tea,2023-03-05,Digital Wallet,Takeaway
5566,TXN_5996894,3.0,1.0,3.0,Juice,2023-06-12,Credit Card,In-store
5567,TXN_5996973,4.0,5.0,20.0,Sandwich,2023-05-02,Credit Card,In-store
5568,TXN_5997803,2.0,5.0,10.0,Coffee,2023-12-03,Digital Wallet,In-store
5569,TXN_5998419,3.0,4.0,12.0,Juice,2023-09-26,Digital Wallet,Takeaway
5570,TXN_5999810,4.0,4.0,16.0,Sandwich,2023-06-19,Credit Card,Takeaway
5571,TXN_6000201,1.0,3.0,3.0,Cookie,2023-02-16,Cash,Takeaway
5572,TXN_6000890,2.0,3.0,6.0,Coffee,2023-01-06,Digital Wallet,In-store
5573,TXN_6004431,4.0,2.0,8.0,Sandwich,2023-04-07,Cash,Takeaway
5574,TXN_6004967,5.0,4.0,20.0,Salad,2023-01-13,Credit Card,In-store
5575,TXN_6005707,3.0,4.0,12.0,Juice,2023-02-06,Cash,In-store
5576,TXN_6007079,1.0,2.0,2.0,Cookie,2023-10-09,Credit Card,In-store
5577,TXN_6007437,3.0,1.0,3.0,Juice,2023-11-22,Credit Card,In-store
5578,TXN_6007721,4.0,4.0,16.0,Sandwich,2023-08-21,Cash,In-store
5579,TXN_6008133,2.0,3.0,6.0,Coffee,2023-11-08,Digital Wallet,Takeaway
5580,TXN_6009395,4.0,4.0,16.0,Sandwich,2023-07-20,Cash,In-store
5581,TXN_6011106,3.0,2.0,6.0,Juice,2023-09-07,Digital Wallet,In-store
5582,TXN_6011304,3.0,4.0,12.0,Cake,2023-11-20,Cash,Takeaway
5583,TXN_6011341,3.0,4.0,12.0,Juice,2023-12-21,Digital Wallet,In-store
5584,TXN_6011884,1.5,5.0,7.5,Tea,2023-12-25,Digital Wallet,In-store
5585,TXN_6012446,4.0,4.0,16.0,Smoothie,2023-07-20,Cash,Takeaway
5586,TXN_6012728,3.0,4.0,12.0,Cake,2023-05-09,Credit Card,In-store
5587,TXN_6013024,3.0,3.0,9.0,Juice,2023-09-06,Credit Card,Takeaway
5588,TXN_6013295,3.0,2.0,6.0,Juice,2023-11-07,Cash,Takeaway
5589,TXN_6014389,1.0,5.0,5.0,Cookie,2023-07-21,Credit Card,In-store
5590,TXN_6016707,3.0,1.0,3.0,Juice,2023-06-27,Cash,In-store
5591,TXN_6017034,3.0,4.0,12.0,Cake,2023-10-06,Cash,Takeaway
5592,TXN_6017458,5.0,5.0,25.0,Salad,2023-04-23,Credit Card,In-store
5593,TXN_6018020,1.0,2.0,2.0,Cookie,2023-01-12,Credit Card,Takeaway
5594,TXN_6018740,4.0,2.0,8.0,Smoothie,2023-01-12,Digital Wallet,Takeaway
5595,TXN_6020552,4.0,2.0,8.0,Sandwich,2023-01-14,Cash,Takeaway
5596,TXN_6021173,3.0,5.0,15.0,Juice,2023-12-16,Cash,Takeaway
5597,TXN_6021363,4.0,2.0,8.0,Sandwich,2023-01-11,Credit Card,Takeaway
5598,TXN_6022618,4.0,1.0,4.0,Smoothie,2023-12-18,Digital Wallet,In-store
5599,TXN_6023823,1.0,2.0,2.0,Cookie,2023-04-20,Digital Wallet,Takeaway
5600,TXN_6024139,3.0,4.0,12.0,Juice,2023-08-15,Digital Wallet,In-store
5601,TXN_6024625,2.0,5.0,10.0,Coffee,2023-09-13,Digital Wallet,Takeaway
5602,TXN_6025054,2.0,1.0,2.0,Coffee,2023-03-10,Credit Card,Takeaway
5603,TXN_6026451,3.0,2.0,6.0,Juice,2023-11-06,Cash,In-store
5604,TXN_6027031,3.0,5.0,15.0,Juice,2023-11-15,Credit Card,In-store
5605,TXN_6027500,4.0,4.0,16.0,Smoothie,2023-09-22,Digital Wallet,In-store
5606,TXN_6027798,1.0,2.0,2.0,Cookie,2023-05-26,Digital Wallet,Takeaway
5607,TXN_6027923,5.0,1.0,5.0,Salad,2023-07-23,Digital Wallet,Takeaway
5608,TXN_6028331,3.0,4.0,12.0,Cake,2023-10-22,Cash,Takeaway
5609,TXN_6028915,4.0,5.0,20.0,Sandwich,2023-12-24,Cash,In-store
5610,TXN_6029333,3.0,1.0,3.0,Cake,2023-06-10,Cash,Takeaway
5611,TXN_6030518,4.0,3.0,12.0,Sandwich,2023-12-20,Credit Card,In-store
5612,TXN_6034596,5.0,1.0,5.0,Salad,2023-04-07,Cash,Takeaway
5613,TXN_6034709,2.0,2.0,4.0,Coffee,2023-06-16,Credit Card,Takeaway
5614,TXN_6034785,2.0,3.0,6.0,Coffee,2023-06-17,Digital Wallet,Takeaway
5615,TXN_6034920,1.0,1.0,1.0,Cookie,2023-09-09,Credit Card,In-store
5616,TXN_6035512,3.0,5.0,15.0,Cake,2023-02-19,Cash,Takeaway
5617,TXN_6035534,5.0,4.0,20.0,Salad,2023-12-18,Credit Card,In-store
5618,TXN_6036240,3.0,4.0,12.0,Cake,2023-10-30,Credit Card,In-store
5619,TXN_6036254,2.0,3.0,6.0,Coffee,2023-09-20,Credit Card,Takeaway
5620,TXN_6036409,1.5,5.0,7.5,Tea,2023-02-16,Cash,Takeaway
5621,TXN_6036520,2.0,5.0,10.0,Coffee,2023-09-15,Cash,Takeaway
5622,TXN_6037144,1.5,3.0,4.5,Tea,2023-09-02,Cash,Takeaway
5623,TXN_6037712,5.0,3.0,15.0,Salad,2023-08-10,Credit Card,In-store
5624,TXN_6037924,2.0,4.0,8.0,Coffee,2023-11-14,Digital Wallet,Takeaway
5625,TXN_6038791,3.0,2.0,6.0,Juice,2023-03-06,Digital Wallet,In-store
5626,TXN_6039235,3.0,2.0,6.0,Juice,2023-06-25,Digital Wallet,In-store
5627,TXN_6039321,5.0,2.0,10.0,Salad,2023-02-15,Credit Card,In-store
5628,TXN_6040824,4.0,1.0,4.0,Sandwich,2023-01-07,Cash,In-store
5629,TXN_6040882,1.0,1.0,1.0,Cookie,2023-06-06,Cash,In-store
5630,TXN_6043396,4.0,3.0,12.0,Sandwich,2023-10-07,Credit Card,In-store
5631,TXN_6044312,3.0,2.0,6.0,Cake,2023-01-03,Cash,In-store
5632,TXN_6044979,1.0,1.0,1.0,Cookie,2023-12-08,Cash,In-store
5633,TXN_6045577,2.0,3.0,6.0,Coffee,2023-07-06,Credit Card,Takeaway
5634,TXN_6046363,4.0,5.0,20.0,Smoothie,2023-03-20,Digital Wallet,Takeaway
5635,TXN_6046604,1.0,5.0,5.0,Cookie,2023-06-29,Credit Card,Takeaway
5636,TXN_6047026,4.0,2.0,8.0,Smoothie,2023-03-24,Digital Wallet,In-store
5637,TXN_6047710,4.0,3.0,12.0,Smoothie,2023-06-16,Digital Wallet,Takeaway
5638,TXN_6047742,4.0,5.0,20.0,Smoothie,2023-12-11,Digital Wallet,In-store
5639,TXN_6049240,3.0,1.0,3.0,Juice,2023-05-31,Cash,In-store
5640,TXN_6050844,1.5,2.0,3.0,Tea,2023-03-12,Digital Wallet,In-store
5641,TXN_6052534,5.0,4.0,20.0,Salad,2023-02-19,Cash,In-store
5642,TXN_6052901,4.0,5.0,20.0,Smoothie,2023-08-16,Credit Card,Takeaway
5643,TXN_6053617,4.0,2.0,8.0,Sandwich,2023-11-25,Credit Card,In-store
5644,TXN_6053755,1.0,4.0,4.0,Cookie,2023-01-18,Digital Wallet,Takeaway
5645,TXN_6054137,3.0,3.0,9.0,Juice,2023-05-09,Digital Wallet,In-store
5646,TXN_6055428,5.0,5.0,25.0,Salad,2023-02-25,Cash,Takeaway
5647,TXN_6055570,1.5,3.0,4.5,Tea,2023-02-06,Cash,In-store
5648,TXN_6057379,5.0,5.0,25.0,Salad,2023-03-18,Credit Card,Takeaway
5649,TXN_6057914,4.0,2.0,8.0,Smoothie,2023-03-18,Digital Wallet,In-store
5650,TXN_6059878,5.0,3.0,15.0,Salad,2023-01-23,Digital Wallet,In-store
5651,TXN_6060764,4.0,3.0,12.0,Smoothie,2023-01-23,Digital Wallet,In-store
5652,TXN_6063689,1.0,3.0,3.0,Cookie,2023-02-01,Cash,In-store
5653,TXN_6063966,3.0,2.0,6.0,Juice,2023-10-24,Digital Wallet,Takeaway
5654,TXN_6064232,1.5,2.0,3.0,Tea,2023-04-09,Credit Card,Takeaway
5655,TXN_6064282,4.0,4.0,16.0,Smoothie,2023-10-18,Credit Card,In-store
5656,TXN_6064301,1.0,1.0,1.0,Cookie,2023-07-12,Credit Card,Takeaway
5657,TXN_6064400,4.0,5.0,20.0,Sandwich,2023-07-06,Credit Card,In-store
5658,TXN_6066433,1.5,2.0,3.0,Tea,2023-06-17,Cash,In-store
5659,TXN_6066883,3.0,2.0,6.0,Cake,2023-12-21,Credit Card,Takeaway
5660,TXN_6067546,1.5,5.0,7.5,Tea,2023-08-25,Digital Wallet,Takeaway
5661,TXN_6067979,4.0,1.0,4.0,Sandwich,2023-07-29,Credit Card,In-store
5662,TXN_6068074,4.0,2.0,8.0,Smoothie,2023-06-01,Cash,In-store
5663,TXN_6068148,3.0,3.0,9.0,Cake,2023-08-11,Cash,In-store
5664,TXN_6068564,3.0,4.0,12.0,Cake,2023-09-28,Credit Card,Takeaway
5665,TXN_6069730,3.0,1.0,3.0,Juice,2023-02-05,Cash,In-store
5666,TXN_6070523,2.0,4.0,8.0,Coffee,2023-02-05,Cash,Takeaway
5667,TXN_6070787,4.0,3.0,12.0,Sandwich,2023-02-26,Credit Card,In-store
5668,TXN_6071202,1.0,1.0,1.0,Cookie,2023-06-07,Cash,In-store
5669,TXN_6071339,2.0,5.0,10.0,Coffee,2023-10-17,Cash,Takeaway
5670,TXN_6071866,1.5,4.0,6.0,Tea,2023-10-14,Digital Wallet,In-store
5671,TXN_6071905,3.0,1.0,3.0,Cake,2023-11-06,Cash,In-store
5672,TXN_6073195,4.0,3.0,12.0,Sandwich,2023-09-13,Credit Card,Takeaway
5673,TXN_6074414,5.0,2.0,10.0,Salad,2023-11-13,Credit Card,In-store
5674,TXN_6076602,1.5,4.0,6.0,Tea,2023-02-07,Credit Card,In-store
5675,TXN_6077816,3.0,3.0,9.0,Cake,2023-09-26,Credit Card,Takeaway
5676,TXN_6078834,4.0,1.0,4.0,Smoothie,2023-04-28,Digital Wallet,Takeaway
5677,TXN_6079741,1.0,4.0,4.0,Cookie,2023-01-02,Digital Wallet,Takeaway
5678,TXN_6083650,2.0,2.0,4.0,Coffee,2023-07-01,Digital Wallet,Takeaway
5679,TXN_6085326,3.0,2.0,6.0,Cake,2023-08-22,Cash,Takeaway
5680,TXN_6086123,3.0,3.0,9.0,Juice,2023-11-17,Credit Card,Takeaway
5681,TXN_6086709,3.0,5.0,15.0,Juice,2023-07-07,Digital Wallet,In-store
5682,TXN_6087494,3.0,5.0,15.0,Juice,2023-07-05,Credit Card,In-store
5683,TXN_6087578,1.5,1.0,1.5,Tea,2023-12-17,Credit Card,In-store
5684,TXN_6087604,4.0,4.0,16.0,Sandwich,2023-01-27,Digital Wallet,In-store
5685,TXN_6090715,3.0,3.0,9.0,Juice,2023-11-14,Credit Card,In-store
5686,TXN_6091431,1.5,3.0,4.5,Tea,2023-11-16,Credit Card,In-store
5687,TXN_6091542,3.0,5.0,15.0,Juice,2023-01-17,Digital Wallet,Takeaway
5688,TXN_6091543,2.0,3.0,6.0,Coffee,2023-07-04,Digital Wallet,In-store
5689,TXN_6092344,1.0,5.0,5.0,Cookie,2023-12-04,Credit Card,Takeaway
5690,TXN_6093331,4.0,2.0,8.0,Smoothie,2023-06-24,Credit Card,In-store
5691,TXN_6093955,1.5,5.0,7.5,Tea,2023-01-01,Digital Wallet,Takeaway
5692,TXN_6096492,4.0,5.0,20.0,Sandwich,2023-12-23,Credit Card,Takeaway
5693,TXN_6097144,3.0,5.0,15.0,Juice,2023-01-27,Digital Wallet,Takeaway
5694,TXN_6097664,5.0,4.0,20.0,Salad,2023-11-27,Digital Wallet,In-store
5695,TXN_6097706,4.0,4.0,16.0,Sandwich,2023-02-15,Cash,Takeaway
5696,TXN_6097759,4.0,4.0,16.0,Smoothie,2023-06-18,Cash,In-store
5697,TXN_6098702,2.0,3.0,6.0,Coffee,2023-10-15,Credit Card,Takeaway
5698,TXN_6101067,4.0,1.0,4.0,Smoothie,2023-09-05,Credit Card,Takeaway
5699,TXN_6104335,4.0,2.0,8.0,Smoothie,2023-11-13,Credit Card,In-store
5700,TXN_6105240,3.0,5.0,15.0,Juice,2023-11-27,Digital Wallet,In-store
5701,TXN_6105807,4.0,3.0,12.0,Smoothie,2023-01-18,Credit Card,Takeaway
5702,TXN_6108428,3.0,3.0,9.0,Cake,2023-05-08,Digital Wallet,Takeaway
5703,TXN_6109953,3.0,3.0,9.0,Juice,2023-04-22,Digital Wallet,Takeaway
5704,TXN_6110009,3.0,5.0,15.0,Juice,2023-12-26,Digital Wallet,Takeaway
5705,TXN_6110108,1.5,5.0,7.5,Tea,2023-02-10,Digital Wallet,Takeaway
5706,TXN_6110386,4.0,1.0,4.0,Smoothie,2023-03-17,Cash,In-store
5707,TXN_6110769,1.0,2.0,2.0,Cookie,2023-03-02,Digital Wallet,Takeaway
5708,TXN_6111710,5.0,3.0,15.0,Salad,2023-06-18,Credit Card,In-store
5709,TXN_6112765,2.0,2.0,4.0,Coffee,2023-07-21,Credit Card,Takeaway
5710,TXN_6113452,4.0,2.0,8.0,Sandwich,2023-09-21,Cash,Takeaway
5711,TXN_6113724,2.0,1.0,2.0,Coffee,2023-03-26,Digital Wallet,Takeaway
5712,TXN_6113876,3.0,3.0,9.0,Cake,2023-03-01,Cash,In-store
5713,TXN_6117421,3.0,2.0,6.0,Cake,2023-05-04,Cash,Takeaway
5714,TXN_6117497,2.0,2.0,4.0,Coffee,2023-02-13,Digital Wallet,In-store
5715,TXN_6118079,2.0,1.0,2.0,Coffee,2023-07-01,Digital Wallet,Takeaway
5716,TXN_6119081,2.0,2.0,4.0,Coffee,2023-09-27,Cash,In-store
5717,TXN_6119612,3.0,3.0,9.0,Juice,2023-12-25,Cash,In-store
5718,TXN_6119798,5.0,1.0,5.0,Salad,2023-09-19,Credit Card,In-store
5719,TXN_6119823,1.5,2.0,3.0,Tea,2023-06-13,Digital Wallet,Takeaway
5720,TXN_6120851,5.0,5.0,25.0,Salad,2023-02-04,Cash,Takeaway
5721,TXN_6121301,4.0,5.0,20.0,Smoothie,2023-01-07,Digital Wallet,Takeaway
5722,TXN_6122423,5.0,4.0,20.0,Salad,2023-09-28,Cash,In-store
5723,TXN_6123007,2.0,3.0,6.0,Coffee,2023-05-28,Digital Wallet,Takeaway
5724,TXN_6123633,5.0,3.0,15.0,Salad,2023-01-16,Cash,In-store
5725,TXN_6124342,3.0,3.0,9.0,Cake,2023-09-14,Cash,Takeaway
5726,TXN_6125085,3.0,3.0,9.0,Juice,2023-05-24,Digital Wallet,Takeaway
5727,TXN_6125646,1.0,2.0,2.0,Cookie,2023-06-12,Digital Wallet,Takeaway
5728,TXN_6126149,1.5,2.0,3.0,Tea,2023-06-12,Digital Wallet,In-store
5729,TXN_6127474,1.0,5.0,5.0,Cookie,2023-09-17,Cash,In-store
5730,TXN_6128086,1.5,4.0,6.0,Tea,2023-12-26,Digital Wallet,Takeaway
5731,TXN_6128621,5.0,3.0,15.0,Salad,2023-11-10,Digital Wallet,In-store
5732,TXN_6128966,4.0,3.0,12.0,Sandwich,2023-12-18,Credit Card,In-store
5733,TXN_6129205,4.0,5.0,20.0,Sandwich,2023-07-20,Cash,In-store
5734,TXN_6129460,3.0,5.0,15.0,Juice,2023-11-19,Cash,In-store
5735,TXN_6130281,4.0,2.0,8.0,Sandwich,2023-01-18,Cash,In-store
5736,TXN_6130455,1.5,2.0,3.0,Tea,2023-01-18,Digital Wallet,In-store
5737,TXN_6131195,5.0,1.0,5.0,Salad,2023-10-24,Cash,In-store
5738,TXN_6131350,4.0,2.0,8.0,Sandwich,2023-09-28,Credit Card,In-store
5739,TXN_6131415,1.5,5.0,7.5,Tea,2023-11-24,Digital Wallet,In-store
5740,TXN_6132245,5.0,2.0,10.0,Salad,2023-06-01,Digital Wallet,In-store
5741,TXN_6132959,5.0,5.0,25.0,Salad,2023-07-01,Digital Wallet,In-store
5742,TXN_6133115,4.0,5.0,20.0,Smoothie,2023-12-08,Digital Wallet,In-store
5743,TXN_6133971,4.0,5.0,20.0,Smoothie,2023-04-18,Credit Card,In-store
5744,TXN_6135727,3.0,4.0,12.0,Juice,2023-12-15,Digital Wallet,Takeaway
5745,TXN_6137394,4.0,1.0,4.0,Sandwich,2023-11-22,Credit Card,In-store
5746,TXN_6137985,2.0,5.0,10.0,Coffee,2023-03-15,Credit Card,In-store
5747,TXN_6142529,1.5,5.0,7.5,Tea,2023-07-21,Credit Card,In-store
5748,TXN_6142549,3.0,3.0,9.0,Juice,2023-03-12,Digital Wallet,In-store
5749,TXN_6144244,3.0,3.0,9.0,Juice,2023-01-08,Cash,In-store
5750,TXN_6145837,3.0,5.0,15.0,Cake,2023-08-27,Digital Wallet,Takeaway
5751,TXN_6146889,3.0,2.0,6.0,Juice,2023-09-01,Digital Wallet,Takeaway
5752,TXN_6148337,1.0,2.0,2.0,Cookie,2023-09-27,Digital Wallet,In-store
5753,TXN_6148397,1.5,4.0,6.0,Tea,2023-03-20,Digital Wallet,In-store
5754,TXN_6148776,2.0,5.0,10.0,Coffee,2023-03-02,Digital Wallet,Takeaway
5755,TXN_6148811,1.5,5.0,7.5,Tea,2023-06-18,Credit Card,Takeaway
5756,TXN_6149247,4.0,3.0,12.0,Sandwich,2023-09-21,Credit Card,Takeaway
5757,TXN_6149748,5.0,3.0,15.0,Salad,2023-07-06,Credit Card,In-store
5758,TXN_6149800,4.0,4.0,16.0,Sandwich,2023-05-05,Digital Wallet,In-store
5759,TXN_6152588,2.0,3.0,6.0,Coffee,2023-11-21,Cash,Takeaway
5760,TXN_6154626,4.0,5.0,20.0,Smoothie,2023-05-06,Digital Wallet,Takeaway
5761,TXN_6154823,4.0,5.0,20.0,Sandwich,2023-11-16,Digital Wallet,Takeaway
5762,TXN_6156180,2.0,5.0,10.0,Coffee,2023-07-25,Cash,Takeaway
5763,TXN_6158518,1.0,5.0,5.0,Cookie,2023-09-28,Cash,Takeaway
5764,TXN_6158834,2.0,2.0,4.0,Coffee,2023-09-23,Credit Card,Takeaway
5765,TXN_6158865,1.0,1.0,1.0,Cookie,2023-11-27,Digital Wallet,Takeaway
5766,TXN_6159539,3.0,1.0,3.0,Juice,2023-01-12,Digital Wallet,In-store
5767,TXN_6160209,5.0,3.0,15.0,Salad,2023-07-28,Cash,In-store
5768,TXN_6162668,5.0,4.0,20.0,Salad,2023-03-30,Digital Wallet,In-store
5769,TXN_6164035,1.0,1.0,1.0,Cookie,2023-03-30,Credit Card,Takeaway
5770,TXN_6167259,3.0,2.0,6.0,Juice,2023-04-14,Digital Wallet,In-store
5771,TXN_6169248,3.0,5.0,15.0,Juice,2023-08-12,Credit Card,In-store
5772,TXN_6169633,5.0,4.0,20.0,Salad,2023-12-20,Credit Card,Takeaway
5773,TXN_6170729,4.0,3.0,12.0,Sandwich,2023-11-07,Cash,In-store
5774,TXN_6171384,4.0,2.0,8.0,Smoothie,2023-09-12,Credit Card,In-store
5775,TXN_6172528,4.0,3.0,12.0,Smoothie,2023-05-18,Credit Card,In-store
5776,TXN_6177081,1.0,1.0,1.0,Cookie,2023-07-26,Cash,Takeaway
5777,TXN_6177161,1.5,5.0,7.5,Tea,2023-04-01,Credit Card,In-store
5778,TXN_6177334,3.0,1.0,3.0,Juice,2023-02-15,Credit Card,In-store
5779,TXN_6177865,3.0,5.0,15.0,Juice,2023-01-30,Digital Wallet,In-store
5780,TXN_6178152,1.5,5.0,7.5,Tea,2023-12-26,Digital Wallet,In-store
5781,TXN_6179169,4.0,2.0,8.0,Sandwich,2023-10-21,Cash,In-store
5782,TXN_6179190,2.0,1.0,2.0,Coffee,2023-07-23,Digital Wallet,Takeaway
5783,TXN_6181456,1.0,1.0,1.0,Cookie,2023-05-08,Digital Wallet,Takeaway
5784,TXN_6182856,3.0,4.0,12.0,Cake,2023-04-02,Credit Card,Takeaway
5785,TXN_6183513,3.0,3.0,9.0,Juice,2023-12-22,Digital Wallet,In-store
5786,TXN_6183842,1.5,3.0,4.5,Tea,2023-09-15,Digital Wallet,In-store
5787,TXN_6184247,3.0,1.0,3.0,Juice,2023-09-15,Digital Wallet,In-store
5788,TXN_6187083,3.0,5.0,15.0,Cake,2023-06-02,Cash,In-store
5789,TXN_6187752,4.0,5.0,20.0,Smoothie,2023-12-24,Digital Wallet,Takeaway
5790,TXN_6188262,3.0,1.0,3.0,Juice,2023-10-24,Cash,Takeaway
5791,TXN_6188306,5.0,1.0,5.0,Salad,2023-10-26,Cash,Takeaway
5792,TXN_6188394,3.0,5.0,15.0,Juice,2023-10-05,Credit Card,In-store
5793,TXN_6188931,3.0,5.0,15.0,Cake,2023-01-28,Digital Wallet,In-store
5794,TXN_6189334,4.0,1.0,4.0,Sandwich,2023-01-12,Cash,In-store
5795,TXN_6189486,4.0,5.0,20.0,Sandwich,2023-03-23,Credit Card,Takeaway
5796,TXN_6190857,1.5,1.0,1.5,Tea,2023-10-14,Digital Wallet,In-store
5797,TXN_6191123,1.0,2.0,2.0,Cookie,2023-03-01,Digital Wallet,Takeaway
5798,TXN_6191769,5.0,1.0,5.0,Salad,2023-05-17,Credit Card,Takeaway
5799,TXN_6193929,3.0,5.0,15.0,Juice,2023-06-20,Digital Wallet,Takeaway
5800,TXN_6196052,4.0,5.0,20.0,Smoothie,2023-04-07,Cash,Takeaway
5801,TXN_6198799,5.0,1.0,5.0,Salad,2023-05-27,Cash,In-store
5802,TXN_6199016,3.0,1.0,3.0,Juice,2023-02-14,Digital Wallet,In-store
5803,TXN_6200423,1.0,1.0,1.0,Cookie,2023-02-03,Digital Wallet,In-store
5804,TXN_6200609,5.0,5.0,25.0,Salad,2023-04-12,Digital Wallet,Takeaway
5805,TXN_6201227,5.0,2.0,10.0,Salad,2023-01-15,Cash,Takeaway
5806,TXN_6202015,1.0,2.0,2.0,Cookie,2023-08-22,Credit Card,Takeaway
5807,TXN_6202035,1.5,2.0,3.0,Tea,2023-09-06,Digital Wallet,In-store
5808,TXN_6202631,1.5,2.0,3.0,Tea,2023-07-29,Digital Wallet,Takeaway
5809,TXN_6204081,3.0,1.0,3.0,Cake,2023-07-12,Digital Wallet,Takeaway
5810,TXN_6205234,3.0,5.0,15.0,Cake,2023-04-09,Digital Wallet,Takeaway
5811,TXN_6206171,3.0,1.0,3.0,Cake,2023-03-19,Digital Wallet,Takeaway
5812,TXN_6206421,4.0,2.0,8.0,Sandwich,2023-04-06,Credit Card,In-store
5813,TXN_6206679,1.5,1.0,1.5,Tea,2023-05-01,Digital Wallet,In-store
5814,TXN_6206792,1.5,4.0,6.0,Tea,2023-10-13,Credit Card,In-store
5815,TXN_6208034,3.0,1.0,3.0,Cake,2023-08-29,Digital Wallet,Takeaway
5816,TXN_6209258,3.0,1.0,3.0,Juice,2023-03-06,Credit Card,In-store
5817,TXN_6211466,1.5,2.0,3.0,Tea,2023-09-12,Cash,In-store
5818,TXN_6212975,4.0,1.0,4.0,Sandwich,2023-06-08,Credit Card,Takeaway
5819,TXN_6215303,5.0,4.0,20.0,Salad,2023-08-20,Cash,Takeaway
5820,TXN_6216278,2.0,4.0,8.0,Coffee,2023-11-06,Credit Card,In-store
5821,TXN_6217375,4.0,5.0,20.0,Smoothie,2023-12-07,Cash,In-store
5822,TXN_6218380,1.0,4.0,4.0,Cookie,2023-02-07,Cash,In-store
5823,TXN_6219454,1.5,1.0,1.5,Tea,2023-11-14,Cash,In-store
5824,TXN_6219634,5.0,1.0,5.0,Salad,2023-09-11,Cash,Takeaway
5825,TXN_6219977,1.0,2.0,2.0,Cookie,2023-12-17,Credit Card,Takeaway
5826,TXN_6220280,1.5,1.0,1.5,Tea,2023-02-15,Credit Card,In-store
5827,TXN_6220542,3.0,3.0,9.0,Juice,2023-03-24,Digital Wallet,Takeaway
5828,TXN_6221348,4.0,1.0,4.0,Sandwich,2023-03-28,Credit Card,In-store
5829,TXN_6223157,5.0,1.0,5.0,Salad,2023-09-13,Cash,Takeaway
5830,TXN_6223786,3.0,5.0,15.0,Cake,2023-07-05,Cash,Takeaway
5831,TXN_6224451,4.0,1.0,4.0,Sandwich,2023-03-19,Credit Card,In-store
5832,TXN_6225305,3.0,1.0,3.0,Cake,2023-05-05,Cash,Takeaway
5833,TXN_6225571,4.0,2.0,8.0,Smoothie,2023-09-13,Credit Card,Takeaway
5834,TXN_6226412,3.0,3.0,9.0,Juice,2023-03-20,Digital Wallet,Takeaway
5835,TXN_6226704,2.0,4.0,8.0,Coffee,2023-09-07,Digital Wallet,In-store
5836,TXN_6228313,3.0,4.0,12.0,Juice,2023-01-24,Digital Wallet,In-store
5837,TXN_6228847,4.0,3.0,12.0,Smoothie,2023-01-13,Cash,In-store
5838,TXN_6228918,3.0,1.0,3.0,Cake,2023-01-13,Digital Wallet,In-store
5839,TXN_6228999,1.0,5.0,5.0,Cookie,2023-02-07,Digital Wallet,Takeaway
5840,TXN_6231475,5.0,2.0,10.0,Salad,2023-03-18,Credit Card,In-store
5841,TXN_6232398,3.0,2.0,6.0,Juice,2023-07-05,Cash,In-store
5842,TXN_6233021,3.0,5.0,15.0,Juice,2023-12-22,Digital Wallet,Takeaway
5843,TXN_6234070,4.0,2.0,8.0,Smoothie,2023-01-31,Credit Card,Takeaway
5844,TXN_6234838,3.0,5.0,15.0,Juice,2023-10-30,Digital Wallet,In-store
5845,TXN_6234872,4.0,1.0,4.0,Smoothie,2023-12-23,Digital Wallet,In-store
5846,TXN_6234882,1.0,4.0,4.0,Cookie,2023-01-01,Credit Card,Takeaway
5847,TXN_6235329,5.0,2.0,10.0,Salad,2023-10-11,Digital Wallet,In-store
5848,TXN_6236737,3.0,5.0,15.0,Juice,2023-03-19,Cash,In-store
5849,TXN_6236864,1.5,2.0,3.0,Tea,2023-08-17,Digital Wallet,In-store
5850,TXN_6238191,4.0,4.0,16.0,Smoothie,2023-10-27,Digital Wallet,In-store
5851,TXN_6241505,4.0,4.0,16.0,Smoothie,2023-11-20,Cash,Takeaway
5852,TXN_6241682,4.0,3.0,12.0,Sandwich,2023-09-07,Credit Card,In-store
5853,TXN_6242107,2.0,3.0,6.0,Coffee,2023-11-14,Cash,Takeaway
5854,TXN_6243134,1.5,2.0,3.0,Tea,2023-11-14,Digital Wallet,In-store
5855,TXN_6243479,4.0,5.0,20.0,Sandwich,2023-09-18,Credit Card,In-store
5856,TXN_6243519,2.0,3.0,6.0,Coffee,2023-03-03,Cash,Takeaway
5857,TXN_6244211,4.0,2.0,8.0,Smoothie,2023-08-11,Digital Wallet,In-store
5858,TXN_6244602,3.0,5.0,15.0,Cake,2023-05-06,Digital Wallet,Takeaway
5859,TXN_6246494,2.0,3.0,6.0,Coffee,2023-03-31,Digital Wallet,In-store
5860,TXN_6249023,3.0,1.0,3.0,Juice,2023-11-03,Credit Card,In-store
5861,TXN_6249754,4.0,1.0,4.0,Smoothie,2023-10-21,Credit Card,Takeaway
5862,TXN_6250692,4.0,1.0,4.0,Sandwich,2023-09-01,Credit Card,In-store
5863,TXN_6251282,3.0,4.0,12.0,Juice,2023-11-15,Cash,In-store
5864,TXN_6252589,4.0,2.0,8.0,Smoothie,2023-11-15,Digital Wallet,In-store
5865,TXN_6254003,5.0,2.0,10.0,Salad,2023-11-02,Cash,In-store
5866,TXN_6257213,3.0,5.0,15.0,Juice,2023-12-12,Cash,In-store
5867,TXN_6257776,3.0,5.0,15.0,Juice,2023-10-28,Cash,In-store
5868,TXN_6258276,4.0,5.0,20.0,Sandwich,2023-01-29,Credit Card,In-store
5869,TXN_6258471,2.0,5.0,10.0,Coffee,2023-09-23,Digital Wallet,In-store
5870,TXN_6259001,1.5,4.0,6.0,Tea,2023-01-30,Digital Wallet,In-store
5871,TXN_6259087,4.0,2.0,8.0,Sandwich,2023-12-27,Digital Wallet,In-store
5872,TXN_6259827,3.0,2.0,6.0,Cake,2023-06-14,Credit Card,Takeaway
5873,TXN_6262910,3.0,4.0,12.0,Cake,2023-07-02,Cash,Takeaway
5874,TXN_6264113,2.0,4.0,8.0,Coffee,2023-12-02,Digital Wallet,Takeaway
5875,TXN_6264390,4.0,2.0,8.0,Sandwich,2023-06-29,Cash,In-store
5876,TXN_6265760,3.0,1.0,3.0,Cake,2023-06-21,Credit Card,Takeaway
5877,TXN_6265785,5.0,5.0,25.0,Salad,2023-08-26,Credit Card,Takeaway
5878,TXN_6266017,1.0,4.0,4.0,Cookie,2023-09-28,Digital Wallet,In-store
5879,TXN_6266147,3.0,3.0,9.0,Juice,2023-01-31,Credit Card,In-store
5880,TXN_6266187,1.5,5.0,7.5,Tea,2023-01-31,Credit Card,In-store
5881,TXN_6266750,4.0,1.0,4.0,Sandwich,2023-04-21,Cash,In-store
5882,TXN_6268823,4.0,2.0,8.0,Smoothie,2023-04-18,Digital Wallet,Takeaway
5883,TXN_6269119,3.0,2.0,6.0,Juice,2023-07-19,Digital Wallet,Takeaway
5884,TXN_6269306,4.0,5.0,20.0,Smoothie,2023-08-29,Credit Card,In-store
5885,TXN_6269540,4.0,3.0,12.0,Sandwich,2023-12-06,Credit Card,In-store
5886,TXN_6270766,1.0,1.0,1.0,Cookie,2023-11-10,Digital Wallet,In-store
5887,TXN_6271219,4.0,3.0,12.0,Sandwich,2023-06-07,Cash,In-store
5888,TXN_6271598,3.0,5.0,15.0,Juice,2023-08-18,Cash,In-store
5889,TXN_6271633,3.0,2.0,6.0,Juice,2023-03-07,Digital Wallet,In-store
5890,TXN_6272473,2.0,4.0,8.0,Coffee,2023-03-06,Cash,Takeaway
5891,TXN_6272674,2.0,3.0,6.0,Coffee,2023-09-12,Cash,Takeaway
5892,TXN_6272908,3.0,3.0,9.0,Juice,2023-12-01,Cash,Takeaway
5893,TXN_6273431,3.0,2.0,6.0,Juice,2023-04-05,Digital Wallet,In-store
5894,TXN_6273703,1.5,2.0,3.0,Tea,2023-12-24,Credit Card,In-store
5895,TXN_6276679,1.0,3.0,3.0,Cookie,2023-11-08,Digital Wallet,Takeaway
5896,TXN_6277500,2.0,4.0,8.0,Coffee,2023-01-09,Credit Card,Takeaway
5897,TXN_6279736,5.0,1.0,5.0,Salad,2023-08-25,Cash,In-store
5898,TXN_6280724,2.0,3.0,6.0,Coffee,2023-05-02,Credit Card,Takeaway
5899,TXN_6281616,2.0,4.0,8.0,Coffee,2023-08-19,Digital Wallet,Takeaway
5900,TXN_6281959,1.5,4.0,6.0,Tea,2023-03-16,Digital Wallet,In-store
5901,TXN_6283718,4.0,3.0,12.0,Smoothie,2023-07-20,Digital Wallet,Takeaway
5902,TXN_6286062,2.0,1.0,2.0,Coffee,2023-07-20,Credit Card,Takeaway
5903,TXN_6287890,1.5,5.0,7.5,Tea,2023-02-07,Credit Card,Takeaway
5904,TXN_6289180,3.0,1.0,3.0,Juice,2023-03-14,Cash,In-store
5905,TXN_6289610,3.0,3.0,9.0,Juice,2023-08-07,Cash,Takeaway
5906,TXN_6290642,2.0,4.0,8.0,Coffee,2023-12-23,Digital Wallet,Takeaway
5907,TXN_6293225,3.0,4.0,12.0,Cake,2023-07-02,Cash,Takeaway
5908,TXN_6294315,1.0,2.0,2.0,Cookie,2023-04-04,Digital Wallet,Takeaway
5909,TXN_6295047,1.5,4.0,6.0,Tea,2023-09-06,Digital Wallet,In-store
5910,TXN_6295420,3.0,1.0,3.0,Juice,2023-09-27,Digital Wallet,Takeaway
5911,TXN_6296806,4.0,2.0,8.0,Sandwich,2023-09-27,Credit Card,Takeaway
5912,TXN_6297232,2.0,3.0,9.0,Coffee,2023-04-07,Digital Wallet,Takeaway
5913,TXN_6297375,2.0,5.0,10.0,Coffee,2023-07-16,Digital Wallet,Takeaway
5914,TXN_6298532,4.0,4.0,16.0,Smoothie,2023-07-16,Digital Wallet,In-store
5915,TXN_6300001,1.5,1.0,1.5,Tea,2023-06-07,Digital Wallet,In-store
5916,TXN_6301600,3.0,4.0,12.0,Juice,2023-02-28,Digital Wallet,In-store
5917,TXN_6301984,3.0,5.0,15.0,Juice,2023-02-28,Digital Wallet,Takeaway
5918,TXN_6303383,3.0,4.0,12.0,Cake,2023-09-22,Digital Wallet,In-store
5919,TXN_6304285,3.0,5.0,15.0,Cake,2023-11-16,Digital Wallet,Takeaway
5920,TXN_6305420,1.0,3.0,3.0,Cookie,2023-06-17,Digital Wallet,In-store
5921,TXN_6306555,4.0,1.0,4.0,Smoothie,2023-04-12,Digital Wallet,Takeaway
5922,TXN_6306644,3.0,2.0,6.0,Juice,2023-06-15,Digital Wallet,In-store
5923,TXN_6306655,1.0,4.0,4.0,Cookie,2023-01-22,Digital Wallet,Takeaway
5924,TXN_6308974,1.0,4.0,4.0,Cookie,2023-10-02,Digital Wallet,In-store
5925,TXN_6309570,4.0,1.0,4.0,Smoothie,2023-09-26,Digital Wallet,In-store
5926,TXN_6309965,3.0,5.0,15.0,Cake,2023-06-14,Digital Wallet,Takeaway
5927,TXN_6310726,1.0,3.0,3.0,Cookie,2023-03-30,Credit Card,Takeaway
5928,TXN_6310896,4.0,1.0,4.0,Sandwich,2023-05-01,Credit Card,In-store
5929,TXN_6311602,3.0,3.0,9.0,Juice,2023-05-15,Credit Card,In-store
5930,TXN_6312039,3.0,5.0,15.0,Cake,2023-09-29,Cash,In-store
5931,TXN_6312755,4.0,2.0,8.0,Sandwich,2023-02-11,Credit Card,In-store
5932,TXN_6313325,1.0,5.0,5.0,Cookie,2023-07-07,Digital Wallet,Takeaway
5933,TXN_6315475,2.0,2.0,4.0,Coffee,2023-09-23,Digital Wallet,Takeaway
5934,TXN_6315590,1.5,5.0,7.5,Tea,2023-10-04,Digital Wallet,In-store
5935,TXN_6316959,1.5,2.0,3.0,Tea,2023-11-10,Cash,In-store
5936,TXN_6317991,1.0,5.0,5.0,Cookie,2023-03-03,Digital Wallet,In-store
5937,TXN_6318017,1.5,3.0,4.5,Tea,2023-06-23,Cash,In-store
5938,TXN_6319728,2.0,2.0,4.0,Coffee,2023-07-18,Credit Card,In-store
5939,TXN_6320502,3.0,4.0,12.0,Juice,2023-08-16,Credit Card,In-store
5940,TXN_6321174,1.5,4.0,6.0,Tea,2023-12-09,Digital Wallet,In-store
5941,TXN_6323914,3.0,1.0,3.0,Juice,2023-03-19,Credit Card,In-store
5942,TXN_6323915,1.5,3.0,4.5,Tea,2023-02-09,Credit Card,In-store
5943,TXN_6324434,2.0,4.0,8.0,Coffee,2023-12-04,Cash,Takeaway
5944,TXN_6324687,4.0,1.0,4.0,Smoothie,2023-03-03,Credit Card,Takeaway
5945,TXN_6324736,4.0,5.0,20.0,Sandwich,2023-03-03,Credit Card,In-store
5946,TXN_6324818,5.0,5.0,25.0,Salad,2023-06-26,Cash,In-store
5947,TXN_6325639,3.0,3.0,9.0,Juice,2023-07-19,Digital Wallet,In-store
5948,TXN_6327139,4.0,4.0,16.0,Sandwich,2023-07-19,Credit Card,Takeaway
5949,TXN_6327785,1.5,3.0,4.5,Tea,2023-11-20,Credit Card,In-store
5950,TXN_6328925,5.0,4.0,20.0,Salad,2023-09-05,Credit Card,In-store
5951,TXN_6330369,3.0,1.0,3.0,Juice,2023-01-25,Digital Wallet,In-store
5952,TXN_6332132,3.0,3.0,9.0,Juice,2023-01-25,Digital Wallet,Takeaway
5953,TXN_6332405,3.0,3.0,9.0,Juice,2023-12-03,Digital Wallet,Takeaway
5954,TXN_6333241,2.0,2.0,4.0,Coffee,2023-09-15,Digital Wallet,Takeaway
5955,TXN_6334895,4.0,1.0,4.0,Smoothie,2023-07-27,Credit Card,In-store
5956,TXN_6335297,3.0,3.0,9.0,Cake,2023-10-16,Cash,Takeaway
5957,TXN_6335423,2.0,2.0,4.0,Coffee,2023-06-18,Credit Card,In-store
5958,TXN_6335909,5.0,4.0,20.0,Salad,2023-06-21,Cash,In-store
5959,TXN_6336973,2.0,4.0,8.0,Coffee,2023-03-21,Digital Wallet,Takeaway
5960,TXN_6337189,3.0,1.0,3.0,Cake,2023-04-11,Cash,Takeaway
5961,TXN_6337312,5.0,1.0,5.0,Salad,2023-01-11,Cash,In-store
5962,TXN_6342161,5.0,5.0,25.0,Salad,2023-01-08,Cash,Takeaway
5963,TXN_6343367,3.0,2.0,6.0,Juice,2023-09-17,Digital Wallet,In-store
5964,TXN_6344003,3.0,1.0,3.0,Cake,2023-12-22,Cash,Takeaway
5965,TXN_6344738,5.0,4.0,20.0,Salad,2023-12-22,Credit Card,Takeaway
5966,TXN_6344806,3.0,3.0,9.0,Juice,2023-05-08,Credit Card,In-store
5967,TXN_6345619,3.0,5.0,15.0,Cake,2023-12-09,Digital Wallet,Takeaway
5968,TXN_6345691,4.0,5.0,20.0,Sandwich,2023-09-03,Credit Card,In-store
5969,TXN_6345733,2.0,1.0,2.0,Coffee,2023-11-26,Digital Wallet,In-store
5970,TXN_6346483,2.0,1.0,2.0,Coffee,2023-06-08,Credit Card,Takeaway
5971,TXN_6346774,3.0,3.0,9.0,Juice,2023-06-08,Cash,In-store
5972,TXN_6347472,1.5,1.0,1.5,Tea,2023-03-22,Digital Wallet,In-store
5973,TXN_6347482,1.5,2.0,3.0,Tea,2023-07-10,Digital Wallet,In-store
5974,TXN_6347567,3.0,5.0,15.0,Juice,2023-03-31,Cash,In-store
5975,TXN_6347670,1.5,2.0,3.0,Tea,2023-06-24,Digital Wallet,In-store
5976,TXN_6348290,2.0,4.0,8.0,Coffee,2023-01-24,Digital Wallet,In-store
5977,TXN_6348409,5.0,3.0,15.0,Salad,2023-07-26,Credit Card,Takeaway
5978,TXN_6349424,4.0,5.0,20.0,Sandwich,2023-02-24,Cash,Takeaway
5979,TXN_6349916,5.0,1.0,5.0,Salad,2023-07-09,Cash,In-store
5980,TXN_6352917,5.0,5.0,25.0,Salad,2023-05-05,Cash,In-store
5981,TXN_6355620,1.0,1.0,1.0,Cookie,2023-06-18,Cash,Takeaway
5982,TXN_6355908,4.0,3.0,12.0,Sandwich,2023-03-28,Credit Card,In-store
5983,TXN_6358073,4.0,3.0,12.0,Sandwich,2023-03-28,Credit Card,In-store
5984,TXN_6359031,2.0,1.0,2.0,Coffee,2023-02-28,Digital Wallet,Takeaway
5985,TXN_6359281,2.0,2.0,4.0,Coffee,2023-09-16,Credit Card,Takeaway
5986,TXN_6359777,4.0,5.0,20.0,Sandwich,2023-01-13,Credit Card,In-store
5987,TXN_6360132,4.0,4.0,16.0,Sandwich,2023-09-16,Cash,Takeaway
5988,TXN_6360436,3.0,2.0,6.0,Cake,2023-09-13,Digital Wallet,Takeaway
5989,TXN_6361309,3.0,5.0,15.0,Cake,2023-09-13,Cash,Takeaway
5990,TXN_6361593,4.0,4.0,16.0,Sandwich,2023-08-29,Digital Wallet,Takeaway
5991,TXN_6361661,4.0,2.0,8.0,Smoothie,2023-11-05,Cash,In-store
5992,TXN_6361856,1.0,5.0,5.0,Cookie,2023-05-11,Digital Wallet,Takeaway
5993,TXN_6362093,2.0,3.0,6.0,Coffee,2023-03-19,Digital Wallet,Takeaway
5994,TXN_6363733,1.5,1.0,1.5,Tea,2023-10-25,Digital Wallet,Takeaway
5995,TXN_6363897,5.0,5.0,25.0,Salad,2023-11-26,Credit Card,Takeaway
5996,TXN_6364938,2.0,3.0,6.0,Coffee,2023-07-16,Digital Wallet,In-store
5997,TXN_6365371,4.0,2.0,8.0,Sandwich,2023-06-16,Credit Card,In-store
5998,TXN_6367976,3.0,1.0,3.0,Juice,2023-10-16,Digital Wallet,In-store
5999,TXN_6368424,1.0,3.0,3.0,Cookie,2023-10-16,Digital Wallet,Takeaway
6000,TXN_6368719,3.0,4.0,12.0,Cake,2023-01-03,Credit Card,Takeaway
6001,TXN_6369590,5.0,5.0,25.0,Salad,2023-10-26,Digital Wallet,Takeaway
6002,TXN_6369875,1.5,5.0,7.5,Tea,2023-10-04,Cash,In-store
6003,TXN_6370625,4.0,3.0,12.0,Sandwich,2023-08-26,Credit Card,In-store
6004,TXN_6371264,4.0,5.0,20.0,Smoothie,2023-02-27,Cash,Takeaway
6005,TXN_6371987,1.5,5.0,7.5,Tea,2023-03-13,Digital Wallet,Takeaway
6006,TXN_6372031,3.0,3.0,9.0,Juice,2023-08-11,Digital Wallet,In-store
6007,TXN_6372515,1.0,1.0,1.0,Cookie,2023-11-22,Digital Wallet,In-store
6008,TXN_6373380,2.0,4.0,8.0,Coffee,2023-07-21,Cash,In-store
6009,TXN_6376175,3.0,4.0,12.0,Juice,2023-02-24,Digital Wallet,Takeaway
6010,TXN_6376329,3.0,1.0,3.0,Cake,2023-03-30,Cash,Takeaway
6011,TXN_6376630,3.0,2.0,6.0,Juice,2023-01-24,Cash,In-store
6012,TXN_6377597,1.0,1.0,1.0,Cookie,2023-01-24,Digital Wallet,In-store
6013,TXN_6377813,5.0,2.0,10.0,Salad,2023-08-07,Credit Card,In-store
6014,TXN_6377838,3.0,2.0,6.0,Cake,2023-02-19,Digital Wallet,Takeaway
6015,TXN_6378045,4.0,5.0,20.0,Sandwich,2023-05-07,Digital Wallet,In-store
6016,TXN_6378070,4.0,3.0,12.0,Sandwich,2023-09-26,Digital Wallet,In-store
6017,TXN_6378158,5.0,5.0,25.0,Salad,2023-06-17,Credit Card,In-store
6018,TXN_6379692,1.0,5.0,5.0,Cookie,2023-11-05,Digital Wallet,Takeaway
6019,TXN_6380550,2.0,5.0,10.0,Coffee,2023-01-05,Cash,In-store
6020,TXN_6380636,2.0,5.0,10.0,Coffee,2023-01-10,Digital Wallet,Takeaway
6021,TXN_6380978,1.5,1.0,1.5,Tea,2023-12-31,Cash,In-store
6022,TXN_6381860,2.0,1.0,2.0,Coffee,2023-08-21,Digital Wallet,In-store
6023,TXN_6382322,1.5,3.0,4.5,Tea,2023-12-14,Digital Wallet,In-store
6024,TXN_6383336,3.0,2.0,6.0,Cake,2023-01-21,Cash,Takeaway
6025,TXN_6383779,2.0,1.0,2.0,Coffee,2023-11-29,Digital Wallet,Takeaway
6026,TXN_6386388,1.5,3.0,4.5,Tea,2023-05-21,Credit Card,Takeaway
6027,TXN_6386662,5.0,5.0,25.0,Salad,2023-12-04,Credit Card,Takeaway
6028,TXN_6387334,4.0,5.0,20.0,Smoothie,2023-02-19,Digital Wallet,In-store
6029,TXN_6387964,1.5,5.0,7.5,Tea,2023-08-07,Digital Wallet,In-store
6030,TXN_6388090,3.0,4.0,12.0,Juice,2023-08-07,Digital Wallet,In-store
6031,TXN_6388107,3.0,3.0,9.0,Juice,2023-12-04,Digital Wallet,In-store
6032,TXN_6389404,3.0,5.0,15.0,Juice,2023-11-20,Digital Wallet,In-store
6033,TXN_6391414,4.0,4.0,16.0,Smoothie,2023-05-08,Cash,In-store
6034,TXN_6392156,1.0,5.0,5.0,Cookie,2023-11-12,Credit Card,Takeaway
6035,TXN_6393305,5.0,5.0,25.0,Salad,2023-10-19,Digital Wallet,In-store
6036,TXN_6395070,4.0,4.0,16.0,Smoothie,2023-12-10,Credit Card,In-store
6037,TXN_6396940,1.0,2.0,2.0,Cookie,2023-02-26,Credit Card,Takeaway
6038,TXN_6397921,4.0,1.0,4.0,Sandwich,2023-12-01,Credit Card,In-store
6039,TXN_6397944,5.0,5.0,25.0,Salad,2023-10-31,Cash,In-store
6040,TXN_6398450,1.5,2.0,3.0,Tea,2023-11-19,Digital Wallet,In-store
6041,TXN_6399545,4.0,4.0,16.0,Sandwich,2023-03-22,Credit Card,Takeaway
6042,TXN_6400351,3.0,2.0,6.0,Juice,2023-08-11,Digital Wallet,Takeaway
6043,TXN_6400461,2.0,4.0,8.0,Coffee,2023-01-18,Digital Wallet,Takeaway
6044,TXN_6401072,4.0,4.0,16.0,Smoothie,2023-07-28,Cash,Takeaway
6045,TXN_6402128,4.0,4.0,16.0,Sandwich,2023-11-09,Digital Wallet,In-store
6046,TXN_6403012,3.0,5.0,15.0,Juice,2023-07-23,Cash,In-store
6047,TXN_6403859,4.0,5.0,20.0,Sandwich,2023-03-06,Credit Card,In-store
6048,TXN_6403951,1.5,3.0,4.5,Tea,2023-07-13,Credit Card,Takeaway
6049,TXN_6404625,3.0,5.0,15.0,Cake,2023-04-24,Credit Card,Takeaway
6050,TXN_6404763,4.0,5.0,20.0,Sandwich,2023-11-13,Digital Wallet,Takeaway
6051,TXN_6405088,3.0,1.0,3.0,Juice,2023-07-24,Digital Wallet,In-store
6052,TXN_6405210,2.0,4.0,8.0,Coffee,2023-08-11,Cash,Takeaway
6053,TXN_6405258,1.5,2.0,3.0,Tea,2023-08-10,Credit Card,Takeaway
6054,TXN_6405489,4.0,3.0,12.0,Sandwich,2023-05-04,Credit Card,Takeaway
6055,TXN_6408024,1.0,3.0,3.0,Cookie,2023-11-29,Digital Wallet,In-store
6056,TXN_6410244,1.5,4.0,6.0,Tea,2023-01-06,Credit Card,Takeaway
6057,TXN_6411385,5.0,4.0,20.0,Salad,2023-06-06,Cash,Takeaway
6058,TXN_6411390,3.0,1.0,3.0,Juice,2023-09-07,Cash,In-store
6059,TXN_6411708,2.0,4.0,8.0,Coffee,2023-05-20,Credit Card,In-store
6060,TXN_6411716,3.0,4.0,12.0,Cake,2023-02-25,Credit Card,In-store
6061,TXN_6412590,5.0,1.0,5.0,Salad,2023-06-12,Digital Wallet,In-store
6062,TXN_6413250,5.0,4.0,20.0,Salad,2023-12-02,Cash,In-store
6063,TXN_6415784,5.0,3.0,15.0,Salad,2023-08-16,Cash,In-store
6064,TXN_6416741,2.0,4.0,8.0,Coffee,2023-12-03,Cash,Takeaway
6065,TXN_6419317,4.0,4.0,16.0,Sandwich,2023-02-25,Credit Card,In-store
6066,TXN_6419344,3.0,1.0,3.0,Juice,2023-05-26,Cash,In-store
6067,TXN_6419668,4.0,3.0,12.0,Sandwich,2023-04-29,Credit Card,In-store
6068,TXN_6420335,2.0,1.0,2.0,Coffee,2023-07-16,Cash,Takeaway
6069,TXN_6420900,1.5,3.0,4.5,Tea,2023-09-18,Digital Wallet,In-store
6070,TXN_6420902,3.0,3.0,9.0,Cake,2023-11-22,Credit Card,Takeaway
6071,TXN_6421134,4.0,4.0,16.0,Sandwich,2023-11-03,Cash,Takeaway
6072,TXN_6421446,3.0,2.0,6.0,Cake,2023-09-17,Cash,Takeaway
6073,TXN_6422433,4.0,5.0,20.0,Sandwich,2023-05-09,Digital Wallet,Takeaway
6074,TXN_6422545,3.0,2.0,6.0,Juice,2023-11-03,Credit Card,Takeaway
6075,TXN_6424195,2.0,3.0,6.0,Coffee,2023-09-14,Digital Wallet,Takeaway
6076,TXN_6424202,1.0,2.0,2.0,Cookie,2023-11-20,Credit Card,In-store
6077,TXN_6425706,3.0,1.0,3.0,Juice,2023-12-09,Digital Wallet,Takeaway
6078,TXN_6425954,4.0,2.0,8.0,Sandwich,2023-03-28,Credit Card,In-store
6079,TXN_6425991,5.0,1.0,5.0,Salad,2023-08-06,Credit Card,Takeaway
6080,TXN_6428182,3.0,5.0,15.0,Cake,2023-11-10,Cash,In-store
6081,TXN_6428404,5.0,2.0,10.0,Salad,2023-02-06,Digital Wallet,In-store
6082,TXN_6428593,1.5,5.0,7.5,Tea,2023-09-06,Digital Wallet,In-store
6083,TXN_6428745,3.0,1.0,3.0,Cake,2023-06-02,Cash,Takeaway
6084,TXN_6430534,1.5,5.0,7.5,Tea,2023-01-29,Cash,Takeaway
6085,TXN_6431215,3.0,1.0,3.0,Cake,2023-08-27,Cash,Takeaway
6086,TXN_6431384,3.0,4.0,12.0,Juice,2023-08-06,Digital Wallet,In-store
6087,TXN_6431703,4.0,1.0,4.0,Sandwich,2023-08-25,Credit Card,Takeaway
6088,TXN_6433362,1.0,2.0,2.0,Cookie,2023-12-07,Cash,In-store
6089,TXN_6433525,4.0,2.0,8.0,Smoothie,2023-09-02,Digital Wallet,In-store
6090,TXN_6434414,2.0,1.0,2.0,Coffee,2023-03-10,Digital Wallet,Takeaway
6091,TXN_6437055,3.0,1.0,3.0,Cake,2023-10-22,Cash,Takeaway
6092,TXN_6437181,3.0,4.0,12.0,Juice,2023-04-10,Credit Card,In-store
6093,TXN_6438869,3.0,5.0,15.0,Juice,2023-10-30,Credit Card,Takeaway
6094,TXN_6438980,5.0,2.0,10.0,Salad,2023-11-10,Credit Card,Takeaway
6095,TXN_6439579,1.5,5.0,7.5,Tea,2023-03-23,Credit Card,In-store
6096,TXN_6440109,3.0,2.0,6.0,Cake,2023-09-09,Cash,In-store
6097,TXN_6440365,4.0,2.0,8.0,Smoothie,2023-05-14,Cash,In-store
6098,TXN_6440555,4.0,1.0,4.0,Smoothie,2023-07-11,Cash,In-store
6099,TXN_6441337,2.0,5.0,10.0,Coffee,2023-02-22,Digital Wallet,Takeaway
6100,TXN_6441650,3.0,5.0,15.0,Cake,2023-09-06,Cash,Takeaway
6101,TXN_6443522,4.0,4.0,16.0,Smoothie,2023-06-22,Digital Wallet,In-store
6102,TXN_6444366,2.0,1.0,2.0,Coffee,2023-08-19,Digital Wallet,Takeaway
6103,TXN_6444911,3.0,5.0,15.0,Juice,2023-02-11,Credit Card,In-store
6104,TXN_6446441,5.0,3.0,15.0,Salad,2023-02-18,Digital Wallet,In-store
6105,TXN_6446616,1.5,3.0,4.5,Tea,2023-09-30,Digital Wallet,In-store
6106,TXN_6450138,3.0,1.0,3.0,Cake,2023-04-13,Credit Card,Takeaway
6107,TXN_6451043,1.0,2.0,2.0,Cookie,2023-02-06,Digital Wallet,In-store
6108,TXN_6451377,5.0,5.0,25.0,Salad,2023-03-19,Credit Card,Takeaway
6109,TXN_6451595,3.0,2.0,6.0,Juice,2023-03-26,Credit Card,Takeaway
6110,TXN_6451747,5.0,4.0,20.0,Salad,2023-05-23,Cash,In-store
6111,TXN_6455325,3.0,4.0,12.0,Juice,2023-01-05,Credit Card,In-store
6112,TXN_6455517,3.0,2.0,6.0,Cake,2023-08-04,Cash,Takeaway
6113,TXN_6456008,5.0,5.0,25.0,Salad,2023-03-26,Credit Card,In-store
6114,TXN_6457997,4.0,1.0,4.0,Sandwich,2023-12-12,Credit Card,In-store
6115,TXN_6460409,5.0,3.0,15.0,Salad,2023-01-03,Cash,In-store
6116,TXN_6461461,3.0,1.0,3.0,Juice,2023-01-03,Digital Wallet,In-store
6117,TXN_6463132,1.0,5.0,5.0,Cookie,2023-01-03,Credit Card,Takeaway
6118,TXN_6463415,2.0,3.0,6.0,Coffee,2023-04-12,Digital Wallet,In-store
6119,TXN_6467414,1.5,3.0,4.5,Tea,2023-01-06,Cash,In-store
6120,TXN_6467618,1.5,3.0,4.5,Tea,2023-10-12,Digital Wallet,Takeaway
6121,TXN_6467796,2.0,5.0,10.0,Coffee,2023-10-25,Credit Card,Takeaway
6122,TXN_6469563,3.0,5.0,15.0,Juice,2023-03-04,Credit Card,In-store
6123,TXN_6470865,2.0,3.0,9.0,Coffee,2023-09-18,Digital Wallet,Takeaway
6124,TXN_6471185,3.0,5.0,15.0,Juice,2023-03-17,Digital Wallet,In-store
6125,TXN_6471268,4.0,5.0,20.0,Smoothie,2023-02-10,Digital Wallet,In-store
6126,TXN_6471962,4.0,4.0,16.0,Sandwich,2023-09-21,Cash,Takeaway
6127,TXN_6472242,4.0,1.0,4.0,Sandwich,2023-03-27,Credit Card,In-store
6128,TXN_6472656,1.5,3.0,4.5,Tea,2023-11-25,Cash,Takeaway
6129,TXN_6472826,3.0,4.0,12.0,Juice,2023-04-11,Cash,In-store
6130,TXN_6474636,1.5,3.0,4.5,Tea,2023-10-25,Digital Wallet,In-store
6131,TXN_6476204,4.0,5.0,20.0,Sandwich,2023-12-22,Credit Card,Takeaway
6132,TXN_6476304,4.0,2.0,8.0,Sandwich,2023-03-17,Credit Card,In-store
6133,TXN_6476719,3.0,5.0,15.0,Juice,2023-06-04,Cash,Takeaway
6134,TXN_6478968,5.0,2.0,10.0,Salad,2023-09-12,Cash,In-store
6135,TXN_6478978,3.0,3.0,9.0,Juice,2023-10-27,Credit Card,Takeaway
6136,TXN_6479368,4.0,2.0,8.0,Smoothie,2023-09-08,Credit Card,Takeaway
6137,TXN_6480646,1.5,2.0,3.0,Tea,2023-10-28,Digital Wallet,Takeaway
6138,TXN_6481150,5.0,4.0,20.0,Salad,2023-03-30,Digital Wallet,In-store
6139,TXN_6482262,3.0,3.0,9.0,Juice,2023-05-13,Credit Card,In-store
6140,TXN_6482416,2.0,1.0,2.0,Coffee,2023-07-20,Digital Wallet,Takeaway
6141,TXN_6483589,3.0,3.0,9.0,Juice,2023-10-13,Digital Wallet,In-store
6142,TXN_6484387,1.0,5.0,5.0,Cookie,2023-11-23,Cash,Takeaway
6143,TXN_6484542,5.0,5.0,25.0,Salad,2023-05-18,Credit Card,In-store
6144,TXN_6485220,3.0,3.0,9.0,Cake,2023-05-18,Cash,Takeaway
6145,TXN_6486912,1.5,2.0,3.0,Tea,2023-05-10,Digital Wallet,In-store
6146,TXN_6487003,2.0,4.0,8.0,Coffee,2023-11-15,Credit Card,Takeaway
6147,TXN_6487493,5.0,3.0,15.0,Salad,2023-03-13,Cash,In-store
6148,TXN_6488040,5.0,1.0,5.0,Salad,2023-05-20,Digital Wallet,Takeaway
6149,TXN_6490609,5.0,4.0,20.0,Salad,2023-03-03,Cash,In-store
6150,TXN_6491662,2.0,2.0,4.0,Coffee,2023-10-06,Digital Wallet,Takeaway
6151,TXN_6492477,2.0,5.0,10.0,Coffee,2023-02-03,Digital Wallet,Takeaway
6152,TXN_6492919,3.0,3.0,9.0,Juice,2023-09-24,Digital Wallet,In-store
6153,TXN_6494145,1.0,2.0,2.0,Cookie,2023-08-18,Cash,Takeaway
6154,TXN_6494265,2.0,2.0,4.0,Coffee,2023-05-24,Digital Wallet,Takeaway
6155,TXN_6494850,2.0,2.0,4.0,Coffee,2023-07-08,Cash,Takeaway
6156,TXN_6496099,2.0,5.0,10.0,Coffee,2023-07-21,Digital Wallet,Takeaway
6157,TXN_6496176,1.0,4.0,4.0,Cookie,2023-07-26,Digital Wallet,In-store
6158,TXN_6496379,4.0,1.0,4.0,Sandwich,2023-12-24,Cash,Takeaway
6159,TXN_6496506,3.0,1.0,3.0,Juice,2023-01-11,Digital Wallet,In-store
6160,TXN_6498163,4.0,5.0,20.0,Smoothie,2023-07-15,Digital Wallet,In-store
6161,TXN_6498718,2.0,4.0,8.0,Coffee,2023-03-18,Digital Wallet,Takeaway
6162,TXN_6498876,4.0,3.0,12.0,Sandwich,2023-08-20,Credit Card,Takeaway
6163,TXN_6499084,3.0,4.0,12.0,Cake,2023-03-15,Credit Card,Takeaway
6164,TXN_6500126,4.0,2.0,8.0,Smoothie,2023-03-15,Digital Wallet,In-store
6165,TXN_6500713,1.0,3.0,3.0,Cookie,2023-04-30,Digital Wallet,In-store
6166,TXN_6501091,3.0,2.0,6.0,Juice,2023-05-07,Digital Wallet,Takeaway
6167,TXN_6501361,5.0,5.0,25.0,Salad,2023-01-17,Cash,In-store
6168,TXN_6503052,3.0,4.0,12.0,Juice,2023-04-21,Digital Wallet,In-store
6169,TXN_6503526,1.0,5.0,5.0,Cookie,2023-10-20,Credit Card,In-store
6170,TXN_6503884,3.0,1.0,3.0,Juice,2023-05-28,Cash,In-store
6171,TXN_6504096,5.0,5.0,25.0,Salad,2023-09-10,Cash,In-store
6172,TXN_6504165,3.0,3.0,9.0,Juice,2023-02-13,Cash,Takeaway
6173,TXN_6504180,4.0,1.0,4.0,Smoothie,2023-08-31,Digital Wallet,In-store
6174,TXN_6505914,3.0,3.0,9.0,Cake,2023-01-27,Cash,Takeaway
6175,TXN_6506895,3.0,5.0,15.0,Cake,2023-08-10,Credit Card,In-store
6176,TXN_6507690,3.0,1.0,3.0,Juice,2023-01-30,Digital Wallet,In-store
6177,TXN_6508674,3.0,2.0,6.0,Juice,2023-02-09,Digital Wallet,Takeaway
6178,TXN_6511228,5.0,4.0,20.0,Salad,2023-11-01,Credit Card,In-store
6179,TXN_6511482,1.5,3.0,4.5,Tea,2023-03-17,Credit Card,In-store
6180,TXN_6513163,3.0,2.0,6.0,Cake,2023-04-01,Digital Wallet,Takeaway
6181,TXN_6513435,3.0,3.0,9.0,Juice,2023-08-16,Digital Wallet,Takeaway
6182,TXN_6515226,3.0,1.0,3.0,Juice,2023-01-05,Digital Wallet,In-store
6183,TXN_6516391,3.0,2.0,6.0,Cake,2023-06-16,Digital Wallet,Takeaway
6184,TXN_6519486,3.0,5.0,15.0,Cake,2023-02-05,Cash,Takeaway
6185,TXN_6522252,1.5,2.0,3.0,Tea,2023-01-14,Digital Wallet,In-store
6186,TXN_6522299,1.5,2.0,3.0,Tea,2023-08-29,Cash,In-store
6187,TXN_6523635,5.0,2.0,10.0,Salad,2023-04-22,Cash,Takeaway
6188,TXN_6526078,4.0,5.0,20.0,Sandwich,2023-11-07,Cash,In-store
6189,TXN_6527482,3.0,1.0,3.0,Juice,2023-08-27,Digital Wallet,Takeaway
6190,TXN_6529863,5.0,3.0,15.0,Salad,2023-08-16,Cash,Takeaway
6191,TXN_6530795,1.0,1.0,1.0,Cookie,2023-04-30,Credit Card,Takeaway
6192,TXN_6530886,2.0,1.0,2.0,Coffee,2023-10-21,Credit Card,Takeaway
6193,TXN_6532452,4.0,5.0,20.0,Smoothie,2023-02-24,Cash,Takeaway
6194,TXN_6532832,1.0,5.0,5.0,Cookie,2023-06-23,Cash,In-store
6195,TXN_6533180,2.0,5.0,10.0,Coffee,2023-05-03,Digital Wallet,Takeaway
6196,TXN_6533267,1.5,3.0,4.5,Tea,2023-07-14,Cash,In-store
6197,TXN_6533450,4.0,1.0,4.0,Smoothie,2023-11-22,Digital Wallet,In-store
6198,TXN_6533576,5.0,5.0,25.0,Salad,2023-08-14,Cash,In-store
6199,TXN_6534833,5.0,4.0,20.0,Salad,2023-12-14,Digital Wallet,In-store
6200,TXN_6536418,5.0,5.0,25.0,Salad,2023-02-11,Credit Card,In-store
6201,TXN_6537449,5.0,2.0,10.0,Salad,2023-01-15,Cash,In-store
6202,TXN_6538210,4.0,1.0,4.0,Smoothie,2023-12-29,Digital Wallet,In-store
6203,TXN_6539480,3.0,5.0,15.0,Cake,2023-08-25,Cash,Takeaway
6204,TXN_6540200,1.5,2.0,3.0,Tea,2023-10-23,Digital Wallet,In-store
6205,TXN_6540267,5.0,2.0,10.0,Salad,2023-09-26,Cash,Takeaway
6206,TXN_6540284,3.0,1.0,3.0,Juice,2023-04-24,Digital Wallet,In-store
6207,TXN_6540415,3.0,5.0,15.0,Cake,2023-05-27,Cash,Takeaway
6208,TXN_6540946,3.0,4.0,12.0,Juice,2023-10-08,Digital Wallet,In-store
6209,TXN_6541110,1.0,3.0,3.0,Cookie,2023-12-30,Cash,In-store
6210,TXN_6541284,1.5,4.0,6.0,Tea,2023-03-01,Cash,Takeaway
6211,TXN_6541329,1.0,2.0,2.0,Cookie,2023-09-28,Cash,Takeaway
6212,TXN_6541415,3.0,4.0,12.0,Juice,2023-11-25,Cash,In-store
6213,TXN_6541659,4.0,3.0,12.0,Sandwich,2023-01-29,Credit Card,Takeaway
6214,TXN_6541809,1.5,3.0,4.5,Tea,2023-05-01,Digital Wallet,In-store
6215,TXN_6542877,3.0,1.0,3.0,Juice,2023-12-06,Digital Wallet,In-store
6216,TXN_6543164,1.5,2.0,3.0,Tea,2023-07-10,Digital Wallet,In-store
6217,TXN_6543620,1.0,2.0,2.0,Cookie,2023-04-08,Cash,Takeaway
6218,TXN_6544160,5.0,1.0,5.0,Salad,2023-02-05,Cash,In-store
6219,TXN_6546131,2.0,4.0,8.0,Coffee,2023-06-26,Credit Card,In-store
6220,TXN_6547896,2.0,3.0,6.0,Coffee,2023-03-02,Digital Wallet,Takeaway
6221,TXN_6549132,5.0,5.0,25.0,Salad,2023-12-05,Cash,In-store
6222,TXN_6549359,1.5,3.0,4.5,Tea,2023-04-21,Cash,In-store
6223,TXN_6550460,4.0,5.0,20.0,Sandwich,2023-03-15,Credit Card,In-store
6224,TXN_6550707,2.0,1.0,2.0,Coffee,2023-03-01,Digital Wallet,Takeaway
6225,TXN_6551087,4.0,1.0,4.0,Smoothie,2023-05-02,Credit Card,In-store
6226,TXN_6552269,3.0,4.0,12.0,Juice,2023-04-29,Cash,Takeaway
6227,TXN_6553641,5.0,1.0,5.0,Salad,2023-04-29,Cash,In-store
6228,TXN_6553720,2.0,4.0,8.0,Coffee,2023-02-02,Digital Wallet,In-store
6229,TXN_6554101,4.0,3.0,12.0,Smoothie,2023-02-15,Digital Wallet,In-store
6230,TXN_6555617,5.0,2.0,10.0,Salad,2023-12-27,Digital Wallet,Takeaway
6231,TXN_6557174,5.0,4.0,20.0,Salad,2023-08-20,Credit Card,In-store
6232,TXN_6557825,1.5,3.0,4.5,Tea,2023-05-07,Digital Wallet,In-store
6233,TXN_6559173,4.0,5.0,20.0,Smoothie,2023-08-09,Digital Wallet,In-store
6234,TXN_6559598,3.0,1.0,3.0,Juice,2023-05-08,Digital Wallet,In-store
6235,TXN_6563365,3.0,4.0,12.0,Juice,2023-05-08,Digital Wallet,Takeaway
6236,TXN_6564856,1.5,5.0,7.5,Tea,2023-02-16,Digital Wallet,Takeaway
6237,TXN_6565955,2.0,3.0,6.0,Coffee,2023-12-29,Digital Wallet,In-store
6238,TXN_6566716,2.0,1.0,2.0,Coffee,2023-01-01,Credit Card,Takeaway
6239,TXN_6567287,1.0,4.0,4.0,Cookie,2023-01-01,Digital Wallet,Takeaway
6240,TXN_6567880,4.0,5.0,20.0,Sandwich,2023-08-15,Credit Card,In-store
6241,TXN_6568254,5.0,2.0,10.0,Salad,2023-02-09,Credit Card,In-store
6242,TXN_6568307,2.0,1.0,2.0,Coffee,2023-07-16,Cash,In-store
6243,TXN_6568440,1.0,1.0,1.0,Cookie,2023-06-15,Digital Wallet,Takeaway
6244,TXN_6568536,3.0,1.0,3.0,Cake,2023-12-29,Cash,Takeaway
6245,TXN_6568978,3.0,3.0,9.0,Cake,2023-03-12,Digital Wallet,Takeaway
6246,TXN_6569656,1.0,5.0,5.0,Cookie,2023-02-28,Cash,Takeaway
6247,TXN_6571288,4.0,2.0,8.0,Sandwich,2023-10-23,Credit Card,In-store
6248,TXN_6571385,1.5,4.0,6.0,Tea,2023-01-06,Cash,Takeaway
6249,TXN_6571440,4.0,2.0,8.0,Smoothie,2023-01-18,Digital Wallet,Takeaway
6250,TXN_6571898,3.0,3.0,9.0,Juice,2023-02-02,Digital Wallet,Takeaway
6251,TXN_6572164,1.0,4.0,4.0,Cookie,2023-01-15,Credit Card,Takeaway
6252,TXN_6574910,1.0,1.0,1.0,Cookie,2023-09-13,Digital Wallet,Takeaway
6253,TXN_6575440,1.5,1.0,1.5,Tea,2023-02-05,Cash,In-store
6254,TXN_6575599,2.0,5.0,10.0,Coffee,2023-10-09,Digital Wallet,Takeaway
6255,TXN_6576987,5.0,3.0,15.0,Salad,2023-03-12,Credit Card,Takeaway
6256,TXN_6577035,4.0,2.0,8.0,Smoothie,2023-05-20,Digital Wallet,In-store
6257,TXN_6577619,5.0,3.0,15.0,Salad,2023-07-22,Credit Card,In-store
6258,TXN_6579109,3.0,1.0,3.0,Juice,2023-02-22,Credit Card,Takeaway
6259,TXN_6579974,4.0,5.0,20.0,Sandwich,2023-05-10,Digital Wallet,In-store
6260,TXN_6580743,2.0,1.0,2.0,Coffee,2023-12-18,Digital Wallet,Takeaway
6261,TXN_6581437,2.0,5.0,10.0,Coffee,2023-10-23,Digital Wallet,Takeaway
6262,TXN_6581580,2.0,3.0,6.0,Coffee,2023-06-18,Digital Wallet,In-store
6263,TXN_6584150,3.0,5.0,15.0,Juice,2023-10-27,Credit Card,In-store
6264,TXN_6585794,4.0,5.0,20.0,Smoothie,2023-02-15,Credit Card,In-store
6265,TXN_6587151,4.0,4.0,16.0,Smoothie,2023-10-07,Credit Card,In-store
6266,TXN_6587399,4.0,1.0,4.0,Smoothie,2023-08-08,Digital Wallet,Takeaway
6267,TXN_6587628,2.0,5.0,10.0,Coffee,2023-05-09,Digital Wallet,In-store
6268,TXN_6588156,3.0,4.0,12.0,Cake,2023-04-14,Cash,In-store
6269,TXN_6589078,1.5,3.0,4.5,Tea,2023-08-03,Digital Wallet,In-store
6270,TXN_6591736,2.0,4.0,8.0,Coffee,2023-06-21,Digital Wallet,Takeaway
6271,TXN_6591756,1.0,5.0,5.0,Cookie,2023-03-09,Digital Wallet,Takeaway
6272,TXN_6594187,1.5,5.0,7.5,Tea,2023-03-09,Digital Wallet,In-store
6273,TXN_6594753,3.0,3.0,9.0,Juice,2023-03-16,Digital Wallet,In-store
6274,TXN_6595038,1.0,2.0,2.0,Cookie,2023-02-08,Digital Wallet,Takeaway
6275,TXN_6596377,1.0,5.0,5.0,Cookie,2023-08-02,Digital Wallet,Takeaway
6276,TXN_6598343,3.0,4.0,12.0,Juice,2023-07-10,Digital Wallet,In-store
6277,TXN_6600858,4.0,3.0,12.0,Sandwich,2023-03-27,Cash,In-store
6278,TXN_6602557,3.0,4.0,12.0,Cake,2023-02-06,Cash,Takeaway
6279,TXN_6603668,2.0,4.0,8.0,Coffee,2023-03-07,Credit Card,Takeaway
6280,TXN_6606514,3.0,1.0,3.0,Juice,2023-06-25,Credit Card,In-store
6281,TXN_6607568,2.0,2.0,4.0,Coffee,2023-03-24,Cash,In-store
6282,TXN_6608817,4.0,5.0,20.0,Sandwich,2023-07-17,Credit Card,Takeaway
6283,TXN_6609572,4.0,4.0,16.0,Sandwich,2023-06-15,Cash,In-store
6284,TXN_6609947,3.0,3.0,9.0,Juice,2023-05-29,Digital Wallet,In-store
6285,TXN_6610162,3.0,4.0,12.0,Cake,2023-03-18,Digital Wallet,Takeaway
6286,TXN_6610487,2.0,5.0,10.0,Coffee,2023-09-18,Digital Wallet,Takeaway
6287,TXN_6610554,2.0,5.0,10.0,Coffee,2023-10-28,Digital Wallet,Takeaway
6288,TXN_6612143,1.5,5.0,7.5,Tea,2023-11-07,Cash,In-store
6289,TXN_6613909,3.0,4.0,12.0,Cake,2023-06-30,Credit Card,In-store
6290,TXN_6616311,2.0,4.0,8.0,Coffee,2023-09-01,Digital Wallet,Takeaway
6291,TXN_6616787,3.0,2.0,6.0,Juice,2023-09-29,Digital Wallet,In-store
6292,TXN_6616971,3.0,2.0,6.0,Juice,2023-09-02,Digital Wallet,Takeaway
6293,TXN_6617283,1.5,4.0,6.0,Tea,2023-06-09,Digital Wallet,In-store
6294,TXN_6618160,1.5,5.0,7.5,Tea,2023-03-13,Cash,Takeaway
6295,TXN_6618750,4.0,5.0,20.0,Smoothie,2023-03-07,Credit Card,In-store
6296,TXN_6621007,3.0,2.0,6.0,Cake,2023-03-05,Digital Wallet,Takeaway
6297,TXN_6621596,5.0,2.0,10.0,Salad,2023-09-25,Credit Card,In-store
6298,TXN_6621756,1.0,1.0,1.0,Cookie,2023-11-14,Digital Wallet,Takeaway
6299,TXN_6622954,4.0,2.0,8.0,Smoothie,2023-01-13,Digital Wallet,In-store
6300,TXN_6622980,5.0,4.0,20.0,Salad,2023-09-26,Digital Wallet,Takeaway
6301,TXN_6623508,1.0,5.0,5.0,Cookie,2023-05-18,Digital Wallet,Takeaway
6302,TXN_6624397,3.0,4.0,12.0,Juice,2023-04-30,Cash,Takeaway
6303,TXN_6625294,4.0,2.0,8.0,Sandwich,2023-03-05,Digital Wallet,In-store
6304,TXN_6626427,1.0,4.0,4.0,Cookie,2023-02-13,Digital Wallet,In-store
6305,TXN_6626928,4.0,2.0,8.0,Sandwich,2023-05-10,Credit Card,In-store
6306,TXN_6627338,3.0,5.0,15.0,Juice,2023-12-03,Digital Wallet,Takeaway
6307,TXN_6629480,4.0,5.0,20.0,Smoothie,2023-02-28,Credit Card,In-store
6308,TXN_6629689,4.0,2.0,8.0,Sandwich,2023-05-29,Credit Card,In-store
6309,TXN_6632882,4.0,1.0,4.0,Smoothie,2023-04-30,Digital Wallet,In-store
6310,TXN_6633097,3.0,4.0,12.0,Juice,2023-04-30,Credit Card,In-store
6311,TXN_6633385,3.0,2.0,6.0,Juice,2023-02-12,Credit Card,Takeaway
6312,TXN_6636395,3.0,4.0,12.0,Juice,2023-01-30,Cash,In-store
6313,TXN_6637315,3.0,3.0,9.0,Cake,2023-12-02,Cash,Takeaway
6314,TXN_6637989,4.0,1.0,4.0,Smoothie,2023-11-09,Cash,In-store
6315,TXN_6638051,4.0,2.0,8.0,Smoothie,2023-11-05,Cash,In-store
6316,TXN_6640488,1.5,3.0,4.5,Tea,2023-04-01,Credit Card,Takeaway
6317,TXN_6641409,4.0,5.0,20.0,Sandwich,2023-11-21,Digital Wallet,In-store
6318,TXN_6643922,2.0,5.0,10.0,Coffee,2023-06-24,Digital Wallet,In-store
6319,TXN_6643951,4.0,1.0,4.0,Sandwich,2023-01-07,Credit Card,In-store
6320,TXN_6646382,1.5,4.0,6.0,Tea,2023-09-16,Digital Wallet,In-store
6321,TXN_6646684,1.0,3.0,3.0,Cookie,2023-06-01,Cash,Takeaway
6322,TXN_6647319,3.0,5.0,15.0,Juice,2023-10-23,Credit Card,In-store
6323,TXN_6648081,5.0,4.0,20.0,Salad,2023-04-24,Cash,Takeaway
6324,TXN_6650263,1.5,2.0,3.0,Tea,2023-01-10,Digital Wallet,Takeaway
6325,TXN_6650875,1.0,5.0,5.0,Cookie,2023-01-29,Credit Card,Takeaway
6326,TXN_6651961,5.0,4.0,20.0,Salad,2023-02-08,Credit Card,In-store
6327,TXN_6652858,5.0,5.0,25.0,Salad,2023-09-13,Credit Card,In-store
6328,TXN_6654975,5.0,3.0,15.0,Salad,2023-08-11,Cash,In-store
6329,TXN_6655017,4.0,4.0,16.0,Smoothie,2023-12-04,Cash,Takeaway
6330,TXN_6655437,3.0,1.0,3.0,Juice,2023-07-07,Digital Wallet,In-store
6331,TXN_6655913,1.0,1.0,1.0,Cookie,2023-04-02,Credit Card,In-store
6332,TXN_6657245,4.0,1.0,4.0,Sandwich,2023-10-25,Credit Card,In-store
6333,TXN_6658070,3.0,2.0,6.0,Juice,2023-11-03,Cash,Takeaway
6334,TXN_6660602,5.0,4.0,20.0,Salad,2023-05-20,Cash,Takeaway
6335,TXN_6660755,1.0,2.0,2.0,Cookie,2023-05-16,Credit Card,In-store
6336,TXN_6662213,4.0,4.0,16.0,Sandwich,2023-01-18,Digital Wallet,In-store
6337,TXN_6663451,3.0,1.0,3.0,Cake,2023-08-05,Cash,Takeaway
6338,TXN_6663486,2.0,3.0,6.0,Coffee,2023-11-02,Digital Wallet,Takeaway
6339,TXN_6665881,3.0,2.0,6.0,Juice,2023-07-04,Credit Card,In-store
6340,TXN_6666679,3.0,2.0,6.0,Juice,2023-08-25,Digital Wallet,In-store
6341,TXN_6667083,3.0,1.0,3.0,Cake,2023-03-19,Cash,Takeaway
6342,TXN_6667388,3.0,3.0,9.0,Cake,2023-08-14,Cash,In-store
6343,TXN_6668414,3.0,1.0,3.0,Cake,2023-12-29,Cash,In-store
6344,TXN_6669163,1.0,1.0,1.0,Cookie,2023-07-26,Credit Card,Takeaway
6345,TXN_6669417,5.0,5.0,25.0,Salad,2023-01-03,Cash,Takeaway
6346,TXN_6670371,1.5,3.0,4.5,Tea,2023-05-01,Credit Card,Takeaway
6347,TXN_6670607,3.0,5.0,15.0,Juice,2023-01-06,Digital Wallet,Takeaway
6348,TXN_6671827,5.0,1.0,5.0,Salad,2023-08-09,Credit Card,Takeaway
6349,TXN_6674257,4.0,3.0,12.0,Sandwich,2023-07-20,Cash,Takeaway
6350,TXN_6676143,4.0,5.0,20.0,Sandwich,2023-05-21,Cash,In-store
6351,TXN_6677631,1.5,5.0,7.5,Tea,2023-12-14,Digital Wallet,In-store
6352,TXN_6679600,2.0,1.0,2.0,Coffee,2023-03-15,Digital Wallet,Takeaway
6353,TXN_6680963,4.0,2.0,8.0,Sandwich,2023-08-01,Credit Card,Takeaway
6354,TXN_6682253,1.5,5.0,7.5,Tea,2023-02-17,Cash,In-store
6355,TXN_6682443,3.0,4.0,12.0,Cake,2023-09-03,Digital Wallet,Takeaway
6356,TXN_6682782,1.0,5.0,5.0,Cookie,2023-12-15,Cash,In-store
6357,TXN_6683798,1.0,1.0,1.0,Cookie,2023-07-26,Digital Wallet,Takeaway
6358,TXN_6684056,4.0,2.0,8.0,Smoothie,2023-09-14,Digital Wallet,In-store
6359,TXN_6684202,4.0,1.0,4.0,Sandwich,2023-07-31,Credit Card,In-store
6360,TXN_6685570,1.5,1.0,1.5,Tea,2023-03-14,Credit Card,In-store
6361,TXN_6687029,4.0,2.0,8.0,Sandwich,2023-08-23,Credit Card,In-store
6362,TXN_6687528,3.0,2.0,6.0,Juice,2023-05-06,Digital Wallet,In-store
6363,TXN_6687699,5.0,4.0,20.0,Salad,2023-09-11,Cash,In-store
6364,TXN_6687734,3.0,1.0,3.0,Cake,2023-03-14,Cash,In-store
6365,TXN_6688020,5.0,5.0,25.0,Salad,2023-09-05,Cash,In-store
6366,TXN_6688524,2.0,4.0,8.0,Coffee,2023-06-29,Digital Wallet,Takeaway
6367,TXN_6691767,5.0,2.0,10.0,Salad,2023-02-05,Cash,Takeaway
6368,TXN_6691781,2.0,4.0,8.0,Coffee,2023-09-07,Credit Card,Takeaway
6369,TXN_6691792,3.0,3.0,9.0,Juice,2023-06-21,Digital Wallet,Takeaway
6370,TXN_6692318,1.5,2.0,3.0,Tea,2023-08-20,Cash,In-store
6371,TXN_6695451,5.0,1.0,5.0,Salad,2023-07-28,Credit Card,In-store
6372,TXN_6696619,3.0,3.0,9.0,Cake,2023-03-19,Cash,Takeaway
6373,TXN_6696913,3.0,4.0,12.0,Cake,2023-10-22,Cash,Takeaway
6374,TXN_6697374,4.0,2.0,8.0,Smoothie,2023-07-31,Digital Wallet,In-store
6375,TXN_6697669,3.0,5.0,15.0,Cake,2023-01-03,Cash,Takeaway
6376,TXN_6699343,3.0,3.0,9.0,Juice,2023-10-31,Digital Wallet,Takeaway
6377,TXN_6699408,1.0,5.0,5.0,Cookie,2023-12-22,Cash,Takeaway
6378,TXN_6699534,4.0,4.0,16.0,Sandwich,2023-10-28,Cash,In-store
6379,TXN_6700141,4.0,1.0,4.0,Sandwich,2023-04-12,Cash,Takeaway
6380,TXN_6700745,3.0,3.0,9.0,Juice,2023-04-23,Digital Wallet,In-store
6381,TXN_6702416,3.0,1.0,3.0,Cake,2023-09-14,Cash,Takeaway
6382,TXN_6702428,2.0,5.0,10.0,Coffee,2023-08-11,Cash,Takeaway
6383,TXN_6704173,4.0,2.0,8.0,Smoothie,2023-07-24,Credit Card,In-store
6384,TXN_6704284,5.0,2.0,10.0,Salad,2023-08-31,Credit Card,Takeaway
6385,TXN_6705109,3.0,3.0,9.0,Cake,2023-08-05,Cash,In-store
6386,TXN_6706566,1.0,3.0,3.0,Cookie,2023-09-01,Cash,Takeaway
6387,TXN_6706599,3.0,1.0,3.0,Cake,2023-09-20,Cash,Takeaway
6388,TXN_6707466,5.0,2.0,10.0,Salad,2023-04-02,Credit Card,In-store
6389,TXN_6708156,1.5,5.0,7.5,Tea,2023-11-26,Credit Card,In-store
6390,TXN_6708165,3.0,5.0,15.0,Juice,2023-10-19,Digital Wallet,In-store
6391,TXN_6710660,5.0,2.0,10.0,Salad,2023-02-08,Cash,In-store
6392,TXN_6711224,3.0,1.0,3.0,Juice,2023-03-26,Digital Wallet,In-store
6393,TXN_6712087,3.0,2.0,6.0,Cake,2023-06-06,Cash,In-store
6394,TXN_6712994,2.0,3.0,6.0,Coffee,2023-10-02,Cash,Takeaway
6395,TXN_6714068,2.0,1.0,2.0,Coffee,2023-02-17,Digital Wallet,Takeaway
6396,TXN_6714420,3.0,2.0,6.0,Juice,2023-03-30,Credit Card,Takeaway
6397,TXN_6714749,4.0,1.0,4.0,Sandwich,2023-08-02,Credit Card,Takeaway
6398,TXN_6714931,3.0,3.0,9.0,Juice,2023-07-02,Digital Wallet,In-store
6399,TXN_6715991,3.0,1.0,3.0,Juice,2023-06-18,Cash,In-store
6400,TXN_6716151,4.0,3.0,12.0,Sandwich,2023-01-26,Digital Wallet,Takeaway
6401,TXN_6716918,2.0,2.0,4.0,Coffee,2023-04-10,Digital Wallet,Takeaway
6402,TXN_6717061,5.0,3.0,15.0,Salad,2023-08-07,Credit Card,In-store
6403,TXN_6717074,1.5,3.0,4.5,Tea,2023-06-12,Digital Wallet,Takeaway
6404,TXN_6717827,5.0,3.0,15.0,Salad,2023-11-15,Digital Wallet,In-store
6405,TXN_6718205,4.0,2.0,8.0,Smoothie,2023-06-30,Digital Wallet,Takeaway
6406,TXN_6719521,5.0,5.0,25.0,Salad,2023-08-03,Cash,In-store
6407,TXN_6720290,4.0,1.0,4.0,Smoothie,2023-01-25,Digital Wallet,In-store
6408,TXN_6721531,1.5,4.0,6.0,Tea,2023-03-06,Digital Wallet,In-store
6409,TXN_6723498,5.0,3.0,15.0,Salad,2023-01-28,Cash,Takeaway
6410,TXN_6724554,1.5,3.0,4.5,Tea,2023-03-22,Digital Wallet,In-store
6411,TXN_6724588,3.0,2.0,6.0,Juice,2023-10-16,Digital Wallet,In-store
6412,TXN_6725579,1.5,2.0,3.0,Tea,2023-02-21,Credit Card,Takeaway
6413,TXN_6727029,1.5,2.0,3.0,Tea,2023-07-07,Digital Wallet,Takeaway
6414,TXN_6727985,5.0,5.0,25.0,Salad,2023-06-16,Credit Card,In-store
6415,TXN_6728574,3.0,3.0,9.0,Juice,2023-05-24,Cash,In-store
6416,TXN_6729852,1.0,4.0,4.0,Cookie,2023-06-29,Digital Wallet,Takeaway
6417,TXN_6730130,1.5,2.0,3.0,Tea,2023-10-16,Digital Wallet,In-store
6418,TXN_6731518,1.0,1.0,1.0,Cookie,2023-12-04,Digital Wallet,Takeaway
6419,TXN_6732096,4.0,2.0,8.0,Smoothie,2023-04-02,Digital Wallet,In-store
6420,TXN_6732494,2.0,2.0,4.0,Coffee,2023-03-18,Credit Card,Takeaway
6421,TXN_6732833,5.0,1.0,5.0,Salad,2023-07-21,Digital Wallet,In-store
6422,TXN_6732989,5.0,2.0,10.0,Salad,2023-04-29,Credit Card,In-store
6423,TXN_6733436,3.0,2.0,6.0,Juice,2023-02-02,Credit Card,Takeaway
6424,TXN_6736084,3.0,1.0,3.0,Juice,2023-04-19,Digital Wallet,Takeaway
6425,TXN_6736326,5.0,2.0,10.0,Salad,2023-04-14,Credit Card,In-store
6426,TXN_6738137,2.0,4.0,8.0,Coffee,2023-07-20,Digital Wallet,Takeaway
6427,TXN_6738350,3.0,2.0,6.0,Juice,2023-11-02,Digital Wallet,In-store
6428,TXN_6738516,4.0,5.0,20.0,Sandwich,2023-10-07,Cash,In-store
6429,TXN_6738716,3.0,5.0,15.0,Cake,2023-04-21,Cash,Takeaway
6430,TXN_6739664,5.0,3.0,15.0,Salad,2023-09-12,Cash,In-store
6431,TXN_6739950,5.0,4.0,20.0,Salad,2023-03-04,Credit Card,In-store
6432,TXN_6740691,1.5,1.0,1.5,Tea,2023-07-06,Cash,In-store
6433,TXN_6744096,2.0,1.0,2.0,Coffee,2023-11-15,Digital Wallet,In-store
6434,TXN_6744733,4.0,1.0,4.0,Sandwich,2023-11-15,Cash,Takeaway
6435,TXN_6744866,1.5,4.0,6.0,Tea,2023-11-15,Digital Wallet,Takeaway
6436,TXN_6745398,1.5,4.0,6.0,Tea,2023-02-28,Digital Wallet,In-store
6437,TXN_6745832,2.0,2.0,4.0,Coffee,2023-10-02,Credit Card,Takeaway
6438,TXN_6745856,3.0,4.0,12.0,Cake,2023-06-16,Cash,In-store
6439,TXN_6746140,1.0,5.0,5.0,Cookie,2023-06-16,Digital Wallet,Takeaway
6440,TXN_6746916,2.0,1.0,2.0,Coffee,2023-11-15,Cash,Takeaway
6441,TXN_6747376,4.0,3.0,12.0,Smoothie,2023-11-20,Digital Wallet,In-store
6442,TXN_6748199,5.0,2.0,10.0,Salad,2023-07-23,Cash,In-store
6443,TXN_6748232,4.0,2.0,8.0,Sandwich,2023-07-23,Credit Card,In-store
6444,TXN_6748374,5.0,1.0,5.0,Salad,2023-07-24,Credit Card,Takeaway
6445,TXN_6748453,4.0,5.0,20.0,Sandwich,2023-05-08,Credit Card,In-store
6446,TXN_6749847,3.0,2.0,6.0,Cake,2023-08-15,Credit Card,Takeaway
6447,TXN_6751134,4.0,3.0,12.0,Sandwich,2023-01-12,Credit Card,In-store
6448,TXN_6752053,4.0,4.0,16.0,Smoothie,2023-05-13,Digital Wallet,In-store
6449,TXN_6752476,1.5,4.0,6.0,Tea,2023-08-28,Digital Wallet,Takeaway
6450,TXN_6753977,1.5,3.0,4.5,Tea,2023-08-28,Digital Wallet,In-store
6451,TXN_6754546,3.0,3.0,9.0,Cake,2023-02-19,Cash,Takeaway
6452,TXN_6755107,4.0,2.0,8.0,Smoothie,2023-11-14,Digital Wallet,In-store
6453,TXN_6755348,4.0,5.0,20.0,Sandwich,2023-06-23,Credit Card,In-store
6454,TXN_6755757,4.0,4.0,16.0,Sandwich,2023-04-05,Credit Card,In-store
6455,TXN_6755791,2.0,2.0,4.0,Coffee,2023-04-01,Cash,Takeaway
6456,TXN_6755795,4.0,5.0,20.0,Smoothie,2023-02-22,Cash,In-store
6457,TXN_6755874,4.0,3.0,12.0,Smoothie,2023-04-12,Digital Wallet,In-store
6458,TXN_6757560,3.0,4.0,12.0,Cake,2023-08-12,Cash,Takeaway
6459,TXN_6758675,3.0,1.0,3.0,Juice,2023-11-05,Credit Card,In-store
6460,TXN_6761273,3.0,5.0,15.0,Juice,2023-10-13,Digital Wallet,In-store
6461,TXN_6761402,2.0,1.0,2.0,Coffee,2023-08-31,Digital Wallet,Takeaway
6462,TXN_6762172,2.0,5.0,10.0,Coffee,2023-01-19,Cash,Takeaway
6463,TXN_6762236,3.0,4.0,12.0,Juice,2023-01-17,Digital Wallet,In-store
6464,TXN_6762250,1.0,2.0,2.0,Cookie,2023-06-17,Digital Wallet,Takeaway
6465,TXN_6762311,3.0,1.0,3.0,Juice,2023-06-17,Credit Card,Takeaway
6466,TXN_6762490,3.0,5.0,15.0,Juice,2023-05-03,Cash,In-store
6467,TXN_6763296,2.0,5.0,10.0,Coffee,2023-10-04,Cash,Takeaway
6468,TXN_6766492,5.0,1.0,5.0,Salad,2023-01-14,Cash,In-store
6469,TXN_6766664,2.0,3.0,6.0,Coffee,2023-05-21,Digital Wallet,Takeaway
6470,TXN_6768812,2.0,4.0,8.0,Coffee,2023-03-30,Digital Wallet,Takeaway
6471,TXN_6769465,3.0,5.0,15.0,Juice,2023-06-13,Digital Wallet,In-store
6472,TXN_6769554,2.0,5.0,10.0,Coffee,2023-02-06,Credit Card,Takeaway
6473,TXN_6769710,3.0,2.0,6.0,Juice,2023-02-24,Cash,In-store
6474,TXN_6770844,3.0,1.0,3.0,Juice,2023-05-08,Digital Wallet,In-store
6475,TXN_6773319,1.5,4.0,6.0,Tea,2023-05-03,Digital Wallet,Takeaway
6476,TXN_6774559,1.0,2.0,2.0,Cookie,2023-02-18,Digital Wallet,Takeaway
6477,TXN_6774688,5.0,1.0,5.0,Salad,2023-01-18,Credit Card,In-store
6478,TXN_6775024,2.0,2.0,4.0,Coffee,2023-01-30,Cash,In-store
6479,TXN_6775304,1.5,4.0,6.0,Tea,2023-03-08,Cash,In-store
6480,TXN_6775972,2.0,3.0,6.0,Coffee,2023-09-15,Credit Card,Takeaway
6481,TXN_6778177,1.0,4.0,4.0,Cookie,2023-10-12,Digital Wallet,Takeaway
6482,TXN_6778796,3.0,5.0,15.0,Cake,2023-11-29,Cash,Takeaway
6483,TXN_6778974,4.0,2.0,8.0,Smoothie,2023-09-07,Digital Wallet,In-store
6484,TXN_6779377,4.0,5.0,20.0,Smoothie,2023-10-06,Digital Wallet,In-store
6485,TXN_6779763,1.0,1.0,1.0,Cookie,2023-04-25,Credit Card,Takeaway
6486,TXN_6780463,1.5,3.0,4.5,Tea,2023-10-26,Digital Wallet,In-store
6487,TXN_6782228,2.0,4.0,8.0,Coffee,2023-08-18,Credit Card,Takeaway
6488,TXN_6784478,1.0,2.0,2.0,Cookie,2023-12-21,Credit Card,Takeaway
6489,TXN_6785331,3.0,1.0,3.0,Cake,2023-04-12,Cash,Takeaway
6490,TXN_6785552,3.0,5.0,15.0,Juice,2023-01-19,Cash,In-store
6491,TXN_6786340,2.0,5.0,10.0,Coffee,2023-04-18,Digital Wallet,Takeaway
6492,TXN_6786730,2.0,1.0,2.0,Coffee,2023-04-15,Credit Card,Takeaway
6493,TXN_6787259,4.0,2.0,8.0,Sandwich,2023-08-18,Credit Card,In-store
6494,TXN_6787560,3.0,3.0,9.0,Cake,2023-07-13,Cash,Takeaway
6495,TXN_6791398,2.0,1.0,2.0,Coffee,2023-12-17,Credit Card,Takeaway
6496,TXN_6792445,3.0,3.0,9.0,Cake,2023-12-03,Cash,Takeaway
6497,TXN_6793298,1.5,2.0,3.0,Tea,2023-04-14,Credit Card,In-store
6498,TXN_6794035,4.0,1.0,4.0,Sandwich,2023-11-04,Digital Wallet,In-store
6499,TXN_6795640,1.0,4.0,4.0,Cookie,2023-01-28,Digital Wallet,Takeaway
6500,TXN_6796890,1.5,4.0,6.0,Tea,2023-08-24,Digital Wallet,In-store
6501,TXN_6797827,4.0,1.0,4.0,Sandwich,2023-06-16,Credit Card,In-store
6502,TXN_6799966,1.5,4.0,6.0,Tea,2023-03-03,Digital Wallet,In-store
6503,TXN_6802372,3.0,3.0,9.0,Juice,2023-07-20,Digital Wallet,In-store
6504,TXN_6803555,1.5,2.0,3.0,Tea,2023-05-31,Digital Wallet,Takeaway
6505,TXN_6805057,1.0,4.0,4.0,Cookie,2023-10-15,Credit Card,Takeaway
6506,TXN_6805091,4.0,2.0,8.0,Sandwich,2023-12-28,Cash,In-store
6507,TXN_6805882,1.0,4.0,4.0,Cookie,2023-09-04,Cash,In-store
6508,TXN_6806024,3.0,2.0,6.0,Juice,2023-04-14,Credit Card,In-store
6509,TXN_6806290,5.0,3.0,15.0,Salad,2023-05-02,Cash,In-store
6510,TXN_6806563,2.0,1.0,2.0,Coffee,2023-04-16,Digital Wallet,Takeaway
6511,TXN_6806968,1.0,4.0,4.0,Cookie,2023-07-03,Cash,Takeaway
6512,TXN_6807913,3.0,3.0,9.0,Juice,2023-01-22,Credit Card,Takeaway
6513,TXN_6809170,4.0,4.0,16.0,Smoothie,2023-08-10,Cash,Takeaway
6514,TXN_6810969,4.0,1.0,4.0,Sandwich,2023-03-08,Credit Card,In-store
6515,TXN_6811368,2.0,4.0,8.0,Coffee,2023-02-18,Digital Wallet,Takeaway
6516,TXN_6812735,1.5,5.0,7.5,Tea,2023-04-21,Digital Wallet,In-store
6517,TXN_6813508,5.0,1.0,5.0,Salad,2023-10-26,Cash,In-store
6518,TXN_6814891,2.0,1.0,2.0,Coffee,2023-06-26,Digital Wallet,Takeaway
6519,TXN_6815741,4.0,2.0,8.0,Smoothie,2023-03-13,Digital Wallet,In-store
6520,TXN_6815753,1.0,4.0,4.0,Cookie,2023-10-27,Digital Wallet,Takeaway
6521,TXN_6815801,1.0,1.0,1.0,Cookie,2023-03-15,Digital Wallet,Takeaway
6522,TXN_6816094,1.5,4.0,6.0,Tea,2023-12-30,Digital Wallet,In-store
6523,TXN_6817358,4.0,2.0,8.0,Smoothie,2023-12-22,Credit Card,In-store
6524,TXN_6817795,1.5,1.0,1.5,Tea,2023-09-12,Cash,Takeaway
6525,TXN_6817889,1.5,1.0,1.5,Tea,2023-10-04,Digital Wallet,In-store
6526,TXN_6819128,5.0,1.0,5.0,Salad,2023-10-19,Cash,In-store
6527,TXN_6822426,3.0,5.0,15.0,Cake,2023-05-27,Digital Wallet,In-store
6528,TXN_6824743,4.0,2.0,8.0,Sandwich,2023-11-08,Digital Wallet,Takeaway
6529,TXN_6826342,3.0,2.0,6.0,Juice,2023-03-30,Credit Card,In-store
6530,TXN_6826409,4.0,1.0,4.0,Sandwich,2023-10-21,Credit Card,Takeaway
6531,TXN_6828371,4.0,4.0,16.0,Smoothie,2023-10-20,Digital Wallet,In-store
6532,TXN_6829707,4.0,1.0,4.0,Sandwich,2023-08-17,Cash,Takeaway
6533,TXN_6830192,3.0,3.0,9.0,Juice,2023-08-02,Digital Wallet,In-store
6534,TXN_6830557,2.0,3.0,6.0,Coffee,2023-11-08,Digital Wallet,Takeaway
6535,TXN_6832697,5.0,3.0,15.0,Salad,2023-01-21,Credit Card,Takeaway
6536,TXN_6833530,3.0,4.0,12.0,Juice,2023-11-05,Digital Wallet,In-store
6537,TXN_6833564,4.0,5.0,20.0,Smoothie,2023-04-21,Digital Wallet,In-store
6538,TXN_6835777,3.0,5.0,15.0,Juice,2023-05-11,Digital Wallet,In-store
6539,TXN_6836109,2.0,4.0,8.0,Coffee,2023-04-09,Digital Wallet,Takeaway
6540,TXN_6836137,3.0,4.0,12.0,Cake,2023-08-30,Cash,In-store
6541,TXN_6837601,5.0,1.0,5.0,Salad,2023-02-05,Digital Wallet,Takeaway
6542,TXN_6837879,3.0,5.0,15.0,Juice,2023-04-09,Digital Wallet,In-store
6543,TXN_6838411,2.0,1.0,2.0,Coffee,2023-07-04,Cash,Takeaway
6544,TXN_6838802,2.0,1.0,2.0,Coffee,2023-08-29,Digital Wallet,Takeaway
6545,TXN_6841304,3.0,1.0,3.0,Cake,2023-03-13,Cash,Takeaway
6546,TXN_6841805,3.0,2.0,6.0,Cake,2023-02-14,Cash,Takeaway
6547,TXN_6841993,3.0,3.0,9.0,Juice,2023-09-15,Cash,Takeaway
6548,TXN_6842808,1.5,2.0,3.0,Tea,2023-10-22,Digital Wallet,In-store
6549,TXN_6843517,4.0,5.0,20.0,Sandwich,2023-01-02,Credit Card,In-store
6550,TXN_6843677,2.0,4.0,8.0,Coffee,2023-09-09,Digital Wallet,Takeaway
6551,TXN_6845073,1.0,1.0,1.0,Cookie,2023-04-05,Credit Card,In-store
6552,TXN_6845225,1.5,4.0,6.0,Tea,2023-02-21,Credit Card,Takeaway
6553,TXN_6845472,4.0,5.0,20.0,Smoothie,2023-12-11,Digital Wallet,In-store
6554,TXN_6846020,3.0,5.0,15.0,Juice,2023-05-03,Digital Wallet,Takeaway
6555,TXN_6846047,5.0,1.0,5.0,Salad,2023-04-02,Digital Wallet,In-store
6556,TXN_6846085,1.0,4.0,4.0,Cookie,2023-02-26,Digital Wallet,Takeaway
6557,TXN_6846228,5.0,3.0,15.0,Salad,2023-11-16,Cash,In-store
6558,TXN_6846861,4.0,4.0,16.0,Smoothie,2023-11-26,Digital Wallet,In-store
6559,TXN_6849062,2.0,5.0,10.0,Coffee,2023-07-30,Cash,Takeaway
6560,TXN_6849113,1.0,1.0,1.0,Cookie,2023-07-14,Credit Card,Takeaway
6561,TXN_6850528,1.0,3.0,3.0,Cookie,2023-10-13,Cash,In-store
6562,TXN_6851213,3.0,1.0,3.0,Juice,2023-05-19,Digital Wallet,In-store
6563,TXN_6851654,5.0,1.0,5.0,Salad,2023-01-25,Digital Wallet,Takeaway
6564,TXN_6851735,1.0,1.0,1.0,Cookie,2023-01-17,Digital Wallet,Takeaway
6565,TXN_6853142,4.0,3.0,12.0,Smoothie,2023-07-21,Cash,In-store
6566,TXN_6853678,1.0,4.0,4.0,Cookie,2023-07-23,Digital Wallet,Takeaway
6567,TXN_6853830,1.5,5.0,7.5,Tea,2023-07-13,Digital Wallet,In-store
6568,TXN_6854151,4.0,3.0,12.0,Sandwich,2023-02-07,Credit Card,In-store
6569,TXN_6855453,3.0,4.0,12.0,Juice,2023-07-17,Digital Wallet,In-store
6570,TXN_6856530,4.0,5.0,20.0,Smoothie,2023-11-11,Digital Wallet,In-store
6571,TXN_6856558,3.0,4.0,12.0,Juice,2023-10-30,Digital Wallet,Takeaway
6572,TXN_6857799,1.0,4.0,4.0,Cookie,2023-01-08,Cash,Takeaway
6573,TXN_6857943,3.0,5.0,15.0,Cake,2023-01-08,Cash,Takeaway
6574,TXN_6859249,1.0,2.0,2.0,Cookie,2023-01-08,Digital Wallet,Takeaway
6575,TXN_6862075,3.0,3.0,9.0,Juice,2023-08-13,Credit Card,In-store
6576,TXN_6862603,5.0,4.0,20.0,Salad,2023-04-17,Credit Card,Takeaway
6577,TXN_6864420,1.0,2.0,2.0,Cookie,2023-06-18,Credit Card,Takeaway
6578,TXN_6866209,4.0,5.0,20.0,Smoothie,2023-05-20,Digital Wallet,In-store
6579,TXN_6866644,4.0,1.0,4.0,Sandwich,2023-07-22,Credit Card,In-store
6580,TXN_6867132,3.0,2.0,6.0,Cake,2023-02-01,Cash,In-store
6581,TXN_6867995,1.0,3.0,3.0,Cookie,2023-10-15,Digital Wallet,In-store
6582,TXN_6868049,3.0,5.0,15.0,Juice,2023-10-15,Digital Wallet,In-store
6583,TXN_6868182,4.0,5.0,20.0,Sandwich,2023-01-02,Credit Card,In-store
6584,TXN_6868763,3.0,3.0,9.0,Juice,2023-01-13,Digital Wallet,In-store
6585,TXN_6869767,4.0,2.0,8.0,Smoothie,2023-06-06,Digital Wallet,Takeaway
6586,TXN_6869880,3.0,4.0,12.0,Juice,2023-08-05,Digital Wallet,Takeaway
6587,TXN_6872268,3.0,2.0,6.0,Juice,2023-01-07,Digital Wallet,In-store
6588,TXN_6872833,2.0,1.0,2.0,Coffee,2023-11-02,Digital Wallet,Takeaway
6589,TXN_6873127,1.0,1.0,1.0,Cookie,2023-02-02,Digital Wallet,In-store
6590,TXN_6874059,5.0,4.0,20.0,Salad,2023-01-12,Cash,Takeaway
6591,TXN_6874195,3.0,3.0,9.0,Juice,2023-04-22,Cash,Takeaway
6592,TXN_6874354,4.0,4.0,16.0,Sandwich,2023-03-23,Credit Card,In-store
6593,TXN_6875870,5.0,5.0,25.0,Salad,2023-09-07,Cash,In-store
6594,TXN_6877186,1.0,2.0,2.0,Cookie,2023-12-05,Credit Card,In-store
6595,TXN_6878866,4.0,3.0,12.0,Smoothie,2023-02-25,Credit Card,In-store
6596,TXN_6879752,1.5,1.0,1.5,Tea,2023-10-07,Digital Wallet,In-store
6597,TXN_6880338,3.0,3.0,9.0,Cake,2023-11-06,Digital Wallet,Takeaway
6598,TXN_6881523,3.0,5.0,15.0,Juice,2023-02-24,Digital Wallet,Takeaway
6599,TXN_6881662,5.0,2.0,10.0,Salad,2023-07-10,Digital Wallet,Takeaway
6600,TXN_6882503,1.5,1.0,1.5,Tea,2023-01-02,Digital Wallet,In-store
6601,TXN_6882819,3.0,1.0,3.0,Juice,2023-08-21,Cash,In-store
6602,TXN_6883187,3.0,2.0,6.0,Juice,2023-11-16,Digital Wallet,In-store
6603,TXN_6884558,3.0,1.0,3.0,Juice,2023-08-14,Cash,In-store
6604,TXN_6885218,5.0,1.0,5.0,Salad,2023-10-23,Cash,In-store
6605,TXN_6885561,4.0,3.0,12.0,Smoothie,2023-06-24,Digital Wallet,Takeaway
6606,TXN_6885626,3.0,5.0,15.0,Cake,2023-08-06,Cash,In-store
6607,TXN_6886495,1.0,4.0,4.0,Cookie,2023-08-07,Cash,Takeaway
6608,TXN_6887407,3.0,3.0,9.0,Cake,2023-09-15,Cash,In-store
6609,TXN_6888839,1.5,3.0,4.5,Tea,2023-11-19,Digital Wallet,Takeaway
6610,TXN_6888998,2.0,5.0,10.0,Coffee,2023-02-27,Digital Wallet,Takeaway
6611,TXN_6889357,5.0,1.0,5.0,Salad,2023-03-08,Cash,Takeaway
6612,TXN_6889867,4.0,5.0,20.0,Sandwich,2023-03-07,Cash,In-store
6613,TXN_6890737,4.0,4.0,16.0,Sandwich,2023-05-22,Credit Card,In-store
6614,TXN_6893490,2.0,3.0,6.0,Coffee,2023-03-17,Credit Card,Takeaway
6615,TXN_6894703,1.0,1.0,1.0,Cookie,2023-06-06,Digital Wallet,Takeaway
6616,TXN_6895165,2.0,3.0,6.0,Coffee,2023-02-18,Credit Card,Takeaway
6617,TXN_6895558,2.0,2.0,4.0,Coffee,2023-04-10,Credit Card,Takeaway
6618,TXN_6896663,3.0,3.0,9.0,Cake,2023-05-16,Cash,In-store
6619,TXN_6897172,2.0,4.0,8.0,Coffee,2023-12-08,Digital Wallet,Takeaway
6620,TXN_6897608,2.0,2.0,4.0,Coffee,2023-06-28,Credit Card,Takeaway
6621,TXN_6898341,1.5,2.0,3.0,Tea,2023-08-21,Credit Card,In-store
6622,TXN_6898368,4.0,3.0,12.0,Smoothie,2023-05-01,Digital Wallet,In-store
6623,TXN_6899248,3.0,5.0,15.0,Juice,2023-12-13,Digital Wallet,In-store
6624,TXN_6899576,5.0,2.0,10.0,Salad,2023-10-26,Digital Wallet,Takeaway
6625,TXN_6899834,3.0,3.0,9.0,Cake,2023-01-27,Credit Card,Takeaway
6626,TXN_6900182,4.0,3.0,12.0,Smoothie,2023-09-10,Cash,In-store
6627,TXN_6900785,3.0,1.0,3.0,Juice,2023-09-25,Digital Wallet,Takeaway
6628,TXN_6901094,5.0,1.0,5.0,Salad,2023-09-25,Cash,In-store
6629,TXN_6901162,4.0,3.0,12.0,Sandwich,2023-09-25,Digital Wallet,In-store
6630,TXN_6901619,1.5,2.0,3.0,Tea,2023-10-16,Digital Wallet,In-store
6631,TXN_6902481,3.0,3.0,9.0,Juice,2023-09-03,Cash,In-store
6632,TXN_6904247,4.0,3.0,12.0,Sandwich,2023-09-19,Credit Card,In-store
6633,TXN_6904590,2.0,4.0,8.0,Coffee,2023-02-19,Credit Card,Takeaway
6634,TXN_6904952,5.0,4.0,20.0,Salad,2023-04-04,Digital Wallet,Takeaway
6635,TXN_6905143,2.0,5.0,10.0,Coffee,2023-08-09,Cash,Takeaway
6636,TXN_6905718,5.0,5.0,25.0,Salad,2023-02-20,Credit Card,In-store
6637,TXN_6905794,5.0,1.0,5.0,Salad,2023-05-31,Cash,Takeaway
6638,TXN_6907555,1.5,2.0,3.0,Tea,2023-09-21,Credit Card,In-store
6639,TXN_6908287,1.0,1.0,1.0,Cookie,2023-08-04,Cash,In-store
6640,TXN_6908953,1.5,1.0,1.5,Tea,2023-12-08,Digital Wallet,In-store
6641,TXN_6910030,2.0,4.0,8.0,Coffee,2023-07-09,Digital Wallet,Takeaway
6642,TXN_6910915,1.5,4.0,6.0,Tea,2023-05-06,Digital Wallet,Takeaway
6643,TXN_6913384,1.5,3.0,4.5,Tea,2023-09-18,Credit Card,Takeaway
6644,TXN_6915068,3.0,2.0,6.0,Juice,2023-11-26,Cash,In-store
6645,TXN_6915192,2.0,4.0,8.0,Coffee,2023-12-09,Digital Wallet,In-store
6646,TXN_6915899,5.0,3.0,15.0,Salad,2023-05-29,Credit Card,In-store
6647,TXN_6916047,2.0,2.0,4.0,Coffee,2023-05-29,Digital Wallet,In-store
6648,TXN_6916853,4.0,5.0,20.0,Smoothie,2023-12-22,Cash,In-store
6649,TXN_6919325,3.0,3.0,9.0,Cake,2023-02-05,Cash,Takeaway
6650,TXN_6920323,4.0,1.0,4.0,Sandwich,2023-06-10,Credit Card,In-store
6651,TXN_6921057,4.0,4.0,16.0,Sandwich,2023-07-10,Digital Wallet,Takeaway
6652,TXN_6922833,1.5,1.0,1.5,Tea,2023-11-17,Digital Wallet,Takeaway
6653,TXN_6923480,2.0,3.0,6.0,Coffee,2023-10-27,Cash,Takeaway
6654,TXN_6925284,3.0,5.0,15.0,Juice,2023-01-21,Digital Wallet,Takeaway
6655,TXN_6926855,4.0,3.0,12.0,Sandwich,2023-01-12,Cash,Takeaway
6656,TXN_6927392,5.0,3.0,15.0,Salad,2023-01-12,Digital Wallet,In-store
6657,TXN_6928137,3.0,3.0,9.0,Cake,2023-10-11,Digital Wallet,In-store
6658,TXN_6928775,1.0,2.0,2.0,Cookie,2023-03-25,Cash,In-store
6659,TXN_6929413,1.5,1.0,1.5,Tea,2023-10-13,Digital Wallet,In-store
6660,TXN_6929664,2.0,1.0,2.0,Coffee,2023-03-05,Digital Wallet,Takeaway
6661,TXN_6932070,1.5,4.0,6.0,Tea,2023-06-10,Credit Card,In-store
6662,TXN_6932752,4.0,5.0,20.0,Smoothie,2023-09-20,Digital Wallet,In-store
6663,TXN_6933222,1.5,1.0,1.5,Tea,2023-01-22,Cash,In-store
6664,TXN_6935106,1.5,5.0,7.5,Tea,2023-01-22,Digital Wallet,In-store
6665,TXN_6935600,2.0,3.0,6.0,Coffee,2023-01-02,Digital Wallet,Takeaway
6666,TXN_6941542,4.0,3.0,12.0,Sandwich,2023-09-27,Credit Card,In-store
6667,TXN_6945985,1.5,3.0,4.5,Tea,2023-02-13,Digital Wallet,In-store
6668,TXN_6948649,1.5,5.0,7.5,Tea,2023-11-27,Cash,In-store
6669,TXN_6949949,5.0,3.0,15.0,Salad,2023-05-14,Cash,In-store
6670,TXN_6953244,4.0,5.0,20.0,Smoothie,2023-09-13,Cash,In-store
6671,TXN_6953697,4.0,3.0,12.0,Sandwich,2023-05-27,Credit Card,Takeaway
6672,TXN_6954434,3.0,3.0,9.0,Juice,2023-02-23,Cash,Takeaway
6673,TXN_6955416,5.0,4.0,20.0,Salad,2023-02-25,Cash,In-store
6674,TXN_6957001,1.5,4.0,6.0,Tea,2023-08-08,Digital Wallet,In-store
6675,TXN_6957157,3.0,1.0,3.0,Cake,2023-02-01,Cash,Takeaway
6676,TXN_6957331,3.0,3.0,9.0,Juice,2023-01-23,Digital Wallet,In-store
6677,TXN_6958638,1.5,1.0,1.5,Tea,2023-11-27,Digital Wallet,Takeaway
6678,TXN_6959065,2.0,5.0,10.0,Coffee,2023-05-05,Digital Wallet,Takeaway
6679,TXN_6959328,4.0,3.0,12.0,Sandwich,2023-04-23,Credit Card,Takeaway
6680,TXN_6960031,4.0,5.0,20.0,Sandwich,2023-04-25,Digital Wallet,Takeaway
6681,TXN_6960459,2.0,1.0,2.0,Coffee,2023-07-24,Credit Card,In-store
6682,TXN_6962242,3.0,1.0,3.0,Juice,2023-06-30,Digital Wallet,Takeaway
6683,TXN_6962671,3.0,2.0,6.0,Cake,2023-01-20,Cash,Takeaway
6684,TXN_6963106,4.0,1.0,4.0,Sandwich,2023-06-01,Cash,In-store
6685,TXN_6966241,3.0,2.0,6.0,Juice,2023-04-13,Digital Wallet,In-store
6686,TXN_6968752,1.5,1.0,1.5,Tea,2023-04-07,Digital Wallet,In-store
6687,TXN_6970542,4.0,4.0,16.0,Sandwich,2023-08-04,Credit Card,In-store
6688,TXN_6972491,4.0,1.0,4.0,Sandwich,2023-07-02,Credit Card,Takeaway
6689,TXN_6974587,5.0,3.0,15.0,Salad,2023-06-16,Cash,In-store
6690,TXN_6975499,2.0,1.0,2.0,Coffee,2023-07-03,Digital Wallet,In-store
6691,TXN_6975750,3.0,5.0,15.0,Juice,2023-01-08,Digital Wallet,In-store
6692,TXN_6977098,3.0,5.0,15.0,Juice,2023-06-09,Credit Card,In-store
6693,TXN_6979356,5.0,2.0,10.0,Salad,2023-09-21,Cash,In-store
6694,TXN_6980463,5.0,1.0,5.0,Salad,2023-09-03,Digital Wallet,In-store
6695,TXN_6983139,5.0,2.0,10.0,Salad,2023-12-18,Credit Card,Takeaway
6696,TXN_6987232,3.0,5.0,15.0,Juice,2023-06-02,Digital Wallet,In-store
6697,TXN_6987705,1.0,5.0,5.0,Cookie,2023-06-04,Cash,Takeaway
6698,TXN_6987950,3.0,4.0,12.0,Cake,2023-05-04,Credit Card,Takeaway
6699,TXN_6988675,2.0,1.0,2.0,Coffee,2023-02-24,Digital Wallet,In-store
6700,TXN_6989000,1.5,2.0,3.0,Tea,2023-02-24,Digital Wallet,Takeaway
6701,TXN_6989438,4.0,4.0,16.0,Sandwich,2023-12-17,Cash,Takeaway
6702,TXN_6990331,3.0,1.0,3.0,Juice,2023-07-30,Digital Wallet,In-store
6703,TXN_6991253,3.0,3.0,9.0,Juice,2023-12-13,Digital Wallet,In-store
6704,TXN_6991430,1.0,5.0,5.0,Cookie,2023-05-31,Cash,In-store
6705,TXN_6991528,1.0,3.0,3.0,Cookie,2023-08-17,Digital Wallet,Takeaway
6706,TXN_6991736,3.0,2.0,6.0,Juice,2023-11-07,Digital Wallet,In-store
6707,TXN_6992164,4.0,2.0,8.0,Sandwich,2023-11-07,Cash,Takeaway
6708,TXN_6992783,1.5,1.0,1.5,Tea,2023-01-29,Digital Wallet,Takeaway
6709,TXN_6992967,4.0,5.0,20.0,Smoothie,2023-08-29,Cash,In-store
6710,TXN_6993624,3.0,4.0,12.0,Cake,2023-05-09,Cash,Takeaway
6711,TXN_6994245,2.0,4.0,8.0,Coffee,2023-12-30,Digital Wallet,In-store
6712,TXN_6994354,5.0,5.0,25.0,Salad,2023-07-03,Cash,Takeaway
6713,TXN_6994752,3.0,4.0,12.0,Juice,2023-06-17,Cash,Takeaway
6714,TXN_6995665,1.5,2.0,3.0,Tea,2023-06-17,Digital Wallet,In-store
6715,TXN_6995795,5.0,4.0,20.0,Salad,2023-11-28,Cash,In-store
6716,TXN_6996548,2.0,1.0,2.0,Coffee,2023-06-24,Credit Card,Takeaway
6717,TXN_6999471,3.0,1.0,3.0,Juice,2023-08-07,Digital Wallet,In-store
6718,TXN_7002929,1.0,1.0,1.0,Cookie,2023-01-30,Digital Wallet,In-store
6719,TXN_7003185,1.5,2.0,3.0,Tea,2023-06-03,Digital Wallet,In-store
6720,TXN_7004303,4.0,3.0,12.0,Sandwich,2023-10-06,Cash,In-store
6721,TXN_7004494,2.0,4.0,8.0,Coffee,2023-03-17,Digital Wallet,Takeaway
6722,TXN_7006741,4.0,2.0,8.0,Sandwich,2023-12-30,Digital Wallet,In-store
6723,TXN_7008306,5.0,2.0,10.0,Salad,2023-04-11,Cash,In-store
6724,TXN_7009420,4.0,5.0,20.0,Sandwich,2023-07-07,Credit Card,Takeaway
6725,TXN_7010020,3.0,5.0,15.0,Cake,2023-08-07,Cash,In-store
6726,TXN_7010218,1.0,4.0,4.0,Cookie,2023-04-29,Digital Wallet,Takeaway
6727,TXN_7010812,5.0,2.0,10.0,Salad,2023-11-13,Digital Wallet,In-store
6728,TXN_7012065,2.0,3.0,6.0,Coffee,2023-08-05,Digital Wallet,Takeaway
6729,TXN_7013527,5.0,2.0,10.0,Salad,2023-05-18,Credit Card,In-store
6730,TXN_7014091,2.0,5.0,10.0,Coffee,2023-11-26,Cash,In-store
6731,TXN_7014478,4.0,5.0,20.0,Smoothie,2023-04-26,Cash,In-store
6732,TXN_7019782,4.0,5.0,20.0,Smoothie,2023-10-16,Digital Wallet,In-store
6733,TXN_7020104,1.5,5.0,7.5,Tea,2023-01-23,Digital Wallet,In-store
6734,TXN_7020671,2.0,1.0,2.0,Coffee,2023-09-01,Digital Wallet,Takeaway
6735,TXN_7021504,1.0,2.0,2.0,Cookie,2023-05-31,Digital Wallet,In-store
6736,TXN_7021592,5.0,4.0,20.0,Salad,2023-07-01,Credit Card,In-store
6737,TXN_7021722,1.5,3.0,4.5,Tea,2023-07-27,Digital Wallet,Takeaway
6738,TXN_7022398,4.0,4.0,16.0,Sandwich,2023-12-23,Credit Card,In-store
6739,TXN_7023528,1.5,5.0,7.5,Tea,2023-10-28,Cash,In-store
6740,TXN_7023753,2.0,5.0,10.0,Coffee,2023-05-16,Credit Card,Takeaway
6741,TXN_7026504,4.0,5.0,20.0,Sandwich,2023-03-29,Credit Card,In-store
6742,TXN_7027319,4.0,3.0,12.0,Smoothie,2023-02-25,Credit Card,Takeaway
6743,TXN_7027560,1.5,5.0,7.5,Tea,2023-10-05,Digital Wallet,In-store
6744,TXN_7027905,4.0,1.0,4.0,Sandwich,2023-07-17,Credit Card,In-store
6745,TXN_7028009,3.0,4.0,12.0,Cake,2023-07-17,Cash,Takeaway
6746,TXN_7029719,5.0,2.0,10.0,Salad,2023-06-18,Digital Wallet,In-store
6747,TXN_7029944,1.0,2.0,2.0,Cookie,2023-04-17,Cash,Takeaway
6748,TXN_7030681,3.0,1.0,3.0,Juice,2023-10-01,Cash,In-store
6749,TXN_7031118,5.0,1.0,5.0,Salad,2023-03-29,Credit Card,In-store
6750,TXN_7031347,3.0,4.0,12.0,Juice,2023-06-09,Credit Card,Takeaway
6751,TXN_7032256,4.0,5.0,20.0,Sandwich,2023-03-13,Credit Card,In-store
6752,TXN_7032922,4.0,4.0,16.0,Sandwich,2023-08-18,Credit Card,In-store
6753,TXN_7033977,4.0,4.0,16.0,Sandwich,2023-05-04,Credit Card,Takeaway
6754,TXN_7034554,5.0,2.0,10.0,Salad,2023-04-27,Cash,In-store
6755,TXN_7035067,5.0,2.0,10.0,Salad,2023-09-29,Cash,In-store
6756,TXN_7037557,5.0,4.0,20.0,Salad,2023-05-02,Cash,In-store
6757,TXN_7039529,1.0,3.0,3.0,Cookie,2023-01-19,Digital Wallet,In-store
6758,TXN_7041367,1.0,4.0,4.0,Cookie,2023-01-04,Digital Wallet,Takeaway
6759,TXN_7043825,3.0,2.0,6.0,Juice,2023-02-07,Cash,Takeaway
6760,TXN_7046631,2.0,4.0,8.0,Coffee,2023-05-18,Digital Wallet,In-store
6761,TXN_7047040,5.0,2.0,10.0,Salad,2023-02-16,Cash,In-store
6762,TXN_7047860,2.0,2.0,4.0,Coffee,2023-06-18,Digital Wallet,Takeaway
6763,TXN_7049149,4.0,4.0,16.0,Sandwich,2023-08-27,Credit Card,In-store
6764,TXN_7049861,3.0,5.0,15.0,Cake,2023-01-20,Cash,In-store
6765,TXN_7050740,3.0,1.0,3.0,Juice,2023-07-12,Cash,Takeaway
6766,TXN_7051359,2.0,5.0,10.0,Coffee,2023-10-30,Digital Wallet,Takeaway
6767,TXN_7051683,3.0,3.0,9.0,Juice,2023-11-16,Digital Wallet,In-store
6768,TXN_7052672,3.0,1.0,3.0,Juice,2023-06-29,Digital Wallet,In-store
6769,TXN_7053280,2.0,5.0,10.0,Coffee,2023-05-28,Digital Wallet,In-store
6770,TXN_7053830,2.0,3.0,6.0,Coffee,2023-02-14,Digital Wallet,Takeaway
6771,TXN_7054393,2.0,2.0,4.0,Coffee,2023-05-30,Digital Wallet,In-store
6772,TXN_7054849,3.0,4.0,12.0,Cake,2023-06-16,Cash,Takeaway
6773,TXN_7055260,4.0,4.0,16.0,Sandwich,2023-06-20,Digital Wallet,In-store
6774,TXN_7055306,5.0,1.0,5.0,Salad,2023-03-09,Cash,Takeaway
6775,TXN_7056051,3.0,2.0,6.0,Cake,2023-03-09,Cash,Takeaway
6776,TXN_7056162,4.0,3.0,12.0,Smoothie,2023-03-04,Digital Wallet,In-store
6777,TXN_7057481,4.0,3.0,12.0,Smoothie,2023-07-11,Cash,In-store
6778,TXN_7058377,3.0,1.0,3.0,Juice,2023-04-30,Digital Wallet,Takeaway
6779,TXN_7059722,4.0,5.0,20.0,Sandwich,2023-04-30,Digital Wallet,In-store
6780,TXN_7060144,3.0,5.0,15.0,Cake,2023-04-30,Credit Card,Takeaway
6781,TXN_7060691,5.0,5.0,25.0,Salad,2023-10-25,Credit Card,In-store
6782,TXN_7062893,4.0,2.0,8.0,Smoothie,2023-10-15,Digital Wallet,In-store
6783,TXN_7063005,3.0,1.0,3.0,Cake,2023-01-18,Cash,Takeaway
6784,TXN_7063124,3.0,1.0,3.0,Cake,2023-04-10,Cash,Takeaway
6785,TXN_7064604,2.0,3.0,6.0,Coffee,2023-03-26,Digital Wallet,Takeaway
6786,TXN_7068361,3.0,5.0,15.0,Juice,2023-12-25,Credit Card,In-store
6787,TXN_7068406,3.0,2.0,6.0,Juice,2023-01-26,Digital Wallet,Takeaway
6788,TXN_7068653,1.0,2.0,2.0,Cookie,2023-06-05,Cash,In-store
6789,TXN_7068823,4.0,4.0,16.0,Sandwich,2023-06-28,Credit Card,Takeaway
6790,TXN_7070302,5.0,3.0,15.0,Salad,2023-04-30,Cash,In-store
6791,TXN_7071783,1.0,4.0,4.0,Cookie,2023-07-04,Cash,Takeaway
6792,TXN_7072581,1.0,2.0,2.0,Cookie,2023-08-12,Credit Card,Takeaway
6793,TXN_7072883,4.0,1.0,4.0,Smoothie,2023-10-05,Credit Card,In-store
6794,TXN_7075261,3.0,1.0,3.0,Juice,2023-07-29,Digital Wallet,In-store
6795,TXN_7077119,4.0,1.0,4.0,Sandwich,2023-12-30,Digital Wallet,In-store
6796,TXN_7077961,1.5,4.0,6.0,Tea,2023-09-19,Digital Wallet,Takeaway
6797,TXN_7078232,3.0,5.0,15.0,Juice,2023-11-21,Digital Wallet,Takeaway
6798,TXN_7079566,3.0,4.0,12.0,Juice,2023-10-20,Digital Wallet,In-store
6799,TXN_7080148,3.0,3.0,9.0,Cake,2023-12-30,Cash,Takeaway
6800,TXN_7082667,5.0,4.0,20.0,Salad,2023-08-03,Cash,In-store
6801,TXN_7083168,1.0,4.0,4.0,Cookie,2023-06-01,Digital Wallet,Takeaway
6802,TXN_7083611,3.0,2.0,6.0,Cake,2023-05-15,Cash,Takeaway
6803,TXN_7084298,3.0,3.0,9.0,Cake,2023-02-18,Cash,Takeaway
6804,TXN_7085875,3.0,3.0,9.0,Juice,2023-08-23,Digital Wallet,In-store
6805,TXN_7086603,3.0,4.0,12.0,Cake,2023-03-18,Credit Card,Takeaway
6806,TXN_7089173,3.0,1.0,3.0,Juice,2023-01-14,Digital Wallet,In-store
6807,TXN_7089316,1.5,2.0,3.0,Tea,2023-11-27,Cash,In-store
6808,TXN_7089466,1.0,4.0,4.0,Cookie,2023-12-26,Digital Wallet,Takeaway
6809,TXN_7089712,3.0,5.0,15.0,Cake,2023-08-13,Cash,Takeaway
6810,TXN_7090165,4.0,5.0,20.0,Sandwich,2023-08-30,Digital Wallet,In-store
6811,TXN_7090563,4.0,3.0,12.0,Smoothie,2023-08-17,Digital Wallet,In-store
6812,TXN_7092761,5.0,4.0,20.0,Salad,2023-05-11,Cash,In-store
6813,TXN_7093219,4.0,4.0,16.0,Smoothie,2023-06-06,Credit Card,In-store
6814,TXN_7094898,5.0,4.0,20.0,Salad,2023-06-20,Cash,Takeaway
6815,TXN_7097699,1.5,4.0,6.0,Tea,2023-12-16,Digital Wallet,Takeaway
6816,TXN_7097760,2.0,3.0,6.0,Coffee,2023-10-24,Digital Wallet,Takeaway
6817,TXN_7098730,3.0,2.0,6.0,Cake,2023-11-10,Digital Wallet,Takeaway
6818,TXN_7099050,5.0,3.0,15.0,Salad,2023-01-18,Credit Card,Takeaway
6819,TXN_7100596,4.0,5.0,20.0,Smoothie,2023-09-14,Credit Card,In-store
6820,TXN_7101384,2.0,1.0,2.0,Coffee,2023-04-23,Digital Wallet,Takeaway
6821,TXN_7101802,2.0,4.0,8.0,Coffee,2023-03-19,Digital Wallet,Takeaway
6822,TXN_7102166,2.0,4.0,8.0,Coffee,2023-12-08,Digital Wallet,Takeaway
6823,TXN_7104682,1.0,5.0,5.0,Cookie,2023-08-31,Digital Wallet,Takeaway
6824,TXN_7105069,2.0,1.0,2.0,Coffee,2023-12-06,Cash,Takeaway
6825,TXN_7106595,1.5,2.0,3.0,Tea,2023-06-19,Credit Card,Takeaway
6826,TXN_7107807,1.0,1.0,1.0,Cookie,2023-11-01,Digital Wallet,Takeaway
6827,TXN_7108012,1.5,1.0,1.5,Tea,2023-12-31,Digital Wallet,Takeaway
6828,TXN_7108056,3.0,3.0,9.0,Juice,2023-01-25,Credit Card,In-store
6829,TXN_7109358,5.0,5.0,25.0,Salad,2023-05-02,Digital Wallet,In-store
6830,TXN_7110444,5.0,4.0,20.0,Salad,2023-12-07,Cash,In-store
6831,TXN_7113656,3.0,2.0,6.0,Juice,2023-01-22,Credit Card,Takeaway
6832,TXN_7116267,4.0,4.0,16.0,Smoothie,2023-07-29,Digital Wallet,In-store
6833,TXN_7116936,2.0,5.0,10.0,Coffee,2023-05-19,Credit Card,Takeaway
6834,TXN_7117210,3.0,4.0,12.0,Juice,2023-09-25,Digital Wallet,In-store
6835,TXN_7119228,3.0,4.0,12.0,Juice,2023-10-09,Digital Wallet,In-store
6836,TXN_7122109,2.0,5.0,10.0,Coffee,2023-05-19,Digital Wallet,Takeaway
6837,TXN_7122708,4.0,5.0,20.0,Sandwich,2023-06-23,Credit Card,Takeaway
6838,TXN_7123353,1.0,4.0,4.0,Cookie,2023-02-08,Digital Wallet,In-store
6839,TXN_7124156,5.0,1.0,5.0,Salad,2023-07-28,Credit Card,Takeaway
6840,TXN_7125392,1.0,4.0,4.0,Cookie,2023-07-05,Digital Wallet,Takeaway
6841,TXN_7125395,5.0,1.0,5.0,Salad,2023-07-23,Cash,Takeaway
6842,TXN_7125945,3.0,3.0,9.0,Cake,2023-01-30,Credit Card,In-store
6843,TXN_7126770,3.0,4.0,12.0,Cake,2023-11-09,Credit Card,Takeaway
6844,TXN_7126803,4.0,5.0,20.0,Sandwich,2023-05-24,Digital Wallet,Takeaway
6845,TXN_7127903,2.0,5.0,10.0,Coffee,2023-11-27,Digital Wallet,In-store
6846,TXN_7129511,2.0,5.0,10.0,Coffee,2023-10-29,Cash,Takeaway
6847,TXN_7131251,1.5,2.0,3.0,Tea,2023-06-28,Digital Wallet,In-store
6848,TXN_7132021,4.0,2.0,8.0,Smoothie,2023-06-28,Credit Card,In-store
6849,TXN_7133645,4.0,5.0,20.0,Sandwich,2023-06-28,Credit Card,Takeaway
6850,TXN_7134064,4.0,5.0,20.0,Smoothie,2023-04-04,Credit Card,Takeaway
6851,TXN_7134579,1.0,5.0,5.0,Cookie,2023-06-06,Digital Wallet,Takeaway
6852,TXN_7136372,3.0,3.0,9.0,Juice,2023-09-22,Credit Card,Takeaway
6853,TXN_7137256,4.0,2.0,8.0,Sandwich,2023-06-22,Cash,In-store
6854,TXN_7137364,5.0,5.0,25.0,Salad,2023-08-09,Cash,In-store
6855,TXN_7137800,1.5,1.0,1.5,Tea,2023-02-22,Digital Wallet,Takeaway
6856,TXN_7139053,5.0,4.0,20.0,Salad,2023-09-12,Digital Wallet,Takeaway
6857,TXN_7139869,1.5,1.0,1.5,Tea,2023-06-22,Cash,In-store
6858,TXN_7140471,3.0,1.0,3.0,Cake,2023-05-25,Credit Card,Takeaway
6859,TXN_7143535,1.0,2.0,2.0,Cookie,2023-05-21,Digital Wallet,Takeaway
6860,TXN_7144740,3.0,4.0,12.0,Cake,2023-07-24,Cash,Takeaway
6861,TXN_7145259,3.0,2.0,6.0,Juice,2023-11-11,Digital Wallet,In-store
6862,TXN_7145672,4.0,1.0,4.0,Sandwich,2023-10-11,Credit Card,In-store
6863,TXN_7145872,5.0,5.0,25.0,Salad,2023-04-15,Digital Wallet,Takeaway
6864,TXN_7146613,4.0,1.0,4.0,Smoothie,2023-08-01,Cash,In-store
6865,TXN_7146871,2.0,2.0,4.0,Coffee,2023-09-20,Digital Wallet,Takeaway
6866,TXN_7151374,1.5,4.0,6.0,Tea,2023-07-30,Credit Card,In-store
6867,TXN_7151817,4.0,1.0,4.0,Sandwich,2023-05-18,Cash,In-store
6868,TXN_7152012,4.0,3.0,12.0,Sandwich,2023-04-02,Digital Wallet,In-store
6869,TXN_7153313,1.5,1.0,1.5,Tea,2023-12-29,Cash,In-store
6870,TXN_7153321,5.0,5.0,25.0,Salad,2023-12-19,Credit Card,Takeaway
6871,TXN_7153455,2.0,4.0,8.0,Coffee,2023-07-02,Digital Wallet,Takeaway
6872,TXN_7153665,5.0,5.0,25.0,Salad,2023-07-31,Cash,In-store
6873,TXN_7153885,5.0,1.0,5.0,Salad,2023-05-22,Credit Card,In-store
6874,TXN_7155957,5.0,5.0,25.0,Salad,2023-02-22,Digital Wallet,In-store
6875,TXN_7157169,4.0,3.0,12.0,Sandwich,2023-01-29,Credit Card,In-store
6876,TXN_7160017,3.0,1.0,3.0,Juice,2023-09-27,Cash,In-store
6877,TXN_7160196,4.0,1.0,4.0,Sandwich,2023-12-06,Credit Card,In-store
6878,TXN_7163533,4.0,4.0,16.0,Smoothie,2023-08-17,Credit Card,Takeaway
6879,TXN_7166936,1.0,4.0,4.0,Cookie,2023-09-25,Digital Wallet,In-store
6880,TXN_7167980,4.0,3.0,12.0,Smoothie,2023-10-05,Digital Wallet,In-store
6881,TXN_7169320,2.0,3.0,6.0,Coffee,2023-10-05,Credit Card,Takeaway
6882,TXN_7169607,3.0,2.0,6.0,Cake,2023-04-10,Credit Card,Takeaway
6883,TXN_7171303,4.0,1.0,4.0,Sandwich,2023-04-30,Credit Card,In-store
6884,TXN_7171590,2.0,3.0,6.0,Coffee,2023-04-24,Credit Card,In-store
6885,TXN_7172693,5.0,5.0,25.0,Salad,2023-03-23,Credit Card,In-store
6886,TXN_7174856,4.0,1.0,4.0,Sandwich,2023-05-03,Cash,Takeaway
6887,TXN_7176851,1.5,4.0,6.0,Tea,2023-11-20,Credit Card,Takeaway
6888,TXN_7177487,1.5,4.0,6.0,Tea,2023-09-07,Credit Card,In-store
6889,TXN_7177709,3.0,5.0,15.0,Juice,2023-03-08,Digital Wallet,Takeaway
6890,TXN_7179013,3.0,5.0,15.0,Juice,2023-05-06,Credit Card,In-store
6891,TXN_7179827,3.0,4.0,12.0,Juice,2023-06-28,Credit Card,In-store
6892,TXN_7179922,3.0,2.0,6.0,Cake,2023-09-05,Cash,In-store
6893,TXN_7180164,4.0,5.0,20.0,Sandwich,2023-01-05,Cash,Takeaway
6894,TXN_7185724,3.0,4.0,12.0,Cake,2023-05-06,Cash,Takeaway
6895,TXN_7186675,1.0,4.0,4.0,Cookie,2023-11-09,Cash,Takeaway
6896,TXN_7187128,1.5,5.0,7.5,Tea,2023-08-24,Digital Wallet,Takeaway
6897,TXN_7187140,3.0,2.0,6.0,Juice,2023-05-25,Credit Card,In-store
6898,TXN_7187207,2.0,5.0,10.0,Coffee,2023-02-18,Cash,Takeaway
6899,TXN_7187578,5.0,5.0,25.0,Salad,2023-11-20,Cash,In-store
6900,TXN_7188412,4.0,1.0,4.0,Sandwich,2023-08-08,Credit Card,Takeaway
6901,TXN_7189368,4.0,2.0,8.0,Sandwich,2023-01-22,Credit Card,In-store
6902,TXN_7191245,3.0,4.0,12.0,Cake,2023-05-22,Cash,Takeaway
6903,TXN_7192920,4.0,4.0,16.0,Smoothie,2023-02-28,Digital Wallet,In-store
6904,TXN_7195393,5.0,2.0,10.0,Salad,2023-01-24,Credit Card,In-store
6905,TXN_7196144,4.0,3.0,12.0,Smoothie,2023-03-28,Digital Wallet,In-store
6906,TXN_7198128,3.0,2.0,6.0,Cake,2023-09-07,Cash,In-store
6907,TXN_7201361,4.0,3.0,12.0,Smoothie,2023-05-26,Cash,In-store
6908,TXN_7201724,5.0,1.0,5.0,Salad,2023-03-20,Cash,Takeaway
6909,TXN_7202644,4.0,5.0,20.0,Smoothie,2023-08-01,Digital Wallet,Takeaway
6910,TXN_7202898,1.0,4.0,4.0,Cookie,2023-07-18,Digital Wallet,Takeaway
6911,TXN_7205370,4.0,4.0,16.0,Smoothie,2023-12-07,Cash,In-store
6912,TXN_7205840,5.0,3.0,15.0,Salad,2023-03-05,Cash,In-store
6913,TXN_7206160,4.0,2.0,8.0,Sandwich,2023-09-07,Credit Card,In-store
6914,TXN_7207901,4.0,2.0,8.0,Smoothie,2023-12-11,Digital Wallet,In-store
6915,TXN_7208533,1.5,1.0,1.5,Tea,2023-05-15,Cash,In-store
6916,TXN_7208983,5.0,1.0,5.0,Salad,2023-09-28,Digital Wallet,In-store
6917,TXN_7210366,3.0,2.0,6.0,Cake,2023-03-25,Digital Wallet,Takeaway
6918,TXN_7211769,3.0,1.0,3.0,Juice,2023-09-11,Credit Card,In-store
6919,TXN_7211792,1.5,3.0,4.5,Tea,2023-11-27,Digital Wallet,Takeaway
6920,TXN_7212607,2.0,3.0,6.0,Coffee,2023-08-06,Digital Wallet,In-store
6921,TXN_7213830,3.0,5.0,15.0,Juice,2023-08-04,Credit Card,In-store
6922,TXN_7215311,1.5,1.0,1.5,Tea,2023-07-31,Digital Wallet,In-store
6923,TXN_7215900,2.0,3.0,6.0,Coffee,2023-08-26,Cash,Takeaway
6924,TXN_7215985,1.5,4.0,6.0,Tea,2023-08-07,Credit Card,In-store
6925,TXN_7216161,1.5,4.0,6.0,Tea,2023-07-06,Credit Card,In-store
6926,TXN_7216922,3.0,5.0,15.0,Juice,2023-06-26,Digital Wallet,In-store
6927,TXN_7217284,5.0,3.0,15.0,Salad,2023-12-29,Cash,In-store
6928,TXN_7217537,5.0,3.0,15.0,Salad,2023-12-19,Cash,In-store
6929,TXN_7218134,3.0,5.0,15.0,Cake,2023-01-14,Cash,Takeaway
6930,TXN_7218719,3.0,1.0,3.0,Cake,2023-10-07,Cash,Takeaway
6931,TXN_7218914,5.0,1.0,5.0,Salad,2023-01-11,Digital Wallet,In-store
6932,TXN_7221126,1.5,5.0,7.5,Tea,2023-10-11,Digital Wallet,In-store
6933,TXN_7221831,2.0,3.0,6.0,Coffee,2023-03-26,Credit Card,Takeaway
6934,TXN_7222483,4.0,5.0,20.0,Sandwich,2023-05-02,Credit Card,Takeaway
6935,TXN_7223120,3.0,1.0,3.0,Juice,2023-03-13,Digital Wallet,In-store
6936,TXN_7223387,3.0,3.0,9.0,Juice,2023-12-17,Cash,In-store
6937,TXN_7223646,1.0,5.0,5.0,Cookie,2023-09-19,Credit Card,Takeaway
6938,TXN_7223850,5.0,2.0,10.0,Salad,2023-02-05,Credit Card,In-store
6939,TXN_7225428,1.5,2.0,3.0,Tea,2023-03-07,Credit Card,Takeaway
6940,TXN_7226052,4.0,3.0,12.0,Sandwich,2023-02-21,Cash,In-store
6941,TXN_7226406,3.0,1.0,3.0,Cake,2023-02-11,Credit Card,Takeaway
6942,TXN_7228322,1.0,1.0,1.0,Cookie,2023-02-18,Credit Card,Takeaway
6943,TXN_7228816,5.0,1.0,5.0,Salad,2023-04-21,Cash,In-store
6944,TXN_7229419,5.0,2.0,10.0,Salad,2023-05-15,Cash,Takeaway
6945,TXN_7229543,3.0,1.0,3.0,Cake,2023-07-10,Credit Card,Takeaway
6946,TXN_7229918,2.0,2.0,4.0,Coffee,2023-03-24,Digital Wallet,Takeaway
6947,TXN_7230500,3.0,3.0,9.0,Juice,2023-12-12,Credit Card,In-store
6948,TXN_7230977,3.0,5.0,15.0,Juice,2023-08-24,Digital Wallet,Takeaway
6949,TXN_7231153,5.0,1.0,5.0,Salad,2023-06-15,Cash,In-store
6950,TXN_7231548,4.0,3.0,12.0,Smoothie,2023-11-06,Credit Card,In-store
6951,TXN_7232524,1.0,3.0,3.0,Cookie,2023-12-23,Cash,In-store
6952,TXN_7233393,3.0,5.0,15.0,Juice,2023-11-22,Credit Card,In-store
6953,TXN_7234224,3.0,3.0,9.0,Cake,2023-10-31,Cash,Takeaway
6954,TXN_7238674,1.0,1.0,1.0,Cookie,2023-11-03,Digital Wallet,Takeaway
6955,TXN_7241288,4.0,5.0,20.0,Sandwich,2023-04-11,Cash,Takeaway
6956,TXN_7241859,1.0,1.0,1.0,Cookie,2023-04-11,Digital Wallet,Takeaway
6957,TXN_7242133,2.0,3.0,6.0,Coffee,2023-05-20,Digital Wallet,Takeaway
6958,TXN_7242713,4.0,1.0,4.0,Sandwich,2023-04-21,Credit Card,In-store
6959,TXN_7243779,1.0,1.0,1.0,Cookie,2023-04-21,Digital Wallet,In-store
6960,TXN_7246683,4.0,1.0,4.0,Smoothie,2023-05-17,Digital Wallet,Takeaway
6961,TXN_7246698,4.0,3.0,12.0,Sandwich,2023-06-22,Credit Card,In-store
6962,TXN_7248594,2.0,3.0,6.0,Coffee,2023-03-26,Credit Card,In-store
6963,TXN_7248722,3.0,3.0,9.0,Cake,2023-04-06,Cash,Takeaway
6964,TXN_7249235,4.0,3.0,12.0,Sandwich,2023-05-27,Cash,In-store
6965,TXN_7249396,3.0,1.0,3.0,Cake,2023-09-26,Cash,Takeaway
6966,TXN_7250085,2.0,4.0,8.0,Coffee,2023-09-19,Digital Wallet,Takeaway
6967,TXN_7251037,5.0,3.0,15.0,Salad,2023-08-17,Credit Card,In-store
6968,TXN_7251108,3.0,3.0,9.0,Juice,2023-10-04,Credit Card,In-store
6969,TXN_7251929,5.0,2.0,10.0,Salad,2023-01-31,Digital Wallet,In-store
6970,TXN_7251969,1.0,2.0,2.0,Cookie,2023-08-14,Digital Wallet,In-store
6971,TXN_7252860,1.0,3.0,3.0,Cookie,2023-06-18,Digital Wallet,Takeaway
6972,TXN_7253734,4.0,5.0,20.0,Sandwich,2023-09-28,Digital Wallet,In-store
6973,TXN_7254494,2.0,5.0,10.0,Coffee,2023-03-16,Credit Card,Takeaway
6974,TXN_7255755,4.0,5.0,20.0,Sandwich,2023-10-19,Credit Card,In-store
6975,TXN_7256205,3.0,4.0,12.0,Juice,2023-04-08,Cash,In-store
6976,TXN_7258784,2.0,4.0,8.0,Coffee,2023-09-21,Cash,In-store
6977,TXN_7260110,5.0,5.0,25.0,Salad,2023-03-07,Credit Card,In-store
6978,TXN_7262554,5.0,3.0,15.0,Salad,2023-07-08,Credit Card,In-store
6979,TXN_7263939,4.0,1.0,4.0,Sandwich,2023-08-08,Credit Card,In-store
6980,TXN_7264039,3.0,5.0,15.0,Cake,2023-09-19,Cash,Takeaway
6981,TXN_7266318,4.0,1.0,4.0,Sandwich,2023-01-16,Credit Card,In-store
6982,TXN_7267366,4.0,3.0,12.0,Sandwich,2023-06-02,Digital Wallet,Takeaway
6983,TXN_7268366,3.0,5.0,15.0,Juice,2023-12-14,Digital Wallet,In-store
6984,TXN_7268387,3.0,3.0,9.0,Juice,2023-04-09,Credit Card,Takeaway
6985,TXN_7268802,5.0,2.0,10.0,Salad,2023-04-10,Digital Wallet,Takeaway
6986,TXN_7269513,5.0,3.0,15.0,Salad,2023-05-12,Cash,In-store
6987,TXN_7269738,1.0,3.0,3.0,Cookie,2023-05-26,Cash,Takeaway
6988,TXN_7270652,4.0,1.0,4.0,Sandwich,2023-05-14,Credit Card,Takeaway
6989,TXN_7272630,1.5,4.0,6.0,Tea,2023-03-24,Cash,Takeaway
6990,TXN_7272945,4.0,4.0,16.0,Smoothie,2023-04-13,Digital Wallet,Takeaway
6991,TXN_7275407,4.0,2.0,8.0,Smoothie,2023-10-20,Digital Wallet,In-store
6992,TXN_7276452,2.0,3.0,6.0,Coffee,2023-06-05,Digital Wallet,Takeaway
6993,TXN_7276478,4.0,5.0,20.0,Sandwich,2023-09-07,Cash,Takeaway
6994,TXN_7276927,2.0,5.0,10.0,Coffee,2023-07-06,Cash,Takeaway
6995,TXN_7277750,3.0,2.0,6.0,Cake,2023-09-29,Cash,Takeaway
6996,TXN_7278248,5.0,5.0,25.0,Salad,2023-10-23,Cash,Takeaway
6997,TXN_7278328,4.0,1.0,4.0,Smoothie,2023-01-29,Credit Card,In-store
6998,TXN_7278970,5.0,2.0,10.0,Salad,2023-08-15,Cash,In-store
6999,TXN_7279066,3.0,5.0,15.0,Juice,2023-09-09,Digital Wallet,Takeaway
7000,TXN_7280191,2.0,3.0,6.0,Coffee,2023-08-23,Digital Wallet,Takeaway
7001,TXN_7282082,4.0,4.0,16.0,Sandwich,2023-02-02,Credit Card,In-store
7002,TXN_7286934,4.0,2.0,8.0,Smoothie,2023-03-27,Credit Card,In-store
7003,TXN_7290923,5.0,3.0,15.0,Salad,2023-02-09,Cash,In-store
7004,TXN_7292548,1.0,4.0,4.0,Cookie,2023-03-24,Digital Wallet,Takeaway
7005,TXN_7292662,4.0,1.0,4.0,Sandwich,2023-03-24,Credit Card,In-store
7006,TXN_7292790,1.0,4.0,4.0,Cookie,2023-06-13,Cash,In-store
7007,TXN_7293241,2.0,1.0,2.0,Coffee,2023-08-27,Digital Wallet,Takeaway
7008,TXN_7293600,3.0,3.0,9.0,Cake,2023-10-28,Digital Wallet,Takeaway
7009,TXN_7294526,4.0,5.0,20.0,Smoothie,2023-12-02,Digital Wallet,Takeaway
7010,TXN_7296498,5.0,5.0,25.0,Salad,2023-05-19,Credit Card,Takeaway
7011,TXN_7296560,3.0,2.0,6.0,Juice,2023-10-20,Digital Wallet,In-store
7012,TXN_7299015,2.0,5.0,10.0,Coffee,2023-12-02,Digital Wallet,Takeaway
7013,TXN_7300653,1.0,5.0,5.0,Cookie,2023-04-24,Digital Wallet,Takeaway
7014,TXN_7302788,2.0,1.0,2.0,Coffee,2023-09-18,Cash,In-store
7015,TXN_7302991,4.0,4.0,16.0,Sandwich,2023-04-05,Digital Wallet,Takeaway
7016,TXN_7303515,5.0,4.0,20.0,Salad,2023-05-29,Cash,In-store
7017,TXN_7303706,2.0,2.0,4.0,Coffee,2023-12-14,Cash,In-store
7018,TXN_7308096,1.5,2.0,3.0,Tea,2023-08-13,Cash,Takeaway
7019,TXN_7308222,5.0,2.0,10.0,Salad,2023-03-09,Cash,Takeaway
7020,TXN_7308629,5.0,4.0,20.0,Salad,2023-11-24,Cash,Takeaway
7021,TXN_7309365,3.0,2.0,6.0,Cake,2023-08-31,Cash,Takeaway
7022,TXN_7310356,3.0,4.0,12.0,Juice,2023-10-20,Digital Wallet,In-store
7023,TXN_7310903,4.0,3.0,12.0,Smoothie,2023-09-10,Credit Card,In-store
7024,TXN_7311097,2.0,5.0,10.0,Coffee,2023-08-05,Digital Wallet,In-store
7025,TXN_7311815,1.0,4.0,4.0,Cookie,2023-05-11,Digital Wallet,Takeaway
7026,TXN_7312277,3.0,4.0,12.0,Juice,2023-09-07,Digital Wallet,In-store
7027,TXN_7312448,1.5,1.0,1.5,Tea,2023-01-16,Digital Wallet,In-store
7028,TXN_7312736,1.0,2.0,2.0,Cookie,2023-12-02,Digital Wallet,Takeaway
7029,TXN_7313328,3.0,1.0,3.0,Juice,2023-01-03,Digital Wallet,Takeaway
7030,TXN_7314409,4.0,5.0,20.0,Smoothie,2023-08-06,Credit Card,In-store
7031,TXN_7315198,5.0,2.0,10.0,Salad,2023-09-23,Cash,In-store
7032,TXN_7316790,2.0,1.0,2.0,Coffee,2023-11-07,Credit Card,In-store
7033,TXN_7317475,5.0,4.0,20.0,Salad,2023-06-21,Cash,Takeaway
7034,TXN_7321479,3.0,1.0,3.0,Cake,2023-10-31,Cash,Takeaway
7035,TXN_7321789,3.0,3.0,9.0,Juice,2023-05-10,Digital Wallet,Takeaway
7036,TXN_7321946,3.0,3.0,9.0,Cake,2023-02-12,Cash,Takeaway
7037,TXN_7322317,1.5,1.0,1.5,Tea,2023-03-16,Digital Wallet,In-store
7038,TXN_7322436,4.0,3.0,12.0,Sandwich,2023-06-29,Digital Wallet,In-store
7039,TXN_7323040,1.0,3.0,3.0,Cookie,2023-11-09,Digital Wallet,Takeaway
7040,TXN_7323833,4.0,3.0,12.0,Sandwich,2023-04-09,Credit Card,In-store
7041,TXN_7323885,4.0,5.0,20.0,Sandwich,2023-09-15,Cash,In-store
7042,TXN_7325430,2.0,2.0,4.0,Coffee,2023-04-17,Cash,Takeaway
7043,TXN_7325508,5.0,4.0,20.0,Salad,2023-05-27,Credit Card,Takeaway
7044,TXN_7326075,1.0,1.0,1.0,Cookie,2023-06-12,Cash,Takeaway
7045,TXN_7326720,3.0,2.0,6.0,Cake,2023-12-08,Cash,In-store
7046,TXN_7326827,4.0,1.0,4.0,Smoothie,2023-06-30,Digital Wallet,In-store
7047,TXN_7326974,3.0,4.0,12.0,Cake,2023-12-31,Credit Card,Takeaway
7048,TXN_7327362,2.0,5.0,10.0,Coffee,2023-06-29,Credit Card,In-store
7049,TXN_7327440,1.0,3.0,3.0,Cookie,2023-05-02,Cash,In-store
7050,TXN_7328209,4.0,3.0,12.0,Sandwich,2023-03-01,Credit Card,In-store
7051,TXN_7328294,3.0,2.0,6.0,Juice,2023-07-07,Cash,In-store
7052,TXN_7328604,5.0,2.0,10.0,Salad,2023-02-25,Credit Card,In-store
7053,TXN_7328705,1.0,4.0,4.0,Cookie,2023-09-09,Digital Wallet,Takeaway
7054,TXN_7330330,1.0,2.0,2.0,Cookie,2023-10-16,Digital Wallet,In-store
7055,TXN_7331525,3.0,2.0,6.0,Cake,2023-10-16,Cash,Takeaway
7056,TXN_7331903,5.0,1.0,5.0,Salad,2023-05-23,Cash,Takeaway
7057,TXN_7332192,2.0,1.0,2.0,Coffee,2023-11-17,Credit Card,Takeaway
7058,TXN_7332957,4.0,5.0,20.0,Sandwich,2023-07-26,Digital Wallet,In-store
7059,TXN_7334272,4.0,2.0,8.0,Sandwich,2023-07-07,Credit Card,Takeaway
7060,TXN_7334418,1.0,2.0,2.0,Cookie,2023-03-24,Digital Wallet,Takeaway
7061,TXN_7335526,4.0,4.0,16.0,Sandwich,2023-06-03,Cash,In-store
7062,TXN_7337979,2.0,1.0,2.0,Coffee,2023-05-27,Digital Wallet,In-store
7063,TXN_7340284,1.0,5.0,5.0,Cookie,2023-09-05,Digital Wallet,Takeaway
7064,TXN_7341975,3.0,2.0,6.0,Juice,2023-07-29,Digital Wallet,In-store
7065,TXN_7341998,3.0,3.0,9.0,Cake,2023-02-18,Digital Wallet,Takeaway
7066,TXN_7343062,4.0,5.0,20.0,Sandwich,2023-08-11,Digital Wallet,In-store
7067,TXN_7343342,1.0,2.0,2.0,Cookie,2023-12-21,Cash,Takeaway
7068,TXN_7343660,5.0,5.0,25.0,Salad,2023-08-06,Credit Card,In-store
7069,TXN_7343905,3.0,1.0,3.0,Cake,2023-01-17,Digital Wallet,In-store
7070,TXN_7345190,4.0,4.0,16.0,Smoothie,2023-02-20,Digital Wallet,In-store
7071,TXN_7345414,5.0,1.0,5.0,Salad,2023-02-15,Cash,In-store
7072,TXN_7347515,4.0,3.0,12.0,Smoothie,2023-04-25,Digital Wallet,Takeaway
7073,TXN_7349134,4.0,1.0,4.0,Sandwich,2023-05-28,Credit Card,In-store
7074,TXN_7349319,1.0,3.0,3.0,Cookie,2023-03-10,Digital Wallet,Takeaway
7075,TXN_7349681,5.0,1.0,5.0,Salad,2023-08-09,Cash,In-store
7076,TXN_7350571,4.0,1.0,4.0,Smoothie,2023-02-19,Credit Card,In-store
7077,TXN_7352058,2.0,2.0,4.0,Coffee,2023-08-24,Digital Wallet,Takeaway
7078,TXN_7353685,4.0,2.0,8.0,Sandwich,2023-08-24,Credit Card,In-store
7079,TXN_7353699,1.5,5.0,7.5,Tea,2023-07-20,Digital Wallet,In-store
7080,TXN_7353972,3.0,4.0,12.0,Juice,2023-02-02,Cash,In-store
7081,TXN_7354271,1.0,4.0,4.0,Cookie,2023-04-12,Digital Wallet,In-store
7082,TXN_7354480,3.0,2.0,6.0,Cake,2023-01-17,Cash,Takeaway
7083,TXN_7355326,1.0,1.0,1.0,Cookie,2023-01-03,Digital Wallet,Takeaway
7084,TXN_7355635,3.0,3.0,9.0,Juice,2023-12-21,Digital Wallet,In-store
7085,TXN_7358729,1.0,2.0,2.0,Cookie,2023-02-25,Cash,Takeaway
7086,TXN_7359190,5.0,3.0,15.0,Salad,2023-12-19,Cash,In-store
7087,TXN_7359566,2.0,1.0,2.0,Coffee,2023-04-06,Cash,In-store
7088,TXN_7360979,4.0,1.0,4.0,Sandwich,2023-08-16,Credit Card,In-store
7089,TXN_7362525,3.0,5.0,15.0,Cake,2023-06-09,Cash,Takeaway
7090,TXN_7362526,3.0,1.0,3.0,Juice,2023-09-16,Credit Card,Takeaway
7091,TXN_7362776,1.0,5.0,5.0,Cookie,2023-01-26,Digital Wallet,In-store
7092,TXN_7364110,2.0,5.0,10.0,Coffee,2023-01-26,Cash,Takeaway
7093,TXN_7365744,1.0,4.0,4.0,Cookie,2023-08-20,Cash,In-store
7094,TXN_7366807,5.0,3.0,15.0,Salad,2023-10-22,Cash,In-store
7095,TXN_7367134,4.0,4.0,16.0,Smoothie,2023-10-03,Digital Wallet,In-store
7096,TXN_7367474,3.0,5.0,15.0,Juice,2023-01-01,Digital Wallet,Takeaway
7097,TXN_7368194,4.0,2.0,8.0,Smoothie,2023-10-29,Credit Card,In-store
7098,TXN_7368518,3.0,3.0,9.0,Juice,2023-03-14,Digital Wallet,In-store
7099,TXN_7368648,1.5,1.0,1.5,Tea,2023-03-09,Digital Wallet,In-store
7100,TXN_7369807,2.0,4.0,8.0,Coffee,2023-02-22,Digital Wallet,In-store
7101,TXN_7371295,3.0,3.0,9.0,Juice,2023-03-28,Digital Wallet,In-store
7102,TXN_7371782,1.5,3.0,4.5,Tea,2023-02-26,Cash,In-store
7103,TXN_7373126,4.0,2.0,8.0,Smoothie,2023-11-18,Credit Card,In-store
7104,TXN_7374304,1.5,5.0,7.5,Tea,2023-05-10,Digital Wallet,In-store
7105,TXN_7374846,4.0,1.0,4.0,Sandwich,2023-05-29,Credit Card,In-store
7106,TXN_7375024,1.0,1.0,1.0,Cookie,2023-12-10,Cash,In-store
7107,TXN_7376092,1.0,4.0,4.0,Cookie,2023-11-07,Cash,In-store
7108,TXN_7376255,3.0,3.0,25.0,Juice,2023-05-27,Digital Wallet,In-store
7109,TXN_7377398,3.0,2.0,6.0,Juice,2023-02-26,Cash,Takeaway
7110,TXN_7377496,3.0,1.0,3.0,Juice,2023-02-28,Credit Card,Takeaway
7111,TXN_7379007,3.0,2.0,6.0,Cake,2023-02-28,Cash,Takeaway
7112,TXN_7379939,1.0,1.0,1.0,Cookie,2023-04-21,Cash,Takeaway
7113,TXN_7380217,1.5,1.0,1.5,Tea,2023-09-10,Digital Wallet,In-store
7114,TXN_7380277,4.0,4.0,16.0,Sandwich,2023-04-24,Digital Wallet,Takeaway
7115,TXN_7380756,5.0,1.0,5.0,Salad,2023-10-16,Digital Wallet,Takeaway
7116,TXN_7383137,2.0,2.0,4.0,Coffee,2023-12-02,Credit Card,In-store
7117,TXN_7384923,4.0,2.0,8.0,Sandwich,2023-01-24,Credit Card,Takeaway
7118,TXN_7386089,4.0,2.0,8.0,Sandwich,2023-07-15,Credit Card,In-store
7119,TXN_7387056,3.0,4.0,12.0,Juice,2023-10-24,Credit Card,In-store
7120,TXN_7387416,3.0,3.0,9.0,Juice,2023-12-15,Cash,In-store
7121,TXN_7387701,2.0,1.0,2.0,Coffee,2023-12-15,Cash,Takeaway
7122,TXN_7388752,5.0,1.0,5.0,Salad,2023-08-28,Credit Card,Takeaway
7123,TXN_7388851,4.0,1.0,4.0,Smoothie,2023-09-30,Digital Wallet,In-store
7124,TXN_7389329,2.0,4.0,8.0,Coffee,2023-01-18,Digital Wallet,Takeaway
7125,TXN_7389626,1.5,2.0,3.0,Tea,2023-01-18,Digital Wallet,In-store
7126,TXN_7390866,1.5,5.0,7.5,Tea,2023-01-18,Digital Wallet,Takeaway
7127,TXN_7391138,1.5,5.0,7.5,Tea,2023-08-23,Cash,In-store
7128,TXN_7391267,3.0,3.0,9.0,Cake,2023-12-07,Digital Wallet,In-store
7129,TXN_7396497,4.0,5.0,20.0,Sandwich,2023-02-10,Credit Card,In-store
7130,TXN_7397017,5.0,3.0,15.0,Salad,2023-02-10,Digital Wallet,Takeaway
7131,TXN_7397665,5.0,5.0,25.0,Salad,2023-11-11,Credit Card,Takeaway
7132,TXN_7398884,4.0,3.0,12.0,Sandwich,2023-12-24,Credit Card,Takeaway
7133,TXN_7399897,3.0,4.0,12.0,Juice,2023-11-14,Digital Wallet,Takeaway
7134,TXN_7399898,3.0,3.0,9.0,Juice,2023-02-19,Digital Wallet,In-store
7135,TXN_7400015,3.0,4.0,12.0,Juice,2023-01-27,Cash,In-store
7136,TXN_7401217,5.0,4.0,20.0,Salad,2023-02-06,Cash,In-store
7137,TXN_7401710,4.0,5.0,20.0,Sandwich,2023-10-24,Cash,In-store
7138,TXN_7402573,4.0,4.0,16.0,Sandwich,2023-02-13,Credit Card,Takeaway
7139,TXN_7402846,3.0,2.0,6.0,Juice,2023-10-11,Credit Card,Takeaway
7140,TXN_7403839,2.0,1.0,2.0,Coffee,2023-12-23,Digital Wallet,Takeaway
7141,TXN_7403963,4.0,4.0,16.0,Sandwich,2023-07-27,Cash,In-store
7142,TXN_7406393,1.5,5.0,7.5,Tea,2023-06-18,Credit Card,Takeaway
7143,TXN_7407946,5.0,3.0,15.0,Salad,2023-03-26,Credit Card,In-store
7144,TXN_7408461,3.0,3.0,9.0,Juice,2023-11-05,Digital Wallet,In-store
7145,TXN_7411993,3.0,2.0,6.0,Cake,2023-02-11,Digital Wallet,In-store
7146,TXN_7412012,2.0,1.0,2.0,Coffee,2023-08-02,Cash,In-store
7147,TXN_7412722,3.0,4.0,12.0,Juice,2023-04-07,Cash,In-store
7148,TXN_7412782,1.0,2.0,2.0,Cookie,2023-03-28,Digital Wallet,Takeaway
7149,TXN_7413282,3.0,5.0,15.0,Cake,2023-10-13,Cash,Takeaway
7150,TXN_7414587,1.5,3.0,4.5,Tea,2023-03-22,Cash,Takeaway
7151,TXN_7415686,4.0,3.0,12.0,Sandwich,2023-04-13,Credit Card,In-store
7152,TXN_7416196,4.0,2.0,8.0,Smoothie,2023-10-20,Cash,In-store
7153,TXN_7416669,1.5,3.0,4.5,Tea,2023-09-28,Digital Wallet,In-store
7154,TXN_7416770,3.0,3.0,9.0,Juice,2023-04-08,Digital Wallet,Takeaway
7155,TXN_7416880,3.0,1.0,3.0,Cake,2023-07-20,Credit Card,In-store
7156,TXN_7418152,1.0,4.0,4.0,Cookie,2023-09-21,Cash,Takeaway
7157,TXN_7418562,4.0,4.0,16.0,Sandwich,2023-01-15,Credit Card,In-store
7158,TXN_7418962,4.0,4.0,16.0,Smoothie,2023-03-07,Cash,In-store
7159,TXN_7419274,3.0,2.0,6.0,Juice,2023-12-18,Cash,Takeaway
7160,TXN_7420434,2.0,4.0,8.0,Coffee,2023-07-16,Credit Card,Takeaway
7161,TXN_7421018,4.0,4.0,16.0,Sandwich,2023-08-26,Digital Wallet,In-store
7162,TXN_7421687,2.0,5.0,10.0,Coffee,2023-11-18,Credit Card,In-store
7163,TXN_7423281,3.0,1.0,3.0,Juice,2023-06-01,Digital Wallet,In-store
7164,TXN_7423885,3.0,4.0,12.0,Juice,2023-09-06,Digital Wallet,Takeaway
7165,TXN_7426086,2.0,4.0,8.0,Coffee,2023-01-13,Digital Wallet,Takeaway
7166,TXN_7426387,4.0,5.0,20.0,Smoothie,2023-10-30,Cash,In-store
7167,TXN_7427357,3.0,4.0,12.0,Cake,2023-10-31,Digital Wallet,In-store
7168,TXN_7429032,4.0,2.0,8.0,Sandwich,2023-08-18,Credit Card,Takeaway
7169,TXN_7430227,3.0,3.0,9.0,Cake,2023-07-24,Cash,In-store
7170,TXN_7433269,1.5,1.0,1.5,Tea,2023-05-18,Cash,In-store
7171,TXN_7433308,5.0,4.0,20.0,Salad,2023-02-14,Cash,Takeaway
7172,TXN_7433461,1.0,2.0,2.0,Cookie,2023-07-09,Digital Wallet,Takeaway
7173,TXN_7433531,4.0,2.0,8.0,Sandwich,2023-08-16,Credit Card,Takeaway
7174,TXN_7433758,1.0,1.0,1.0,Cookie,2023-06-09,Cash,Takeaway
7175,TXN_7434172,1.0,2.0,2.0,Cookie,2023-11-14,Digital Wallet,Takeaway
7176,TXN_7435096,1.5,4.0,6.0,Tea,2023-10-21,Digital Wallet,In-store
7177,TXN_7435796,2.0,2.0,4.0,Coffee,2023-11-03,Cash,In-store
7178,TXN_7436097,2.0,5.0,10.0,Coffee,2023-10-25,Digital Wallet,Takeaway
7179,TXN_7438831,2.0,5.0,10.0,Coffee,2023-12-24,Digital Wallet,Takeaway
7180,TXN_7439400,5.0,3.0,15.0,Salad,2023-06-28,Cash,Takeaway
7181,TXN_7440057,3.0,1.0,3.0,Juice,2023-07-05,Credit Card,In-store
7182,TXN_7440879,3.0,1.0,3.0,Juice,2023-12-30,Digital Wallet,In-store
7183,TXN_7442492,5.0,5.0,25.0,Salad,2023-07-23,Credit Card,Takeaway
7184,TXN_7444541,5.0,2.0,10.0,Salad,2023-11-29,Cash,In-store
7185,TXN_7445257,2.0,1.0,2.0,Coffee,2023-04-02,Digital Wallet,Takeaway
7186,TXN_7445500,5.0,4.0,20.0,Salad,2023-04-02,Cash,In-store
7187,TXN_7447872,3.0,2.0,6.0,Juice,2023-04-02,Digital Wallet,In-store
7188,TXN_7448158,3.0,2.0,6.0,Cake,2023-09-28,Digital Wallet,Takeaway
7189,TXN_7448296,1.0,1.0,1.0,Cookie,2023-11-15,Credit Card,In-store
7190,TXN_7451083,2.0,1.0,2.0,Coffee,2023-06-24,Digital Wallet,Takeaway
7191,TXN_7453213,2.0,3.0,6.0,Coffee,2023-10-27,Digital Wallet,In-store
7192,TXN_7454416,1.5,1.0,1.5,Tea,2023-12-07,Credit Card,Takeaway
7193,TXN_7454894,1.5,1.0,1.5,Tea,2023-07-25,Cash,Takeaway
7194,TXN_7455637,3.0,3.0,9.0,Juice,2023-04-23,Digital Wallet,Takeaway
7195,TXN_7455953,2.0,2.0,4.0,Coffee,2023-05-01,Digital Wallet,Takeaway
7196,TXN_7458568,4.0,5.0,20.0,Smoothie,2023-05-09,Digital Wallet,In-store
7197,TXN_7460497,3.0,5.0,15.0,Cake,2023-11-13,Cash,Takeaway
7198,TXN_7461544,1.0,4.0,4.0,Cookie,2023-08-22,Credit Card,Takeaway
7199,TXN_7461658,2.0,3.0,6.0,Coffee,2023-08-13,Credit Card,Takeaway
7200,TXN_7463011,4.0,2.0,8.0,Sandwich,2023-01-22,Credit Card,In-store
7201,TXN_7463102,4.0,5.0,20.0,Smoothie,2023-11-27,Cash,Takeaway
7202,TXN_7465693,4.0,3.0,12.0,Sandwich,2023-09-04,Digital Wallet,In-store
7203,TXN_7466297,1.0,1.0,1.0,Cookie,2023-07-13,Digital Wallet,Takeaway
7204,TXN_7466586,5.0,4.0,20.0,Salad,2023-04-02,Digital Wallet,Takeaway
7205,TXN_7467621,5.0,4.0,20.0,Salad,2023-01-28,Credit Card,Takeaway
7206,TXN_7468084,2.0,5.0,10.0,Coffee,2023-06-14,Credit Card,Takeaway
7207,TXN_7468777,5.0,1.0,5.0,Salad,2023-06-14,Digital Wallet,In-store
7208,TXN_7469391,2.0,5.0,10.0,Coffee,2023-06-14,Cash,In-store
7209,TXN_7469771,3.0,5.0,15.0,Cake,2023-12-09,Cash,Takeaway
7210,TXN_7470034,4.0,5.0,20.0,Smoothie,2023-12-09,Digital Wallet,Takeaway
7211,TXN_7470910,5.0,2.0,10.0,Salad,2023-11-22,Cash,In-store
7212,TXN_7471281,4.0,5.0,20.0,Sandwich,2023-06-16,Credit Card,In-store
7213,TXN_7471753,4.0,5.0,20.0,Smoothie,2023-03-13,Cash,In-store
7214,TXN_7474617,5.0,3.0,15.0,Salad,2023-03-13,Credit Card,Takeaway
7215,TXN_7475500,1.0,2.0,2.0,Cookie,2023-11-22,Cash,Takeaway
7216,TXN_7476268,3.0,2.0,6.0,Juice,2023-06-07,Credit Card,In-store
7217,TXN_7476348,2.0,2.0,4.0,Coffee,2023-10-09,Digital Wallet,In-store
7218,TXN_7477271,1.5,5.0,7.5,Tea,2023-07-12,Digital Wallet,Takeaway
7219,TXN_7478306,1.5,2.0,3.0,Tea,2023-06-14,Digital Wallet,In-store
7220,TXN_7478389,1.0,5.0,5.0,Cookie,2023-10-13,Digital Wallet,Takeaway
7221,TXN_7479695,4.0,5.0,20.0,Smoothie,2023-12-12,Credit Card,In-store
7222,TXN_7480234,5.0,1.0,5.0,Salad,2023-05-10,Cash,Takeaway
7223,TXN_7480853,4.0,2.0,8.0,Smoothie,2023-10-07,Digital Wallet,In-store
7224,TXN_7480940,2.0,2.0,4.0,Coffee,2023-01-25,Cash,In-store
7225,TXN_7482583,1.5,5.0,7.5,Tea,2023-01-25,Credit Card,In-store
7226,TXN_7482834,4.0,5.0,20.0,Sandwich,2023-05-16,Credit Card,In-store
7227,TXN_7483257,4.0,2.0,8.0,Sandwich,2023-06-05,Digital Wallet,Takeaway
7228,TXN_7483986,5.0,2.0,10.0,Salad,2023-03-24,Cash,Takeaway
7229,TXN_7484638,4.0,3.0,12.0,Sandwich,2023-10-17,Digital Wallet,In-store
7230,TXN_7484682,3.0,1.0,3.0,Juice,2023-12-28,Cash,In-store
7231,TXN_7484886,4.0,3.0,12.0,Smoothie,2023-04-17,Digital Wallet,In-store
7232,TXN_7485379,3.0,1.0,3.0,Juice,2023-03-27,Credit Card,In-store
7233,TXN_7485706,1.0,5.0,5.0,Cookie,2023-11-15,Credit Card,Takeaway
7234,TXN_7485712,4.0,4.0,16.0,Sandwich,2023-04-15,Cash,In-store
7235,TXN_7486118,4.0,4.0,16.0,Sandwich,2023-05-22,Credit Card,Takeaway
7236,TXN_7490314,1.0,2.0,2.0,Cookie,2023-05-14,Digital Wallet,In-store
7237,TXN_7493097,3.0,5.0,15.0,Cake,2023-11-04,Credit Card,Takeaway
7238,TXN_7493740,3.0,1.0,3.0,Cake,2023-05-18,Cash,Takeaway
7239,TXN_7493800,3.0,5.0,15.0,Cake,2023-08-16,Credit Card,Takeaway
7240,TXN_7494217,1.0,1.0,1.0,Cookie,2023-08-16,Cash,In-store
7241,TXN_7494793,4.0,5.0,20.0,Smoothie,2023-12-29,Digital Wallet,Takeaway
7242,TXN_7495283,3.0,5.0,15.0,Cake,2023-04-14,Credit Card,Takeaway
7243,TXN_7495804,3.0,3.0,9.0,Juice,2023-11-24,Credit Card,Takeaway
7244,TXN_7496394,4.0,4.0,16.0,Smoothie,2023-06-12,Digital Wallet,In-store
7245,TXN_7496926,4.0,3.0,12.0,Sandwich,2023-04-23,Credit Card,In-store
7246,TXN_7497122,4.0,5.0,20.0,Sandwich,2023-03-23,Digital Wallet,Takeaway
7247,TXN_7497565,1.0,4.0,4.0,Cookie,2023-10-07,Digital Wallet,Takeaway
7248,TXN_7498727,5.0,3.0,15.0,Salad,2023-11-06,Cash,In-store
7249,TXN_7498795,1.0,2.0,2.0,Cookie,2023-03-11,Cash,Takeaway
7250,TXN_7499330,1.0,1.0,1.0,Cookie,2023-10-28,Credit Card,In-store
7251,TXN_7501002,2.0,1.0,2.0,Coffee,2023-08-23,Digital Wallet,Takeaway
7252,TXN_7501717,4.0,1.0,4.0,Sandwich,2023-08-03,Credit Card,In-store
7253,TXN_7502273,2.0,5.0,10.0,Coffee,2023-11-14,Digital Wallet,In-store
7254,TXN_7502558,3.0,5.0,15.0,Juice,2023-02-23,Digital Wallet,In-store
7255,TXN_7503593,1.0,5.0,5.0,Cookie,2023-04-19,Digital Wallet,Takeaway
7256,TXN_7503640,5.0,3.0,15.0,Salad,2023-11-04,Digital Wallet,In-store
7257,TXN_7505290,5.0,4.0,20.0,Salad,2023-10-21,Digital Wallet,Takeaway
7258,TXN_7507071,4.0,2.0,8.0,Smoothie,2023-01-10,Digital Wallet,In-store
7259,TXN_7507962,4.0,4.0,16.0,Smoothie,2023-06-22,Digital Wallet,In-store
7260,TXN_7508715,4.0,2.0,8.0,Smoothie,2023-12-11,Cash,In-store
7261,TXN_7509630,1.0,3.0,3.0,Cookie,2023-04-20,Cash,In-store
7262,TXN_7510217,1.5,5.0,7.5,Tea,2023-10-24,Credit Card,In-store
7263,TXN_7510766,2.0,3.0,6.0,Coffee,2023-07-24,Digital Wallet,In-store
7264,TXN_7511261,3.0,3.0,9.0,Juice,2023-03-26,Digital Wallet,In-store
7265,TXN_7511351,1.5,4.0,6.0,Tea,2023-10-07,Cash,Takeaway
7266,TXN_7512574,1.5,1.0,1.5,Tea,2023-10-07,Digital Wallet,Takeaway
7267,TXN_7514047,5.0,1.0,5.0,Salad,2023-03-08,Cash,In-store
7268,TXN_7514279,5.0,1.0,5.0,Salad,2023-02-04,Credit Card,In-store
7269,TXN_7514589,3.0,3.0,9.0,Juice,2023-07-25,Cash,Takeaway
7270,TXN_7515082,2.0,2.0,4.0,Coffee,2023-10-21,Digital Wallet,In-store
7271,TXN_7515272,3.0,1.0,3.0,Juice,2023-08-12,Digital Wallet,In-store
7272,TXN_7515290,4.0,3.0,12.0,Smoothie,2023-12-23,Digital Wallet,In-store
7273,TXN_7516790,3.0,2.0,6.0,Cake,2023-01-08,Cash,Takeaway
7274,TXN_7517241,4.0,2.0,8.0,Sandwich,2023-01-18,Credit Card,In-store
7275,TXN_7517996,3.0,2.0,6.0,Cake,2023-10-22,Cash,Takeaway
7276,TXN_7519611,1.5,4.0,6.0,Tea,2023-10-08,Credit Card,In-store
7277,TXN_7521634,1.0,3.0,3.0,Cookie,2023-01-22,Digital Wallet,Takeaway
7278,TXN_7524971,1.5,4.0,6.0,Tea,2023-09-05,Digital Wallet,Takeaway
7279,TXN_7524977,3.0,4.0,9.0,Juice,2023-12-09,Digital Wallet,In-store
7280,TXN_7526174,3.0,3.0,9.0,Juice,2023-08-06,Credit Card,In-store
7281,TXN_7527249,1.5,3.0,4.5,Tea,2023-03-29,Digital Wallet,Takeaway
7282,TXN_7527954,3.0,4.0,12.0,Cake,2023-12-09,Cash,Takeaway
7283,TXN_7528294,3.0,3.0,9.0,Juice,2023-09-27,Digital Wallet,In-store
7284,TXN_7529735,2.0,3.0,6.0,Coffee,2023-08-12,Digital Wallet,In-store
7285,TXN_7530300,2.0,3.0,6.0,Coffee,2023-05-08,Digital Wallet,Takeaway
7286,TXN_7530692,2.0,1.0,2.0,Coffee,2023-06-30,Credit Card,Takeaway
7287,TXN_7531403,4.0,2.0,8.0,Smoothie,2023-07-08,Cash,In-store
7288,TXN_7531745,3.0,2.0,6.0,Cake,2023-06-23,Cash,Takeaway
7289,TXN_7533411,1.0,1.0,1.0,Cookie,2023-11-09,Digital Wallet,In-store
7290,TXN_7533540,4.0,5.0,20.0,Sandwich,2023-11-01,Credit Card,In-store
7291,TXN_7533675,4.0,3.0,12.0,Smoothie,2023-10-28,Digital Wallet,In-store
7292,TXN_7538221,3.0,5.0,15.0,Cake,2023-03-31,Credit Card,Takeaway
7293,TXN_7538570,4.0,4.0,16.0,Smoothie,2023-04-18,Credit Card,Takeaway
7294,TXN_7538724,4.0,1.0,4.0,Sandwich,2023-05-17,Credit Card,In-store
7295,TXN_7538763,4.0,1.0,4.0,Smoothie,2023-11-18,Digital Wallet,Takeaway
7296,TXN_7539585,4.0,5.0,20.0,Smoothie,2023-10-20,Digital Wallet,In-store
7297,TXN_7539774,5.0,1.0,5.0,Salad,2023-02-12,Cash,In-store
7298,TXN_7540909,1.5,2.0,3.0,Tea,2023-02-20,Digital Wallet,In-store
7299,TXN_7543369,1.5,5.0,7.5,Tea,2023-11-18,Digital Wallet,Takeaway
7300,TXN_7543525,1.5,4.0,6.0,Tea,2023-11-18,Credit Card,Takeaway
7301,TXN_7543722,1.0,3.0,3.0,Cookie,2023-08-26,Digital Wallet,Takeaway
7302,TXN_7543765,3.0,1.0,3.0,Cake,2023-10-26,Cash,Takeaway
7303,TXN_7543841,1.0,3.0,3.0,Cookie,2023-11-07,Cash,In-store
7304,TXN_7543921,2.0,3.0,6.0,Coffee,2023-12-06,Cash,In-store
7305,TXN_7548260,3.0,2.0,6.0,Juice,2023-02-27,Cash,Takeaway
7306,TXN_7548396,1.5,2.0,3.0,Tea,2023-04-06,Digital Wallet,In-store
7307,TXN_7549542,1.0,5.0,5.0,Cookie,2023-04-06,Digital Wallet,Takeaway
7308,TXN_7550103,3.0,5.0,15.0,Cake,2023-01-19,Cash,Takeaway
7309,TXN_7550498,3.0,5.0,15.0,Juice,2023-01-19,Digital Wallet,In-store
7310,TXN_7551023,5.0,5.0,25.0,Salad,2023-10-06,Cash,In-store
7311,TXN_7551097,3.0,2.0,6.0,Cake,2023-06-12,Digital Wallet,Takeaway
7312,TXN_7551280,1.0,4.0,4.0,Cookie,2023-04-14,Credit Card,Takeaway
7313,TXN_7551689,1.0,5.0,5.0,Cookie,2023-09-16,Cash,Takeaway
7314,TXN_7552449,3.0,3.0,9.0,Cake,2023-05-26,Cash,Takeaway
7315,TXN_7554731,3.0,1.0,3.0,Cake,2023-02-02,Credit Card,In-store
7316,TXN_7555408,5.0,2.0,10.0,Salad,2023-06-06,Cash,In-store
7317,TXN_7556108,1.0,5.0,5.0,Cookie,2023-01-17,Digital Wallet,Takeaway
7318,TXN_7557340,1.5,5.0,7.5,Tea,2023-12-11,Credit Card,In-store
7319,TXN_7558010,3.0,4.0,12.0,Juice,2023-03-27,Digital Wallet,In-store
7320,TXN_7558641,2.0,1.0,2.0,Coffee,2023-12-22,Digital Wallet,In-store
7321,TXN_7559388,5.0,4.0,20.0,Salad,2023-02-26,Digital Wallet,Takeaway
7322,TXN_7560178,1.0,5.0,5.0,Cookie,2023-08-17,Digital Wallet,In-store
7323,TXN_7560210,3.0,5.0,15.0,Juice,2023-02-21,Digital Wallet,Takeaway
7324,TXN_7560807,5.0,2.0,10.0,Salad,2023-04-16,Credit Card,In-store
7325,TXN_7560989,4.0,3.0,12.0,Sandwich,2023-06-16,Digital Wallet,In-store
7326,TXN_7562171,1.5,1.0,1.5,Tea,2023-09-02,Digital Wallet,In-store
7327,TXN_7562313,3.0,2.0,6.0,Cake,2023-12-15,Cash,Takeaway
7328,TXN_7563589,4.0,5.0,20.0,Smoothie,2023-09-19,Cash,In-store
7329,TXN_7565052,4.0,5.0,20.0,Smoothie,2023-06-18,Digital Wallet,In-store
7330,TXN_7565447,5.0,1.0,5.0,Salad,2023-02-15,Cash,In-store
7331,TXN_7565894,5.0,1.0,5.0,Salad,2023-07-15,Cash,Takeaway
7332,TXN_7566250,5.0,3.0,15.0,Salad,2023-06-04,Cash,Takeaway
7333,TXN_7568112,5.0,5.0,25.0,Salad,2023-06-29,Cash,In-store
7334,TXN_7568175,5.0,1.0,5.0,Salad,2023-11-06,Cash,In-store
7335,TXN_7568316,3.0,2.0,6.0,Cake,2023-11-28,Credit Card,Takeaway
7336,TXN_7569615,3.0,2.0,6.0,Juice,2023-06-07,Cash,Takeaway
7337,TXN_7570308,1.5,4.0,6.0,Tea,2023-06-07,Cash,In-store
7338,TXN_7571571,4.0,2.0,8.0,Sandwich,2023-04-09,Credit Card,In-store
7339,TXN_7573801,3.0,2.0,6.0,Cake,2023-12-14,Cash,In-store
7340,TXN_7574828,2.0,2.0,4.0,Coffee,2023-09-24,Digital Wallet,In-store
7341,TXN_7578769,4.0,5.0,20.0,Sandwich,2023-01-30,Digital Wallet,Takeaway
7342,TXN_7580441,2.0,1.0,2.0,Coffee,2023-08-09,Cash,Takeaway
7343,TXN_7580803,3.0,4.0,12.0,Juice,2023-04-06,Cash,In-store
7344,TXN_7581536,4.0,2.0,8.0,Smoothie,2023-12-29,Cash,In-store
7345,TXN_7581760,2.0,3.0,6.0,Coffee,2023-08-13,Digital Wallet,Takeaway
7346,TXN_7584025,1.5,4.0,6.0,Tea,2023-09-18,Digital Wallet,In-store
7347,TXN_7584389,2.0,4.0,8.0,Coffee,2023-03-09,Cash,Takeaway
7348,TXN_7585348,3.0,3.0,9.0,Cake,2023-03-16,Credit Card,Takeaway
7349,TXN_7585599,3.0,1.0,3.0,Cake,2023-01-12,Credit Card,Takeaway
7350,TXN_7587652,3.0,1.0,3.0,Juice,2023-08-23,Cash,In-store
7351,TXN_7589318,3.0,4.0,12.0,Cake,2023-09-21,Cash,In-store
7352,TXN_7590801,1.5,4.0,6.0,Tea,2023-09-21,Cash,Takeaway
7353,TXN_7591982,5.0,1.0,5.0,Salad,2023-02-28,Cash,In-store
7354,TXN_7592199,1.5,3.0,4.5,Tea,2023-09-14,Digital Wallet,In-store
7355,TXN_7595042,5.0,1.0,5.0,Salad,2023-04-03,Cash,Takeaway
7356,TXN_7595096,3.0,1.0,3.0,Juice,2023-11-02,Digital Wallet,In-store
7357,TXN_7595115,4.0,2.0,8.0,Sandwich,2023-04-17,Credit Card,Takeaway
7358,TXN_7595206,4.0,5.0,20.0,Sandwich,2023-12-02,Credit Card,In-store
7359,TXN_7595907,3.0,5.0,15.0,Juice,2023-04-24,Digital Wallet,In-store
7360,TXN_7596587,1.5,3.0,4.5,Tea,2023-02-08,Credit Card,In-store
7361,TXN_7597276,4.0,4.0,16.0,Smoothie,2023-05-01,Digital Wallet,In-store
7362,TXN_7598654,2.0,3.0,6.0,Coffee,2023-11-26,Credit Card,Takeaway
7363,TXN_7601706,3.0,2.0,6.0,Juice,2023-11-15,Credit Card,In-store
7364,TXN_7602467,1.0,1.0,1.0,Cookie,2023-10-17,Credit Card,Takeaway
7365,TXN_7603895,4.0,5.0,20.0,Smoothie,2023-10-17,Credit Card,In-store
7366,TXN_7603919,1.0,2.0,2.0,Cookie,2023-09-25,Digital Wallet,Takeaway
7367,TXN_7603948,3.0,3.0,9.0,Cake,2023-01-28,Credit Card,Takeaway
7368,TXN_7604352,2.0,3.0,6.0,Coffee,2023-12-19,Digital Wallet,Takeaway
7369,TXN_7604541,3.0,4.0,12.0,Juice,2023-04-16,Credit Card,In-store
7370,TXN_7604622,3.0,4.0,12.0,Juice,2023-12-22,Credit Card,In-store
7371,TXN_7605154,3.0,5.0,15.0,Juice,2023-09-09,Cash,In-store
7372,TXN_7605163,5.0,1.0,5.0,Salad,2023-08-15,Cash,Takeaway
7373,TXN_7606512,1.0,5.0,5.0,Cookie,2023-12-03,Cash,Takeaway
7374,TXN_7606965,3.0,5.0,15.0,Juice,2023-12-08,Digital Wallet,In-store
7375,TXN_7608637,5.0,1.0,5.0,Salad,2023-04-08,Digital Wallet,In-store
7376,TXN_7608816,3.0,3.0,9.0,Juice,2023-11-07,Digital Wallet,In-store
7377,TXN_7609781,4.0,3.0,12.0,Smoothie,2023-03-13,Cash,In-store
7378,TXN_7609853,4.0,1.0,4.0,Sandwich,2023-04-22,Digital Wallet,In-store
7379,TXN_7611120,3.0,2.0,6.0,Juice,2023-03-30,Cash,Takeaway
7380,TXN_7612056,1.0,5.0,5.0,Cookie,2023-03-08,Credit Card,Takeaway
7381,TXN_7612618,4.0,4.0,16.0,Smoothie,2023-04-12,Credit Card,In-store
7382,TXN_7615147,4.0,4.0,16.0,Sandwich,2023-05-19,Cash,In-store
7383,TXN_7616002,1.5,2.0,3.0,Tea,2023-11-08,Digital Wallet,In-store
7384,TXN_7618171,3.0,5.0,15.0,Cake,2023-11-08,Cash,Takeaway
7385,TXN_7619095,4.0,2.0,8.0,Sandwich,2023-05-03,Cash,In-store
7386,TXN_7619641,3.0,3.0,9.0,Juice,2023-04-02,Digital Wallet,In-store
7387,TXN_7620397,1.0,4.0,4.0,Cookie,2023-12-24,Digital Wallet,Takeaway
7388,TXN_7620529,4.0,2.0,8.0,Sandwich,2023-08-08,Cash,In-store
7389,TXN_7621213,2.0,3.0,6.0,Coffee,2023-03-07,Digital Wallet,In-store
7390,TXN_7621512,5.0,4.0,20.0,Salad,2023-07-24,Digital Wallet,In-store
7391,TXN_7622389,1.5,4.0,6.0,Tea,2023-02-26,Digital Wallet,In-store
7392,TXN_7622855,4.0,2.0,8.0,Sandwich,2023-07-10,Credit Card,In-store
7393,TXN_7623634,3.0,2.0,6.0,Cake,2023-07-11,Credit Card,In-store
7394,TXN_7624646,4.0,2.0,8.0,Smoothie,2023-03-24,Digital Wallet,In-store
7395,TXN_7625340,1.0,2.0,2.0,Cookie,2023-01-20,Credit Card,In-store
7396,TXN_7625537,3.0,3.0,9.0,Juice,2023-12-09,Digital Wallet,Takeaway
7397,TXN_7626322,3.0,4.0,12.0,Juice,2023-12-21,Cash,Takeaway
7398,TXN_7626939,2.0,5.0,10.0,Coffee,2023-12-21,Digital Wallet,Takeaway
7399,TXN_7627772,4.0,4.0,16.0,Sandwich,2023-10-22,Credit Card,Takeaway
7400,TXN_7629728,2.0,4.0,8.0,Coffee,2023-12-15,Digital Wallet,In-store
7401,TXN_7630601,1.5,1.0,1.5,Tea,2023-08-22,Digital Wallet,Takeaway
7402,TXN_7630750,3.0,2.0,6.0,Juice,2023-03-16,Digital Wallet,In-store
7403,TXN_7630912,3.0,2.0,6.0,Juice,2023-01-04,Credit Card,In-store
7404,TXN_7631216,3.0,5.0,15.0,Juice,2023-02-16,Credit Card,In-store
7405,TXN_7631496,1.0,3.0,3.0,Cookie,2023-11-05,Digital Wallet,In-store
7406,TXN_7631505,4.0,4.0,16.0,Sandwich,2023-07-08,Cash,In-store
7407,TXN_7632478,3.0,2.0,6.0,Juice,2023-04-11,Digital Wallet,In-store
7408,TXN_7633490,1.0,1.0,1.0,Cookie,2023-10-27,Cash,Takeaway
7409,TXN_7635738,2.0,4.0,8.0,Coffee,2023-08-08,Cash,Takeaway
7410,TXN_7636238,4.0,4.0,16.0,Sandwich,2023-03-27,Credit Card,In-store
7411,TXN_7636536,1.0,2.0,2.0,Cookie,2023-05-06,Cash,Takeaway
7412,TXN_7637178,2.0,3.0,6.0,Coffee,2023-05-26,Digital Wallet,Takeaway
7413,TXN_7637325,1.0,4.0,4.0,Cookie,2023-05-03,Digital Wallet,Takeaway
7414,TXN_7640700,3.0,2.0,6.0,Juice,2023-01-15,Digital Wallet,In-store
7415,TXN_7640914,5.0,1.0,5.0,Salad,2023-02-12,Credit Card,In-store
7416,TXN_7640952,3.0,4.0,12.0,Cake,2023-02-12,Digital Wallet,Takeaway
7417,TXN_7641606,2.0,3.0,6.0,Coffee,2023-12-26,Credit Card,Takeaway
7418,TXN_7644000,3.0,2.0,6.0,Cake,2023-02-07,Cash,Takeaway
7419,TXN_7644786,1.0,3.0,3.0,Cookie,2023-01-20,Credit Card,Takeaway
7420,TXN_7645250,3.0,2.0,6.0,Juice,2023-10-09,Digital Wallet,In-store
7421,TXN_7645464,1.5,5.0,7.5,Tea,2023-08-17,Cash,Takeaway
7422,TXN_7647190,5.0,5.0,25.0,Salad,2023-02-22,Credit Card,Takeaway
7423,TXN_7648238,1.0,1.0,1.0,Cookie,2023-05-12,Cash,Takeaway
7424,TXN_7650834,5.0,2.0,10.0,Salad,2023-10-29,Cash,Takeaway
7425,TXN_7651864,4.0,4.0,16.0,Smoothie,2023-04-29,Digital Wallet,In-store
7426,TXN_7652830,3.0,2.0,6.0,Juice,2023-08-15,Digital Wallet,In-store
7427,TXN_7653452,4.0,1.0,4.0,Sandwich,2023-08-15,Credit Card,In-store
7428,TXN_7653946,4.0,4.0,16.0,Smoothie,2023-09-19,Cash,In-store
7429,TXN_7655838,3.0,3.0,9.0,Juice,2023-01-22,Digital Wallet,In-store
7430,TXN_7656355,4.0,3.0,12.0,Sandwich,2023-09-11,Credit Card,Takeaway
7431,TXN_7656770,2.0,1.0,2.0,Coffee,2023-12-24,Credit Card,Takeaway
7432,TXN_7657615,3.0,3.0,9.0,Juice,2023-07-17,Credit Card,In-store
7433,TXN_7661094,5.0,4.0,20.0,Salad,2023-07-21,Cash,In-store
7434,TXN_7661609,3.0,1.0,3.0,Juice,2023-11-29,Digital Wallet,In-store
7435,TXN_7662502,3.0,1.0,3.0,Cake,2023-03-06,Cash,In-store
7436,TXN_7663739,1.0,5.0,5.0,Cookie,2023-03-27,Credit Card,Takeaway
7437,TXN_7664606,1.0,2.0,2.0,Cookie,2023-07-05,Digital Wallet,Takeaway
7438,TXN_7665695,1.5,3.0,4.5,Tea,2023-10-21,Digital Wallet,In-store
7439,TXN_7666909,3.0,4.0,12.0,Juice,2023-08-29,Credit Card,Takeaway
7440,TXN_7666945,1.5,5.0,7.5,Tea,2023-07-07,Digital Wallet,In-store
7441,TXN_7667139,4.0,3.0,12.0,Sandwich,2023-12-05,Credit Card,Takeaway
7442,TXN_7668576,3.0,2.0,6.0,Juice,2023-11-08,Digital Wallet,In-store
7443,TXN_7670296,3.0,2.0,6.0,Juice,2023-01-25,Cash,Takeaway
7444,TXN_7670699,3.0,1.0,3.0,Juice,2023-12-24,Cash,In-store
7445,TXN_7670743,5.0,4.0,20.0,Salad,2023-04-28,Cash,In-store
7446,TXN_7672686,2.0,2.0,4.0,Coffee,2023-08-30,Digital Wallet,Takeaway
7447,TXN_7674694,1.5,2.0,3.0,Tea,2023-03-30,Digital Wallet,In-store
7448,TXN_7675213,4.0,2.0,8.0,Sandwich,2023-03-08,Digital Wallet,In-store
7449,TXN_7675823,1.5,5.0,7.5,Tea,2023-03-08,Digital Wallet,In-store
7450,TXN_7676968,4.0,4.0,16.0,Smoothie,2023-02-21,Digital Wallet,In-store
7451,TXN_7677646,4.0,5.0,20.0,Sandwich,2023-02-15,Credit Card,In-store
7452,TXN_7677750,1.5,2.0,3.0,Tea,2023-12-24,Cash,Takeaway
7453,TXN_7677817,2.0,1.0,2.0,Coffee,2023-01-17,Credit Card,Takeaway
7454,TXN_7679707,1.5,1.0,1.5,Tea,2023-07-22,Credit Card,In-store
7455,TXN_7680197,1.0,5.0,5.0,Cookie,2023-09-23,Cash,Takeaway
7456,TXN_7681072,1.0,1.0,1.0,Cookie,2023-07-07,Credit Card,Takeaway
7457,TXN_7682605,1.5,5.0,7.5,Tea,2023-10-19,Digital Wallet,In-store
7458,TXN_7682621,4.0,4.0,16.0,Sandwich,2023-11-07,Cash,Takeaway
7459,TXN_7683607,3.0,1.0,3.0,Cake,2023-03-17,Cash,Takeaway
7460,TXN_7684072,1.5,2.0,3.0,Tea,2023-05-12,Credit Card,In-store
7461,TXN_7686476,2.0,3.0,6.0,Coffee,2023-01-03,Digital Wallet,Takeaway
7462,TXN_7687146,2.0,1.0,2.0,Coffee,2023-12-02,Digital Wallet,Takeaway
7463,TXN_7688029,3.0,5.0,15.0,Cake,2023-05-30,Credit Card,In-store
7464,TXN_7688625,2.0,1.0,2.0,Coffee,2023-12-15,Credit Card,In-store
7465,TXN_7688650,1.5,2.0,3.0,Tea,2023-10-26,Digital Wallet,In-store
7466,TXN_7689696,4.0,5.0,20.0,Sandwich,2023-07-03,Digital Wallet,Takeaway
7467,TXN_7692019,3.0,3.0,9.0,Juice,2023-10-14,Digital Wallet,In-store
7468,TXN_7692628,1.5,2.0,3.0,Tea,2023-05-01,Cash,In-store
7469,TXN_7694020,1.0,2.0,2.0,Cookie,2023-08-06,Digital Wallet,Takeaway
7470,TXN_7694326,2.0,5.0,10.0,Coffee,2023-02-19,Digital Wallet,Takeaway
7471,TXN_7694491,5.0,3.0,15.0,Salad,2023-09-01,Cash,In-store
7472,TXN_7694559,1.0,3.0,3.0,Cookie,2023-05-05,Cash,Takeaway
7473,TXN_7694996,5.0,4.0,20.0,Salad,2023-03-11,Cash,In-store
7474,TXN_7695629,1.0,3.0,3.0,Cookie,2023-12-02,Digital Wallet,Takeaway
7475,TXN_7696120,1.0,1.0,1.0,Cookie,2023-12-02,Digital Wallet,In-store
7476,TXN_7697294,4.0,3.0,12.0,Smoothie,2023-01-17,Digital Wallet,In-store
7477,TXN_7697496,5.0,1.0,5.0,Salad,2023-06-18,Cash,Takeaway
7478,TXN_7701070,2.0,5.0,10.0,Coffee,2023-07-28,Credit Card,Takeaway
7479,TXN_7701878,4.0,4.0,16.0,Smoothie,2023-08-11,Credit Card,In-store
7480,TXN_7703185,3.0,1.0,3.0,Cake,2023-12-10,Digital Wallet,Takeaway
7481,TXN_7704229,2.0,4.0,8.0,Coffee,2023-07-15,Cash,Takeaway
7482,TXN_7704680,5.0,2.0,10.0,Salad,2023-08-06,Credit Card,In-store
7483,TXN_7705153,1.5,1.0,1.5,Tea,2023-01-25,Digital Wallet,In-store
7484,TXN_7705748,3.0,3.0,9.0,Juice,2023-07-14,Digital Wallet,In-store
7485,TXN_7707761,1.5,3.0,4.5,Tea,2023-03-08,Credit Card,In-store
7486,TXN_7708201,5.0,3.0,15.0,Salad,2023-01-04,Cash,In-store
7487,TXN_7708810,4.0,1.0,4.0,Smoothie,2023-06-09,Cash,In-store
7488,TXN_7710078,3.0,2.0,6.0,Juice,2023-12-05,Credit Card,Takeaway
7489,TXN_7710508,1.0,5.0,5.0,Cookie,2023-12-05,Cash,Takeaway
7490,TXN_7712544,1.0,3.0,3.0,Cookie,2023-05-06,Cash,Takeaway
7491,TXN_7712807,4.0,4.0,16.0,Smoothie,2023-02-17,Credit Card,In-store
7492,TXN_7714378,4.0,2.0,8.0,Smoothie,2023-08-10,Cash,In-store
7493,TXN_7714902,2.0,4.0,8.0,Coffee,2023-09-10,Cash,Takeaway
7494,TXN_7716125,1.0,2.0,2.0,Cookie,2023-05-17,Digital Wallet,Takeaway
7495,TXN_7719510,3.0,3.0,9.0,Juice,2023-08-14,Credit Card,Takeaway
7496,TXN_7724048,4.0,1.0,4.0,Smoothie,2023-11-12,Digital Wallet,In-store
7497,TXN_7727118,4.0,5.0,20.0,Smoothie,2023-11-04,Digital Wallet,Takeaway
7498,TXN_7728415,1.5,5.0,7.5,Tea,2023-12-28,Credit Card,In-store
7499,TXN_7730388,1.0,5.0,5.0,Cookie,2023-09-09,Digital Wallet,In-store
7500,TXN_7732813,1.5,2.0,3.0,Tea,2023-07-16,Credit Card,Takeaway
7501,TXN_7732920,4.0,5.0,20.0,Sandwich,2023-02-11,Cash,In-store
7502,TXN_7733300,4.0,2.0,8.0,Smoothie,2023-12-10,Cash,Takeaway
7503,TXN_7735127,4.0,1.0,4.0,Smoothie,2023-02-22,Digital Wallet,Takeaway
7504,TXN_7735237,3.0,2.0,6.0,Cake,2023-01-13,Digital Wallet,In-store
7505,TXN_7737862,1.0,2.0,2.0,Cookie,2023-08-29,Credit Card,Takeaway
7506,TXN_7738013,5.0,5.0,25.0,Salad,2023-11-28,Credit Card,Takeaway
7507,TXN_7738316,1.0,4.0,4.0,Cookie,2023-02-04,Digital Wallet,Takeaway
7508,TXN_7738455,1.5,3.0,4.5,Tea,2023-06-05,Digital Wallet,In-store
7509,TXN_7740239,1.5,2.0,3.0,Tea,2023-01-26,Digital Wallet,In-store
7510,TXN_7740907,4.0,5.0,20.0,Smoothie,2023-02-11,Digital Wallet,In-store
7511,TXN_7741256,3.0,5.0,15.0,Juice,2023-04-24,Digital Wallet,Takeaway
7512,TXN_7741707,5.0,3.0,15.0,Salad,2023-05-09,Cash,Takeaway
7513,TXN_7742182,1.5,2.0,3.0,Tea,2023-11-09,Digital Wallet,In-store
7514,TXN_7742742,3.0,5.0,15.0,Cake,2023-09-05,Cash,Takeaway
7515,TXN_7744874,2.0,1.0,2.0,Coffee,2023-06-28,Cash,Takeaway
7516,TXN_7746634,3.0,5.0,15.0,Cake,2023-07-04,Digital Wallet,In-store
7517,TXN_7749759,1.5,1.0,1.5,Tea,2023-12-26,Digital Wallet,In-store
7518,TXN_7750963,1.5,4.0,6.0,Tea,2023-06-09,Credit Card,In-store
7519,TXN_7752124,4.0,3.0,12.0,Sandwich,2023-12-09,Credit Card,In-store
7520,TXN_7752454,3.0,3.0,9.0,Cake,2023-12-09,Cash,Takeaway
7521,TXN_7752958,3.0,2.0,6.0,Juice,2023-09-22,Digital Wallet,In-store
7522,TXN_7753584,2.0,4.0,8.0,Coffee,2023-09-22,Digital Wallet,Takeaway
7523,TXN_7753587,3.0,1.0,3.0,Cake,2023-03-28,Credit Card,Takeaway
7524,TXN_7754136,1.0,1.0,1.0,Cookie,2023-07-12,Credit Card,In-store
7525,TXN_7754382,4.0,4.0,16.0,Sandwich,2023-06-28,Credit Card,In-store
7526,TXN_7754428,1.0,2.0,2.0,Cookie,2023-07-27,Digital Wallet,In-store
7527,TXN_7755216,5.0,5.0,25.0,Salad,2023-02-03,Cash,In-store
7528,TXN_7755372,3.0,5.0,15.0,Juice,2023-01-10,Digital Wallet,Takeaway
7529,TXN_7759607,4.0,1.0,4.0,Sandwich,2023-08-11,Digital Wallet,In-store
7530,TXN_7762739,4.0,4.0,16.0,Sandwich,2023-11-05,Credit Card,In-store
7531,TXN_7762815,4.0,5.0,20.0,Smoothie,2023-07-26,Credit Card,In-store
7532,TXN_7763212,4.0,1.0,4.0,Sandwich,2023-01-10,Credit Card,In-store
7533,TXN_7763592,4.0,1.0,4.0,Smoothie,2023-02-17,Digital Wallet,In-store
7534,TXN_7763764,1.0,2.0,2.0,Cookie,2023-02-17,Digital Wallet,In-store
7535,TXN_7764154,5.0,2.0,10.0,Salad,2023-12-09,Credit Card,Takeaway
7536,TXN_7764175,5.0,3.0,15.0,Salad,2023-09-02,Cash,In-store
7537,TXN_7764304,3.0,1.0,3.0,Cake,2023-01-09,Credit Card,Takeaway
7538,TXN_7765640,2.0,1.0,2.0,Coffee,2023-07-07,Credit Card,Takeaway
7539,TXN_7766134,1.5,1.0,1.5,Tea,2023-01-05,Credit Card,Takeaway
7540,TXN_7767493,4.0,5.0,20.0,Sandwich,2023-02-20,Credit Card,In-store
7541,TXN_7768350,1.0,1.0,1.0,Cookie,2023-08-19,Cash,In-store
7542,TXN_7768989,4.0,2.0,8.0,Sandwich,2023-10-02,Cash,In-store
7543,TXN_7770188,3.0,5.0,15.0,Juice,2023-10-28,Digital Wallet,In-store
7544,TXN_7770253,2.0,5.0,10.0,Coffee,2023-01-06,Digital Wallet,Takeaway
7545,TXN_7770487,4.0,1.0,4.0,Smoothie,2023-08-09,Cash,In-store
7546,TXN_7771434,2.0,4.0,8.0,Coffee,2023-03-26,Credit Card,Takeaway
7547,TXN_7771516,4.0,3.0,12.0,Sandwich,2023-05-26,Credit Card,In-store
7548,TXN_7771526,3.0,1.0,3.0,Juice,2023-04-28,Cash,In-store
7549,TXN_7773968,4.0,5.0,20.0,Sandwich,2023-02-24,Digital Wallet,Takeaway
7550,TXN_7775016,4.0,5.0,20.0,Sandwich,2023-09-27,Cash,In-store
7551,TXN_7775760,3.0,4.0,12.0,Cake,2023-02-21,Cash,Takeaway
7552,TXN_7776739,1.5,2.0,3.0,Tea,2023-02-23,Digital Wallet,Takeaway
7553,TXN_7777602,5.0,1.0,5.0,Salad,2023-04-26,Cash,In-store
7554,TXN_7777864,1.0,3.0,3.0,Cookie,2023-02-06,Digital Wallet,In-store
7555,TXN_7780748,1.0,3.0,3.0,Cookie,2023-01-19,Credit Card,In-store
7556,TXN_7780786,3.0,1.0,3.0,Cake,2023-10-30,Credit Card,Takeaway
7557,TXN_7782538,3.0,2.0,6.0,Juice,2023-08-15,Digital Wallet,Takeaway
7558,TXN_7784608,2.0,5.0,10.0,Coffee,2023-06-01,Digital Wallet,Takeaway
7559,TXN_7785034,4.0,4.0,16.0,Smoothie,2023-11-09,Digital Wallet,Takeaway
7560,TXN_7785297,1.0,3.0,3.0,Cookie,2023-12-06,Cash,Takeaway
7561,TXN_7786214,4.0,1.0,4.0,Smoothie,2023-11-25,Credit Card,In-store
7562,TXN_7786787,1.5,1.0,1.5,Tea,2023-07-08,Credit Card,Takeaway
7563,TXN_7791293,5.0,3.0,15.0,Salad,2023-04-08,Credit Card,Takeaway
7564,TXN_7791428,4.0,5.0,20.0,Smoothie,2023-10-10,Digital Wallet,Takeaway
7565,TXN_7792223,4.0,3.0,12.0,Smoothie,2023-07-21,Credit Card,In-store
7566,TXN_7792996,5.0,4.0,20.0,Salad,2023-12-20,Cash,In-store
7567,TXN_7794561,3.0,4.0,12.0,Juice,2023-05-18,Credit Card,In-store
7568,TXN_7795324,5.0,2.0,10.0,Salad,2023-06-28,Cash,In-store
7569,TXN_7796731,3.0,2.0,6.0,Juice,2023-06-09,Digital Wallet,In-store
7570,TXN_7797231,2.0,5.0,10.0,Coffee,2023-05-05,Digital Wallet,Takeaway
7571,TXN_7797321,4.0,5.0,20.0,Sandwich,2023-11-26,Credit Card,In-store
7572,TXN_7797507,4.0,5.0,20.0,Sandwich,2023-06-06,Digital Wallet,Takeaway
7573,TXN_7799711,4.0,5.0,20.0,Smoothie,2023-12-03,Digital Wallet,Takeaway
7574,TXN_7799794,1.0,4.0,4.0,Cookie,2023-08-22,Digital Wallet,In-store
7575,TXN_7800236,5.0,3.0,15.0,Salad,2023-07-19,Digital Wallet,In-store
7576,TXN_7800576,4.0,4.0,16.0,Sandwich,2023-07-13,Credit Card,In-store
7577,TXN_7800602,1.5,1.0,1.5,Tea,2023-04-30,Cash,In-store
7578,TXN_7801115,1.5,1.0,1.5,Tea,2023-12-18,Cash,In-store
7579,TXN_7803615,5.0,3.0,15.0,Salad,2023-12-13,Cash,In-store
7580,TXN_7804128,4.0,5.0,20.0,Sandwich,2023-02-12,Digital Wallet,In-store
7581,TXN_7804488,1.0,2.0,2.0,Cookie,2023-11-28,Digital Wallet,Takeaway
7582,TXN_7804740,4.0,2.0,8.0,Smoothie,2023-10-19,Digital Wallet,In-store
7583,TXN_7805035,4.0,3.0,12.0,Smoothie,2023-05-18,Digital Wallet,In-store
7584,TXN_7805115,4.0,2.0,8.0,Smoothie,2023-12-18,Digital Wallet,In-store
7585,TXN_7805241,5.0,4.0,20.0,Salad,2023-04-16,Cash,In-store
7586,TXN_7805508,4.0,5.0,20.0,Smoothie,2023-07-10,Digital Wallet,In-store
7587,TXN_7806146,3.0,3.0,9.0,Cake,2023-01-30,Digital Wallet,In-store
7588,TXN_7808032,1.0,4.0,4.0,Cookie,2023-12-19,Digital Wallet,Takeaway
7589,TXN_7809121,3.0,4.0,12.0,Cake,2023-05-15,Cash,Takeaway
7590,TXN_7809183,1.0,4.0,4.0,Cookie,2023-09-08,Digital Wallet,Takeaway
7591,TXN_7809290,3.0,1.0,3.0,Cake,2023-10-14,Cash,Takeaway
7592,TXN_7809506,5.0,2.0,10.0,Salad,2023-06-05,Cash,Takeaway
7593,TXN_7809825,4.0,2.0,8.0,Sandwich,2023-08-26,Credit Card,In-store
7594,TXN_7810285,3.0,4.0,12.0,Cake,2023-10-25,Cash,Takeaway
7595,TXN_7811387,1.0,5.0,5.0,Cookie,2023-11-30,Credit Card,Takeaway
7596,TXN_7812084,4.0,4.0,16.0,Sandwich,2023-01-17,Cash,In-store
7597,TXN_7812601,1.5,2.0,3.0,Tea,2023-11-15,Credit Card,In-store
7598,TXN_7813066,3.0,1.0,3.0,Juice,2023-02-28,Digital Wallet,In-store
7599,TXN_7814690,4.0,1.0,4.0,Smoothie,2023-05-10,Credit Card,Takeaway
7600,TXN_7814715,1.0,5.0,5.0,Cookie,2023-04-24,Cash,Takeaway
7601,TXN_7815076,3.0,5.0,15.0,Juice,2023-12-16,Cash,In-store
7602,TXN_7815651,5.0,1.0,5.0,Salad,2023-01-16,Cash,In-store
7603,TXN_7817014,1.0,1.0,1.0,Cookie,2023-01-16,Digital Wallet,Takeaway
7604,TXN_7818024,3.0,3.0,9.0,Cake,2023-08-16,Cash,Takeaway
7605,TXN_7819240,4.0,5.0,20.0,Smoothie,2023-03-06,Cash,In-store
7606,TXN_7820220,3.0,3.0,9.0,Cake,2023-03-16,Credit Card,In-store
7607,TXN_7821478,3.0,4.0,12.0,Cake,2023-05-24,Cash,In-store
7608,TXN_7821658,2.0,5.0,10.0,Coffee,2023-09-03,Digital Wallet,In-store
7609,TXN_7824739,1.0,3.0,3.0,Cookie,2023-07-17,Digital Wallet,Takeaway
7610,TXN_7825457,3.0,5.0,15.0,Cake,2023-09-15,Cash,Takeaway
7611,TXN_7825638,3.0,4.0,12.0,Juice,2023-12-09,Digital Wallet,In-store
7612,TXN_7825648,2.0,1.0,2.0,Coffee,2023-05-18,Digital Wallet,Takeaway
7613,TXN_7825796,1.5,2.0,3.0,Tea,2023-04-03,Digital Wallet,In-store
7614,TXN_7826516,3.0,4.0,12.0,Cake,2023-06-21,Credit Card,Takeaway
7615,TXN_7827797,5.0,3.0,15.0,Salad,2023-06-30,Cash,Takeaway
7616,TXN_7828462,1.5,3.0,4.5,Tea,2023-01-11,Cash,Takeaway
7617,TXN_7832527,3.0,3.0,9.0,Cake,2023-01-26,Cash,In-store
7618,TXN_7833800,2.0,2.0,4.0,Coffee,2023-01-26,Digital Wallet,Takeaway
7619,TXN_7835785,5.0,1.0,5.0,Salad,2023-10-12,Cash,In-store
7620,TXN_7837381,4.0,5.0,20.0,Sandwich,2023-07-17,Credit Card,Takeaway
7621,TXN_7838465,4.0,3.0,12.0,Sandwich,2023-06-15,Credit Card,Takeaway
7622,TXN_7838576,2.0,3.0,6.0,Coffee,2023-11-11,Digital Wallet,In-store
7623,TXN_7838802,1.0,2.0,2.0,Cookie,2023-11-20,Credit Card,Takeaway
7624,TXN_7838964,4.0,3.0,12.0,Sandwich,2023-06-15,Credit Card,In-store
7625,TXN_7840162,1.0,5.0,5.0,Cookie,2023-02-27,Cash,Takeaway
7626,TXN_7840510,3.0,4.0,12.0,Juice,2023-08-07,Digital Wallet,Takeaway
7627,TXN_7842557,1.5,4.0,6.0,Tea,2023-02-09,Digital Wallet,In-store
7628,TXN_7843112,1.0,4.0,4.0,Cookie,2023-01-25,Digital Wallet,Takeaway
7629,TXN_7844352,3.0,2.0,6.0,Juice,2023-07-26,Credit Card,In-store
7630,TXN_7844687,3.0,1.0,3.0,Cake,2023-07-26,Cash,In-store
7631,TXN_7844770,3.0,2.0,6.0,Cake,2023-01-31,Digital Wallet,Takeaway
7632,TXN_7845656,3.0,3.0,9.0,Juice,2023-01-31,Credit Card,Takeaway
7633,TXN_7846513,4.0,3.0,12.0,Sandwich,2023-10-19,Credit Card,In-store
7634,TXN_7847913,4.0,3.0,12.0,Smoothie,2023-05-17,Digital Wallet,In-store
7635,TXN_7851403,2.0,5.0,10.0,Coffee,2023-03-06,Credit Card,Takeaway
7636,TXN_7851634,4.0,4.0,16.0,Sandwich,2023-01-08,Credit Card,In-store
7637,TXN_7852032,4.0,1.0,4.0,Sandwich,2023-03-19,Cash,In-store
7638,TXN_7852397,1.5,3.0,4.5,Tea,2023-08-10,Cash,In-store
7639,TXN_7852990,4.0,5.0,20.0,Sandwich,2023-07-10,Digital Wallet,Takeaway
7640,TXN_7853635,5.0,3.0,15.0,Salad,2023-02-16,Digital Wallet,Takeaway
7641,TXN_7854162,3.0,5.0,15.0,Cake,2023-02-16,Digital Wallet,Takeaway
7642,TXN_7854253,2.0,4.0,8.0,Coffee,2023-07-26,Cash,Takeaway
7643,TXN_7854306,4.0,1.0,4.0,Sandwich,2023-09-17,Cash,In-store
7644,TXN_7855761,1.0,1.0,1.0,Cookie,2023-01-10,Cash,In-store
7645,TXN_7856009,3.0,2.0,6.0,Cake,2023-05-27,Cash,Takeaway
7646,TXN_7857126,1.0,4.0,4.0,Cookie,2023-08-21,Cash,Takeaway
7647,TXN_7860054,1.5,5.0,7.5,Tea,2023-02-07,Credit Card,In-store
7648,TXN_7860953,4.0,1.0,4.0,Sandwich,2023-09-10,Digital Wallet,Takeaway
7649,TXN_7861799,1.0,2.0,2.0,Cookie,2023-05-23,Cash,Takeaway
7650,TXN_7864080,1.5,5.0,7.5,Tea,2023-11-12,Credit Card,Takeaway
7651,TXN_7864482,4.0,1.0,4.0,Sandwich,2023-01-28,Credit Card,Takeaway
7652,TXN_7864939,4.0,3.0,12.0,Sandwich,2023-08-19,Digital Wallet,In-store
7653,TXN_7865037,2.0,1.0,2.0,Coffee,2023-06-05,Digital Wallet,Takeaway
7654,TXN_7865220,4.0,1.0,4.0,Smoothie,2023-06-28,Credit Card,Takeaway
7655,TXN_7866723,4.0,2.0,8.0,Sandwich,2023-03-26,Credit Card,In-store
7656,TXN_7866805,4.0,3.0,12.0,Sandwich,2023-03-14,Digital Wallet,In-store
7657,TXN_7867311,4.0,2.0,8.0,Smoothie,2023-07-17,Digital Wallet,In-store
7658,TXN_7868470,3.0,3.0,9.0,Juice,2023-04-14,Digital Wallet,In-store
7659,TXN_7868879,4.0,4.0,16.0,Sandwich,2023-05-02,Cash,Takeaway
7660,TXN_7872478,3.0,4.0,12.0,Juice,2023-04-25,Credit Card,In-store
7661,TXN_7873479,1.0,1.0,1.0,Cookie,2023-03-18,Credit Card,Takeaway
7662,TXN_7874772,1.5,1.0,1.5,Tea,2023-04-26,Credit Card,Takeaway
7663,TXN_7875743,3.0,5.0,15.0,Cake,2023-04-17,Cash,Takeaway
7664,TXN_7876388,1.0,4.0,4.0,Cookie,2023-10-05,Cash,In-store
7665,TXN_7876619,3.0,2.0,6.0,Juice,2023-09-27,Cash,In-store
7666,TXN_7876775,2.0,5.0,10.0,Coffee,2023-02-09,Digital Wallet,Takeaway
7667,TXN_7878231,5.0,1.0,5.0,Salad,2023-05-15,Cash,In-store
7668,TXN_7878395,5.0,3.0,15.0,Salad,2023-05-26,Credit Card,In-store
7669,TXN_7878520,4.0,3.0,12.0,Sandwich,2023-08-29,Digital Wallet,Takeaway
7670,TXN_7878672,2.0,1.0,2.0,Coffee,2023-10-25,Cash,In-store
7671,TXN_7880000,5.0,3.0,15.0,Salad,2023-01-28,Credit Card,In-store
7672,TXN_7880148,3.0,3.0,9.0,Cake,2023-12-12,Credit Card,Takeaway
7673,TXN_7887682,2.0,2.0,4.0,Coffee,2023-06-17,Credit Card,Takeaway
7674,TXN_7889745,4.0,4.0,16.0,Sandwich,2023-01-25,Credit Card,In-store
7675,TXN_7890585,3.0,5.0,15.0,Cake,2023-08-11,Cash,Takeaway
7676,TXN_7893709,3.0,4.0,12.0,Juice,2023-03-14,Credit Card,In-store
7677,TXN_7894069,3.0,2.0,6.0,Juice,2023-11-20,Digital Wallet,In-store
7678,TXN_7894514,3.0,1.0,3.0,Cake,2023-09-25,Cash,Takeaway
7679,TXN_7894534,1.5,3.0,4.5,Tea,2023-03-16,Credit Card,In-store
7680,TXN_7894558,2.0,2.0,4.0,Coffee,2023-01-04,Digital Wallet,Takeaway
7681,TXN_7895436,3.0,3.0,9.0,Cake,2023-09-09,Cash,Takeaway
7682,TXN_7895514,3.0,4.0,12.0,Juice,2023-08-06,Digital Wallet,Takeaway
7683,TXN_7896586,4.0,2.0,8.0,Sandwich,2023-09-04,Credit Card,In-store
7684,TXN_7896721,3.0,3.0,9.0,Cake,2023-04-22,Credit Card,Takeaway
7685,TXN_7896733,3.0,4.0,12.0,Cake,2023-06-03,Digital Wallet,Takeaway
7686,TXN_7896831,2.0,5.0,10.0,Coffee,2023-04-01,Cash,Takeaway
7687,TXN_7897119,3.0,4.0,12.0,Juice,2023-05-27,Digital Wallet,In-store
7688,TXN_7897423,5.0,4.0,20.0,Salad,2023-05-24,Cash,In-store
7689,TXN_7898391,5.0,4.0,20.0,Salad,2023-02-26,Credit Card,In-store
7690,TXN_7899009,2.0,1.0,2.0,Coffee,2023-03-08,Cash,Takeaway
7691,TXN_7899686,4.0,1.0,4.0,Sandwich,2023-09-09,Digital Wallet,Takeaway
7692,TXN_7899761,3.0,2.0,6.0,Juice,2023-10-08,Digital Wallet,In-store
7693,TXN_7901672,1.0,1.0,1.0,Cookie,2023-06-24,Digital Wallet,Takeaway
7694,TXN_7902691,3.0,3.0,9.0,Juice,2023-10-13,Digital Wallet,Takeaway
7695,TXN_7903841,3.0,2.0,6.0,Juice,2023-06-24,Digital Wallet,In-store
7696,TXN_7904970,1.5,2.0,3.0,Tea,2023-05-23,Credit Card,Takeaway
7697,TXN_7905741,1.0,5.0,5.0,Cookie,2023-02-08,Credit Card,Takeaway
7698,TXN_7905853,1.0,4.0,4.0,Cookie,2023-07-25,Digital Wallet,Takeaway
7699,TXN_7906197,4.0,5.0,20.0,Sandwich,2023-01-02,Credit Card,In-store
7700,TXN_7907259,3.0,1.0,3.0,Cake,2023-10-19,Digital Wallet,Takeaway
7701,TXN_7907366,2.0,4.0,8.0,Coffee,2023-01-13,Digital Wallet,Takeaway
7702,TXN_7907499,3.0,3.0,9.0,Juice,2023-04-18,Digital Wallet,Takeaway
7703,TXN_7907786,1.5,5.0,7.5,Tea,2023-09-20,Cash,In-store
7704,TXN_7908153,1.0,3.0,3.0,Cookie,2023-01-19,Cash,In-store
7705,TXN_7908929,1.5,2.0,3.0,Tea,2023-11-18,Digital Wallet,In-store
7706,TXN_7909509,4.0,3.0,12.0,Smoothie,2023-10-10,Digital Wallet,Takeaway
7707,TXN_7910572,4.0,4.0,16.0,Sandwich,2023-07-07,Credit Card,Takeaway
7708,TXN_7910956,2.0,5.0,10.0,Coffee,2023-07-21,Digital Wallet,In-store
7709,TXN_7911650,3.0,2.0,6.0,Juice,2023-03-13,Cash,Takeaway
7710,TXN_7913451,4.0,5.0,20.0,Sandwich,2023-12-05,Credit Card,In-store
7711,TXN_7914312,4.0,5.0,20.0,Sandwich,2023-06-06,Credit Card,In-store
7712,TXN_7914340,1.5,1.0,1.5,Tea,2023-09-04,Digital Wallet,In-store
7713,TXN_7915173,1.0,3.0,3.0,Cookie,2023-09-04,Cash,Takeaway
7714,TXN_7916758,4.0,1.0,4.0,Smoothie,2023-10-14,Digital Wallet,Takeaway
7715,TXN_7917193,1.0,3.0,3.0,Cookie,2023-05-18,Cash,Takeaway
7716,TXN_7918317,1.5,1.0,1.5,Tea,2023-07-27,Credit Card,In-store
7717,TXN_7919440,1.5,4.0,6.0,Tea,2023-08-19,Cash,In-store
7718,TXN_7919609,4.0,3.0,12.0,Sandwich,2023-01-31,Credit Card,In-store
7719,TXN_7920897,5.0,2.0,10.0,Salad,2023-07-29,Cash,In-store
7720,TXN_7921799,1.0,1.0,1.0,Cookie,2023-09-14,Credit Card,Takeaway
7721,TXN_7922350,2.0,2.0,4.0,Coffee,2023-05-09,Digital Wallet,Takeaway
7722,TXN_7922392,4.0,3.0,12.0,Sandwich,2023-05-03,Credit Card,In-store
7723,TXN_7922471,3.0,3.0,9.0,Cake,2023-04-18,Cash,Takeaway
7724,TXN_7923140,2.0,2.0,4.0,Coffee,2023-04-02,Digital Wallet,Takeaway
7725,TXN_7924516,1.0,1.0,1.0,Cookie,2023-04-23,Credit Card,Takeaway
7726,TXN_7924635,4.0,5.0,20.0,Smoothie,2023-02-21,Digital Wallet,Takeaway
7727,TXN_7926510,5.0,4.0,20.0,Salad,2023-10-03,Cash,In-store
7728,TXN_7927109,1.5,1.0,1.5,Tea,2023-04-18,Cash,In-store
7729,TXN_7928378,4.0,3.0,12.0,Sandwich,2023-07-04,Cash,In-store
7730,TXN_7931086,4.0,3.0,12.0,Sandwich,2023-06-25,Credit Card,In-store
7731,TXN_7932127,2.0,3.0,6.0,Coffee,2023-07-29,Digital Wallet,Takeaway
7732,TXN_7932830,3.0,2.0,6.0,Juice,2023-01-08,Digital Wallet,Takeaway
7733,TXN_7932895,4.0,2.0,8.0,Smoothie,2023-04-04,Digital Wallet,In-store
7734,TXN_7933500,1.5,3.0,4.5,Tea,2023-09-21,Digital Wallet,In-store
7735,TXN_7936002,5.0,2.0,10.0,Salad,2023-01-26,Digital Wallet,In-store
7736,TXN_7936851,4.0,3.0,12.0,Sandwich,2023-10-07,Credit Card,In-store
7737,TXN_7937275,3.0,4.0,12.0,Cake,2023-09-18,Credit Card,Takeaway
7738,TXN_7937905,5.0,5.0,25.0,Salad,2023-10-15,Cash,In-store
7739,TXN_7938279,1.5,3.0,4.5,Tea,2023-03-17,Cash,Takeaway
7740,TXN_7939011,3.0,5.0,15.0,Juice,2023-04-07,Digital Wallet,In-store
7741,TXN_7939659,3.0,3.0,9.0,Cake,2023-07-26,Digital Wallet,Takeaway
7742,TXN_7940202,4.0,1.0,4.0,Sandwich,2023-07-23,Digital Wallet,In-store
7743,TXN_7942343,1.0,4.0,4.0,Cookie,2023-06-15,Digital Wallet,Takeaway
7744,TXN_7943008,2.0,1.0,2.0,Coffee,2023-06-15,Credit Card,Takeaway
7745,TXN_7943598,4.0,4.0,16.0,Sandwich,2023-06-15,Credit Card,In-store
7746,TXN_7944534,1.5,2.0,3.0,Tea,2023-10-13,Digital Wallet,In-store
7747,TXN_7945375,3.0,3.0,9.0,Juice,2023-01-14,Digital Wallet,In-store
7748,TXN_7946450,4.0,1.0,4.0,Smoothie,2023-07-15,Credit Card,In-store
7749,TXN_7946489,3.0,1.0,3.0,Juice,2023-09-11,Cash,Takeaway
7750,TXN_7947711,5.0,3.0,15.0,Salad,2023-12-06,Digital Wallet,Takeaway
7751,TXN_7948095,5.0,5.0,25.0,Salad,2023-07-18,Cash,Takeaway
7752,TXN_7948933,4.0,3.0,12.0,Sandwich,2023-07-18,Cash,In-store
7753,TXN_7950226,1.5,1.0,1.5,Tea,2023-10-13,Digital Wallet,In-store
7754,TXN_7951885,5.0,3.0,15.0,Salad,2023-12-08,Credit Card,In-store
7755,TXN_7952153,4.0,2.0,8.0,Smoothie,2023-07-24,Digital Wallet,In-store
7756,TXN_7952232,1.5,4.0,6.0,Tea,2023-03-31,Cash,In-store
7757,TXN_7952680,5.0,1.0,5.0,Salad,2023-06-09,Cash,In-store
7758,TXN_7952916,2.0,4.0,8.0,Coffee,2023-12-10,Digital Wallet,Takeaway
7759,TXN_7953750,4.0,5.0,20.0,Sandwich,2023-06-16,Cash,In-store
7760,TXN_7954064,3.0,5.0,15.0,Juice,2023-08-31,Credit Card,In-store
7761,TXN_7954368,3.0,3.0,9.0,Cake,2023-10-06,Credit Card,Takeaway
7762,TXN_7954416,2.0,1.0,2.0,Coffee,2023-06-04,Digital Wallet,In-store
7763,TXN_7956243,3.0,4.0,12.0,Cake,2023-05-23,Cash,Takeaway
7764,TXN_7957208,1.5,1.0,1.5,Tea,2023-04-14,Digital Wallet,Takeaway
7765,TXN_7958487,1.0,5.0,5.0,Cookie,2023-01-20,Digital Wallet,Takeaway
7766,TXN_7958992,4.0,3.0,12.0,Smoothie,2023-12-13,Digital Wallet,In-store
7767,TXN_7961171,3.0,3.0,9.0,Juice,2023-01-27,Cash,In-store
7768,TXN_7963189,1.0,4.0,4.0,Cookie,2023-03-24,Digital Wallet,Takeaway
7769,TXN_7963324,2.0,3.0,6.0,Coffee,2023-12-09,Digital Wallet,Takeaway
7770,TXN_7963892,5.0,1.0,5.0,Salad,2023-08-15,Cash,Takeaway
7771,TXN_7964520,2.0,1.0,2.0,Coffee,2023-03-26,Digital Wallet,In-store
7772,TXN_7964661,3.0,3.0,9.0,Cake,2023-04-01,Cash,Takeaway
7773,TXN_7965585,4.0,5.0,20.0,Smoothie,2023-01-30,Digital Wallet,Takeaway
7774,TXN_7965998,3.0,1.0,3.0,Juice,2023-11-02,Credit Card,In-store
7775,TXN_7968892,1.5,2.0,3.0,Tea,2023-10-02,Digital Wallet,In-store
7776,TXN_7969017,1.5,3.0,4.5,Tea,2023-02-17,Digital Wallet,In-store
7777,TXN_7970325,3.0,2.0,6.0,Cake,2023-03-13,Cash,Takeaway
7778,TXN_7970906,2.0,4.0,8.0,Coffee,2023-03-07,Digital Wallet,In-store
7779,TXN_7971660,1.0,3.0,3.0,Cookie,2023-10-02,Cash,Takeaway
7780,TXN_7971761,5.0,1.0,5.0,Salad,2023-10-02,Credit Card,In-store
7781,TXN_7972349,3.0,4.0,12.0,Cake,2023-04-19,Cash,In-store
7782,TXN_7973461,1.5,3.0,4.5,Tea,2023-04-11,Digital Wallet,In-store
7783,TXN_7975336,1.5,5.0,7.5,Tea,2023-12-03,Credit Card,Takeaway
7784,TXN_7975387,4.0,2.0,8.0,Smoothie,2023-03-23,Credit Card,Takeaway
7785,TXN_7975760,3.0,3.0,9.0,Juice,2023-12-02,Digital Wallet,In-store
7786,TXN_7976001,3.0,4.0,12.0,Juice,2023-06-27,Credit Card,In-store
7787,TXN_7976129,3.0,3.0,9.0,Cake,2023-03-03,Cash,In-store
7788,TXN_7977951,3.0,5.0,15.0,Cake,2023-12-22,Cash,Takeaway
7789,TXN_7978452,3.0,5.0,15.0,Cake,2023-10-03,Digital Wallet,Takeaway
7790,TXN_7979028,4.0,3.0,12.0,Sandwich,2023-07-12,Cash,Takeaway
7791,TXN_7981162,3.0,3.0,9.0,Cake,2023-05-30,Credit Card,Takeaway
7792,TXN_7982985,1.0,1.0,1.0,Cookie,2023-01-27,Credit Card,Takeaway
7793,TXN_7986904,1.0,3.0,3.0,Cookie,2023-08-11,Credit Card,Takeaway
7794,TXN_7988991,1.5,4.0,6.0,Tea,2023-08-11,Digital Wallet,In-store
7795,TXN_7989903,3.0,2.0,6.0,Juice,2023-06-19,Cash,In-store
7796,TXN_7990902,2.0,5.0,10.0,Coffee,2023-06-19,Digital Wallet,In-store
7797,TXN_7991322,2.0,5.0,10.0,Coffee,2023-11-14,Digital Wallet,Takeaway
7798,TXN_7991782,3.0,2.0,6.0,Juice,2023-01-11,Digital Wallet,In-store
7799,TXN_7992512,4.0,5.0,20.0,Sandwich,2023-07-17,Credit Card,In-store
7800,TXN_7993951,1.5,2.0,3.0,Tea,2023-12-14,Digital Wallet,Takeaway
7801,TXN_7994275,4.0,3.0,12.0,Smoothie,2023-09-18,Credit Card,In-store
7802,TXN_7994903,4.0,4.0,16.0,Smoothie,2023-01-09,Credit Card,In-store
7803,TXN_7995960,3.0,1.0,3.0,Juice,2023-01-11,Digital Wallet,In-store
7804,TXN_7997144,3.0,4.0,12.0,Juice,2023-02-25,Credit Card,In-store
7805,TXN_7997252,3.0,3.0,9.0,Juice,2023-05-28,Credit Card,In-store
7806,TXN_7997641,4.0,2.0,8.0,Smoothie,2023-12-20,Digital Wallet,In-store
7807,TXN_7997704,4.0,2.0,8.0,Sandwich,2023-04-28,Digital Wallet,In-store
7808,TXN_8002309,4.0,1.0,4.0,Sandwich,2023-04-04,Credit Card,In-store
7809,TXN_8002886,2.0,5.0,10.0,Coffee,2023-05-28,Digital Wallet,Takeaway
7810,TXN_8003664,4.0,1.0,4.0,Sandwich,2023-11-26,Credit Card,In-store
7811,TXN_8004162,5.0,5.0,25.0,Salad,2023-11-04,Cash,In-store
7812,TXN_8004510,3.0,3.0,9.0,Cake,2023-12-29,Cash,Takeaway
7813,TXN_8005089,5.0,4.0,20.0,Salad,2023-06-10,Cash,In-store
7814,TXN_8005489,3.0,3.0,9.0,Cake,2023-08-12,Cash,In-store
7815,TXN_8005682,2.0,2.0,4.0,Coffee,2023-03-16,Credit Card,Takeaway
7816,TXN_8006056,3.0,4.0,12.0,Juice,2023-12-19,Credit Card,Takeaway
7817,TXN_8006668,1.5,4.0,6.0,Tea,2023-12-22,Credit Card,In-store
7818,TXN_8007337,3.0,2.0,6.0,Cake,2023-11-01,Digital Wallet,Takeaway
7819,TXN_8008815,5.0,2.0,10.0,Salad,2023-03-16,Cash,In-store
7820,TXN_8010562,4.0,1.0,4.0,Sandwich,2023-07-23,Cash,In-store
7821,TXN_8010863,2.0,2.0,4.0,Coffee,2023-06-30,Digital Wallet,Takeaway
7822,TXN_8013032,2.0,2.0,4.0,Coffee,2023-03-07,Credit Card,Takeaway
7823,TXN_8013818,1.5,2.0,3.0,Tea,2023-07-24,Digital Wallet,In-store
7824,TXN_8014289,3.0,5.0,15.0,Juice,2023-12-04,Digital Wallet,In-store
7825,TXN_8014645,3.0,2.0,6.0,Cake,2023-07-06,Cash,Takeaway
7826,TXN_8014766,4.0,1.0,4.0,Sandwich,2023-10-05,Credit Card,In-store
7827,TXN_8014973,5.0,3.0,15.0,Salad,2023-08-09,Cash,In-store
7828,TXN_8016623,1.5,2.0,3.0,Tea,2023-05-09,Cash,Takeaway
7829,TXN_8017663,2.0,2.0,4.0,Coffee,2023-05-18,Digital Wallet,Takeaway
7830,TXN_8017969,3.0,1.0,3.0,Juice,2023-03-26,Cash,Takeaway
7831,TXN_8018272,4.0,4.0,16.0,Smoothie,2023-03-01,Digital Wallet,In-store
7832,TXN_8018479,1.5,1.0,1.5,Tea,2023-09-15,Digital Wallet,Takeaway
7833,TXN_8018572,1.0,5.0,5.0,Cookie,2023-10-09,Digital Wallet,In-store
7834,TXN_8019306,3.0,1.0,3.0,Juice,2023-05-21,Credit Card,In-store
7835,TXN_8019335,4.0,3.0,12.0,Smoothie,2023-11-26,Digital Wallet,Takeaway
7836,TXN_8019396,4.0,3.0,12.0,Sandwich,2023-10-20,Credit Card,In-store
7837,TXN_8020606,3.0,4.0,12.0,Cake,2023-10-10,Cash,Takeaway
7838,TXN_8022689,1.5,1.0,1.5,Tea,2023-06-15,Cash,Takeaway
7839,TXN_8022892,4.0,4.0,16.0,Sandwich,2023-08-07,Digital Wallet,In-store
7840,TXN_8023817,3.0,4.0,12.0,Juice,2023-05-08,Digital Wallet,Takeaway
7841,TXN_8025478,4.0,4.0,16.0,Sandwich,2023-01-24,Cash,Takeaway
7842,TXN_8028042,2.0,3.0,6.0,Coffee,2023-04-05,Digital Wallet,Takeaway
7843,TXN_8030379,5.0,4.0,20.0,Salad,2023-07-21,Cash,In-store
7844,TXN_8031804,2.0,4.0,8.0,Coffee,2023-07-01,Credit Card,Takeaway
7845,TXN_8032010,1.5,1.0,1.5,Tea,2023-06-14,Cash,In-store
7846,TXN_8034156,4.0,1.0,4.0,Sandwich,2023-07-22,Cash,In-store
7847,TXN_8035512,1.5,3.0,4.5,Tea,2023-10-29,Cash,In-store
7848,TXN_8036176,1.0,4.0,4.0,Cookie,2023-06-20,Credit Card,Takeaway
7849,TXN_8036247,2.0,1.0,2.0,Coffee,2023-09-29,Credit Card,Takeaway
7850,TXN_8038871,3.0,5.0,15.0,Juice,2023-06-09,Digital Wallet,In-store
7851,TXN_8039560,2.0,5.0,10.0,Coffee,2023-03-29,Digital Wallet,Takeaway
7852,TXN_8039752,2.0,2.0,4.0,Coffee,2023-11-28,Digital Wallet,Takeaway
7853,TXN_8040251,2.0,1.0,2.0,Coffee,2023-04-16,Digital Wallet,Takeaway
7854,TXN_8041777,3.0,1.0,3.0,Cake,2023-11-23,Cash,Takeaway
7855,TXN_8043218,5.0,2.0,10.0,Salad,2023-10-23,Cash,In-store
7856,TXN_8043642,5.0,4.0,20.0,Salad,2023-06-12,Cash,In-store
7857,TXN_8045032,3.0,4.0,12.0,Juice,2023-02-20,Digital Wallet,In-store
7858,TXN_8046057,2.0,1.0,2.0,Coffee,2023-11-24,Credit Card,In-store
7859,TXN_8046087,3.0,2.0,6.0,Cake,2023-04-15,Cash,Takeaway
7860,TXN_8046891,2.0,1.0,2.0,Coffee,2023-02-24,Credit Card,Takeaway
7861,TXN_8047234,3.0,3.0,9.0,Juice,2023-08-29,Credit Card,In-store
7862,TXN_8048037,4.0,2.0,8.0,Sandwich,2023-03-31,Digital Wallet,Takeaway
7863,TXN_8048357,5.0,4.0,20.0,Salad,2023-03-31,Cash,In-store
7864,TXN_8049058,3.0,2.0,6.0,Cake,2023-04-08,Cash,Takeaway
7865,TXN_8049191,3.0,3.0,9.0,Cake,2023-07-31,Credit Card,Takeaway
7866,TXN_8049635,5.0,3.0,15.0,Salad,2023-11-16,Cash,In-store
7867,TXN_8050034,1.0,4.0,4.0,Cookie,2023-07-29,Digital Wallet,In-store
7868,TXN_8051289,3.0,1.0,3.0,Juice,2023-10-09,Digital Wallet,In-store
7869,TXN_8053946,1.5,1.0,1.5,Tea,2023-09-18,Digital Wallet,Takeaway
7870,TXN_8056263,4.0,5.0,20.0,Smoothie,2023-04-20,Digital Wallet,In-store
7871,TXN_8058026,1.5,1.0,1.5,Tea,2023-05-19,Digital Wallet,Takeaway
7872,TXN_8058105,1.5,3.0,4.5,Tea,2023-03-07,Cash,In-store
7873,TXN_8059034,2.0,1.0,2.0,Coffee,2023-01-10,Digital Wallet,Takeaway
7874,TXN_8059782,3.0,5.0,15.0,Cake,2023-01-10,Cash,Takeaway
7875,TXN_8061460,4.0,3.0,12.0,Sandwich,2023-01-10,Credit Card,Takeaway
7876,TXN_8061866,5.0,4.0,20.0,Salad,2023-12-13,Cash,Takeaway
7877,TXN_8062811,2.0,2.0,4.0,Coffee,2023-04-07,Cash,Takeaway
7878,TXN_8062897,4.0,2.0,8.0,Smoothie,2023-10-02,Digital Wallet,Takeaway
7879,TXN_8063016,1.0,1.0,1.0,Cookie,2023-02-27,Cash,Takeaway
7880,TXN_8065180,4.0,5.0,20.0,Smoothie,2023-06-07,Digital Wallet,Takeaway
7881,TXN_8065852,4.0,1.0,4.0,Sandwich,2023-07-17,Credit Card,In-store
7882,TXN_8066306,3.0,5.0,15.0,Cake,2023-01-07,Digital Wallet,Takeaway
7883,TXN_8066743,1.5,3.0,4.5,Tea,2023-11-13,Cash,Takeaway
7884,TXN_8068515,1.0,1.0,1.0,Cookie,2023-06-16,Cash,Takeaway
7885,TXN_8069514,4.0,4.0,16.0,Smoothie,2023-06-16,Credit Card,In-store
7886,TXN_8073173,1.5,5.0,7.5,Tea,2023-07-05,Cash,In-store
7887,TXN_8075323,4.0,1.0,4.0,Sandwich,2023-04-18,Digital Wallet,In-store
7888,TXN_8076061,1.5,4.0,6.0,Tea,2023-04-01,Cash,In-store
7889,TXN_8076152,1.5,4.0,6.0,Tea,2023-12-18,Digital Wallet,In-store
7890,TXN_8076449,3.0,3.0,9.0,Juice,2023-12-18,Digital Wallet,Takeaway
7891,TXN_8076559,3.0,5.0,15.0,Cake,2023-11-02,Cash,Takeaway
7892,TXN_8076942,1.0,2.0,2.0,Cookie,2023-04-29,Cash,Takeaway
7893,TXN_8077367,1.5,5.0,7.5,Tea,2023-02-27,Credit Card,In-store
7894,TXN_8077812,5.0,5.0,25.0,Salad,2023-01-16,Cash,In-store
7895,TXN_8077929,1.5,3.0,4.5,Tea,2023-08-06,Digital Wallet,Takeaway
7896,TXN_8078312,1.0,1.0,1.0,Cookie,2023-09-24,Digital Wallet,Takeaway
7897,TXN_8078640,3.0,4.0,12.0,Juice,2023-11-03,Digital Wallet,In-store
7898,TXN_8079747,5.0,2.0,10.0,Salad,2023-03-18,Digital Wallet,In-store
7899,TXN_8082317,3.0,3.0,9.0,Juice,2023-08-18,Cash,Takeaway
7900,TXN_8083377,1.5,4.0,6.0,Tea,2023-01-06,Digital Wallet,In-store
7901,TXN_8085790,1.0,4.0,4.0,Cookie,2023-10-27,Cash,Takeaway
7902,TXN_8086161,4.0,2.0,8.0,Sandwich,2023-03-10,Cash,In-store
7903,TXN_8089522,4.0,4.0,16.0,Sandwich,2023-02-12,Cash,Takeaway
7904,TXN_8090361,2.0,1.0,2.0,Coffee,2023-03-12,Digital Wallet,Takeaway
7905,TXN_8090470,4.0,4.0,16.0,Sandwich,2023-11-18,Digital Wallet,Takeaway
7906,TXN_8090925,1.0,3.0,3.0,Cookie,2023-07-11,Digital Wallet,In-store
7907,TXN_8091357,2.0,1.0,2.0,Coffee,2023-12-28,Cash,Takeaway
7908,TXN_8092496,3.0,4.0,12.0,Juice,2023-03-11,Digital Wallet,In-store
7909,TXN_8096618,2.0,4.0,8.0,Coffee,2023-02-20,Digital Wallet,In-store
7910,TXN_8097899,2.0,4.0,8.0,Coffee,2023-09-05,Digital Wallet,Takeaway
7911,TXN_8099340,1.5,4.0,6.0,Tea,2023-04-23,Digital Wallet,In-store
7912,TXN_8099424,3.0,4.0,12.0,Cake,2023-04-02,Cash,Takeaway
7913,TXN_8099578,2.0,3.0,6.0,Coffee,2023-03-02,Digital Wallet,Takeaway
7914,TXN_8100384,4.0,1.0,4.0,Sandwich,2023-11-08,Cash,In-store
7915,TXN_8101633,4.0,2.0,8.0,Sandwich,2023-08-10,Credit Card,In-store
7916,TXN_8103439,4.0,1.0,4.0,Smoothie,2023-11-30,Digital Wallet,Takeaway
7917,TXN_8103630,1.0,1.0,1.0,Cookie,2023-03-08,Digital Wallet,Takeaway
7918,TXN_8103754,5.0,5.0,25.0,Salad,2023-01-29,Cash,Takeaway
7919,TXN_8104431,1.5,5.0,7.5,Tea,2023-03-07,Digital Wallet,In-store
7920,TXN_8104914,1.0,1.0,1.0,Cookie,2023-03-07,Digital Wallet,Takeaway
7921,TXN_8105705,3.0,1.0,3.0,Juice,2023-10-17,Digital Wallet,Takeaway
7922,TXN_8106064,1.0,1.0,1.0,Cookie,2023-06-17,Digital Wallet,Takeaway
7923,TXN_8106538,2.0,3.0,6.0,Coffee,2023-07-09,Digital Wallet,Takeaway
7924,TXN_8107005,3.0,3.0,9.0,Juice,2023-09-15,Digital Wallet,In-store
7925,TXN_8107970,2.0,2.0,4.0,Coffee,2023-06-03,Credit Card,Takeaway
7926,TXN_8108115,2.0,3.0,6.0,Coffee,2023-08-24,Digital Wallet,In-store
7927,TXN_8108731,3.0,5.0,15.0,Juice,2023-08-13,Digital Wallet,In-store
7928,TXN_8108748,4.0,1.0,4.0,Sandwich,2023-06-19,Cash,In-store
7929,TXN_8110646,3.0,2.0,6.0,Juice,2023-06-07,Credit Card,Takeaway
7930,TXN_8111101,4.0,5.0,20.0,Sandwich,2023-01-12,Cash,In-store
7931,TXN_8112788,4.0,1.0,4.0,Smoothie,2023-08-07,Credit Card,Takeaway
7932,TXN_8114990,3.0,1.0,3.0,Juice,2023-02-27,Digital Wallet,In-store
7933,TXN_8115752,4.0,2.0,8.0,Smoothie,2023-06-27,Digital Wallet,In-store
7934,TXN_8116619,4.0,3.0,12.0,Smoothie,2023-06-27,Cash,In-store
7935,TXN_8116676,3.0,2.0,6.0,Cake,2023-09-16,Digital Wallet,Takeaway
7936,TXN_8117583,5.0,1.0,5.0,Salad,2023-02-25,Cash,In-store
7937,TXN_8118419,3.0,3.0,9.0,Cake,2023-12-03,Cash,Takeaway
7938,TXN_8119542,1.0,2.0,2.0,Cookie,2023-12-12,Digital Wallet,Takeaway
7939,TXN_8120577,3.0,3.0,9.0,Juice,2023-09-08,Cash,In-store
7940,TXN_8120958,1.0,5.0,5.0,Cookie,2023-06-21,Credit Card,Takeaway
7941,TXN_8121601,3.0,4.0,12.0,Juice,2023-07-02,Digital Wallet,In-store
7942,TXN_8122317,2.0,3.0,6.0,Coffee,2023-10-16,Cash,Takeaway
7943,TXN_8122340,2.0,4.0,8.0,Coffee,2023-06-09,Credit Card,Takeaway
7944,TXN_8124663,4.0,2.0,8.0,Sandwich,2023-10-15,Credit Card,Takeaway
7945,TXN_8124795,5.0,5.0,25.0,Salad,2023-08-11,Cash,In-store
7946,TXN_8125141,1.5,3.0,4.5,Tea,2023-04-18,Digital Wallet,Takeaway
7947,TXN_8126049,4.0,3.0,12.0,Sandwich,2023-04-18,Credit Card,In-store
7948,TXN_8126586,4.0,5.0,20.0,Sandwich,2023-11-19,Credit Card,In-store
7949,TXN_8126762,2.0,5.0,10.0,Coffee,2023-06-08,Digital Wallet,Takeaway
7950,TXN_8127390,1.5,3.0,4.5,Tea,2023-01-19,Digital Wallet,In-store
7951,TXN_8127433,4.0,3.0,12.0,Sandwich,2023-07-11,Credit Card,Takeaway
7952,TXN_8127681,4.0,1.0,4.0,Smoothie,2023-09-02,Credit Card,Takeaway
7953,TXN_8127929,1.0,5.0,5.0,Cookie,2023-10-08,Credit Card,Takeaway
7954,TXN_8128146,3.0,2.0,6.0,Juice,2023-05-16,Cash,In-store
7955,TXN_8128656,4.0,5.0,20.0,Smoothie,2023-04-24,Digital Wallet,In-store
7956,TXN_8129834,5.0,1.0,5.0,Salad,2023-07-22,Cash,In-store
7957,TXN_8130122,4.0,2.0,8.0,Sandwich,2023-10-23,Credit Card,In-store
7958,TXN_8131052,1.0,1.0,1.0,Cookie,2023-09-16,Credit Card,Takeaway
7959,TXN_8131533,3.0,1.0,3.0,Cake,2023-07-18,Cash,In-store
7960,TXN_8131537,4.0,2.0,8.0,Smoothie,2023-12-03,Credit Card,In-store
7961,TXN_8131570,5.0,4.0,20.0,Salad,2023-12-02,Cash,In-store
7962,TXN_8132145,1.5,1.0,1.5,Tea,2023-08-04,Digital Wallet,In-store
7963,TXN_8132632,1.5,3.0,4.5,Tea,2023-07-26,Digital Wallet,In-store
7964,TXN_8133627,3.0,5.0,15.0,Cake,2023-08-15,Cash,In-store
7965,TXN_8134280,1.0,1.0,1.0,Cookie,2023-01-29,Digital Wallet,Takeaway
7966,TXN_8135614,3.0,2.0,6.0,Juice,2023-01-28,Digital Wallet,In-store
7967,TXN_8136881,5.0,3.0,15.0,Salad,2023-08-28,Cash,In-store
7968,TXN_8138157,4.0,2.0,8.0,Sandwich,2023-05-07,Cash,Takeaway
7969,TXN_8139533,4.0,1.0,4.0,Smoothie,2023-09-21,Cash,In-store
7970,TXN_8140360,2.0,4.0,8.0,Coffee,2023-05-05,Digital Wallet,Takeaway
7971,TXN_8140560,3.0,5.0,15.0,Cake,2023-06-29,Cash,Takeaway
7972,TXN_8141558,3.0,5.0,15.0,Cake,2023-12-05,Credit Card,Takeaway
7973,TXN_8145813,3.0,4.0,12.0,Juice,2023-02-10,Digital Wallet,In-store
7974,TXN_8145970,3.0,5.0,15.0,Juice,2023-10-26,Digital Wallet,Takeaway
7975,TXN_8147057,3.0,1.0,3.0,Juice,2023-08-21,Digital Wallet,In-store
7976,TXN_8147357,1.5,5.0,7.5,Tea,2023-04-20,Digital Wallet,Takeaway
7977,TXN_8148137,1.5,1.0,1.5,Tea,2023-04-20,Digital Wallet,In-store
7978,TXN_8149585,3.0,1.0,3.0,Juice,2023-02-21,Credit Card,In-store
7979,TXN_8150967,4.0,3.0,12.0,Smoothie,2023-01-08,Cash,In-store
7980,TXN_8152941,2.0,3.0,6.0,Coffee,2023-01-08,Digital Wallet,Takeaway
7981,TXN_8153550,1.0,2.0,2.0,Cookie,2023-10-12,Cash,Takeaway
7982,TXN_8153957,2.0,1.0,2.0,Coffee,2023-10-12,Digital Wallet,Takeaway
7983,TXN_8154928,1.5,3.0,4.5,Tea,2023-07-26,Credit Card,In-store
7984,TXN_8155325,2.0,5.0,10.0,Coffee,2023-11-27,Digital Wallet,In-store
7985,TXN_8155446,5.0,3.0,15.0,Salad,2023-12-20,Digital Wallet,Takeaway
7986,TXN_8155535,3.0,1.0,3.0,Cake,2023-03-13,Cash,Takeaway
7987,TXN_8155540,5.0,5.0,25.0,Salad,2023-03-19,Credit Card,Takeaway
7988,TXN_8156272,5.0,2.0,10.0,Salad,2023-03-19,Cash,In-store
7989,TXN_8156455,3.0,2.0,6.0,Cake,2023-02-12,Cash,Takeaway
7990,TXN_8157817,1.5,2.0,3.0,Tea,2023-08-30,Credit Card,Takeaway
7991,TXN_8158496,1.5,4.0,6.0,Tea,2023-06-19,Cash,In-store
7992,TXN_8158986,1.0,5.0,5.0,Cookie,2023-12-10,Digital Wallet,In-store
7993,TXN_8159649,2.0,4.0,8.0,Coffee,2023-06-15,Digital Wallet,In-store
7994,TXN_8159727,5.0,5.0,25.0,Salad,2023-04-24,Digital Wallet,In-store
7995,TXN_8159772,3.0,1.0,3.0,Cake,2023-10-02,Credit Card,In-store
7996,TXN_8160791,3.0,5.0,15.0,Cake,2023-10-24,Digital Wallet,In-store
7997,TXN_8161873,1.5,1.0,1.5,Tea,2023-02-08,Digital Wallet,In-store
7998,TXN_8162049,4.0,1.0,4.0,Sandwich,2023-02-08,Digital Wallet,In-store
7999,TXN_8162690,5.0,2.0,10.0,Salad,2023-05-08,Digital Wallet,In-store
8000,TXN_8164119,1.5,3.0,4.5,Tea,2023-01-07,Credit Card,Takeaway
8001,TXN_8164332,1.5,4.0,6.0,Tea,2023-04-22,Cash,Takeaway
8002,TXN_8165784,3.0,5.0,15.0,Cake,2023-10-15,Digital Wallet,Takeaway
8003,TXN_8166394,3.0,4.0,12.0,Juice,2023-12-22,Credit Card,In-store
8004,TXN_8166407,4.0,2.0,8.0,Smoothie,2023-07-26,Digital Wallet,In-store
8005,TXN_8166527,5.0,2.0,10.0,Salad,2023-05-24,Cash,In-store
8006,TXN_8167275,5.0,5.0,25.0,Salad,2023-05-24,Cash,In-store
8007,TXN_8167279,5.0,5.0,25.0,Salad,2023-05-24,Cash,In-store
8008,TXN_8167311,5.0,1.0,5.0,Salad,2023-10-09,Cash,Takeaway
8009,TXN_8167530,3.0,3.0,9.0,Cake,2023-03-08,Cash,In-store
8010,TXN_8167741,4.0,4.0,16.0,Sandwich,2023-09-09,Credit Card,Takeaway
8011,TXN_8167808,3.0,3.0,9.0,Cake,2023-02-03,Cash,In-store
8012,TXN_8170122,1.0,5.0,5.0,Cookie,2023-03-20,Digital Wallet,In-store
8013,TXN_8171171,2.0,1.0,2.0,Coffee,2023-05-13,Digital Wallet,Takeaway
8014,TXN_8172182,3.0,2.0,6.0,Cake,2023-06-22,Cash,Takeaway
8015,TXN_8172333,1.0,4.0,4.0,Cookie,2023-12-25,Credit Card,Takeaway
8016,TXN_8172897,1.0,3.0,3.0,Cookie,2023-03-14,Digital Wallet,Takeaway
8017,TXN_8173006,5.0,3.0,15.0,Salad,2023-12-21,Cash,Takeaway
8018,TXN_8175702,1.5,1.0,1.5,Tea,2023-08-27,Digital Wallet,Takeaway
8019,TXN_8176812,4.0,5.0,20.0,Sandwich,2023-06-21,Digital Wallet,In-store
8020,TXN_8180793,1.0,4.0,4.0,Cookie,2023-11-17,Digital Wallet,Takeaway
8021,TXN_8181326,1.5,5.0,7.5,Tea,2023-02-28,Cash,In-store
8022,TXN_8182245,4.0,5.0,20.0,Sandwich,2023-10-24,Digital Wallet,Takeaway
8023,TXN_8183734,1.0,2.0,2.0,Cookie,2023-08-25,Digital Wallet,In-store
8024,TXN_8186625,1.0,1.0,1.0,Cookie,2023-07-21,Digital Wallet,Takeaway
8025,TXN_8187087,2.0,3.0,6.0,Coffee,2023-01-31,Digital Wallet,Takeaway
8026,TXN_8187222,2.0,4.0,8.0,Coffee,2023-03-08,Credit Card,Takeaway
8027,TXN_8187656,1.5,4.0,6.0,Tea,2023-05-01,Credit Card,Takeaway
8028,TXN_8188818,1.5,2.0,3.0,Tea,2023-10-07,Digital Wallet,In-store
8029,TXN_8188857,3.0,1.0,3.0,Cake,2023-12-21,Cash,Takeaway
8030,TXN_8191202,1.0,2.0,2.0,Cookie,2023-01-14,Digital Wallet,In-store
8031,TXN_8191921,5.0,3.0,15.0,Salad,2023-01-14,Digital Wallet,In-store
8032,TXN_8192063,3.0,4.0,12.0,Juice,2023-02-06,Cash,In-store
8033,TXN_8194534,2.0,2.0,4.0,Coffee,2023-05-19,Cash,Takeaway
8034,TXN_8195843,1.0,4.0,4.0,Cookie,2023-06-02,Digital Wallet,Takeaway
8035,TXN_8196921,2.0,4.0,8.0,Coffee,2023-05-19,Credit Card,Takeaway
8036,TXN_8197935,4.0,5.0,20.0,Sandwich,2023-03-28,Cash,In-store
8037,TXN_8199524,3.0,5.0,15.0,Cake,2023-12-01,Cash,Takeaway
8038,TXN_8199561,1.0,4.0,4.0,Cookie,2023-07-31,Digital Wallet,Takeaway
8039,TXN_8199829,3.0,2.0,6.0,Cake,2023-07-29,Credit Card,Takeaway
8040,TXN_8201146,3.0,5.0,15.0,Juice,2023-06-26,Cash,In-store
8041,TXN_8203190,1.5,2.0,3.0,Tea,2023-06-16,Digital Wallet,In-store
8042,TXN_8205107,4.0,4.0,16.0,Sandwich,2023-04-19,Credit Card,Takeaway
8043,TXN_8205635,3.0,5.0,15.0,Cake,2023-04-19,Credit Card,Takeaway
8044,TXN_8207244,1.5,5.0,7.5,Tea,2023-05-04,Cash,Takeaway
8045,TXN_8208915,3.0,2.0,6.0,Juice,2023-05-09,Cash,In-store
8046,TXN_8209124,2.0,2.0,4.0,Coffee,2023-10-05,Cash,Takeaway
8047,TXN_8209125,1.0,3.0,3.0,Cookie,2023-01-30,Credit Card,Takeaway
8048,TXN_8209509,1.0,4.0,4.0,Cookie,2023-11-09,Digital Wallet,Takeaway
8049,TXN_8209794,2.0,5.0,10.0,Coffee,2023-10-25,Credit Card,Takeaway
8050,TXN_8210816,5.0,4.0,20.0,Salad,2023-08-12,Digital Wallet,Takeaway
8051,TXN_8211133,1.5,2.0,3.0,Tea,2023-08-31,Digital Wallet,Takeaway
8052,TXN_8211146,4.0,5.0,20.0,Sandwich,2023-04-30,Digital Wallet,Takeaway
8053,TXN_8211198,3.0,3.0,9.0,Juice,2023-01-24,Credit Card,In-store
8054,TXN_8211288,4.0,1.0,4.0,Smoothie,2023-04-23,Cash,In-store
8055,TXN_8211303,5.0,5.0,25.0,Salad,2023-08-26,Cash,In-store
8056,TXN_8212783,5.0,3.0,15.0,Salad,2023-03-30,Credit Card,In-store
8057,TXN_8214944,1.5,3.0,4.5,Tea,2023-11-18,Credit Card,In-store
8058,TXN_8215595,1.5,2.0,3.0,Tea,2023-11-23,Cash,In-store
8059,TXN_8219210,4.0,5.0,20.0,Smoothie,2023-01-12,Cash,In-store
8060,TXN_8219298,3.0,5.0,15.0,Juice,2023-09-01,Credit Card,In-store
8061,TXN_8219472,1.0,4.0,4.0,Cookie,2023-11-09,Credit Card,Takeaway
8062,TXN_8219519,1.5,5.0,7.5,Tea,2023-11-29,Digital Wallet,In-store
8063,TXN_8220657,1.5,2.0,3.0,Tea,2023-08-13,Cash,In-store
8064,TXN_8222593,4.0,4.0,16.0,Sandwich,2023-05-11,Credit Card,In-store
8065,TXN_8223689,5.0,5.0,25.0,Salad,2023-09-08,Digital Wallet,In-store
8066,TXN_8224079,1.0,5.0,5.0,Cookie,2023-10-16,Cash,In-store
8067,TXN_8225343,4.0,1.0,4.0,Smoothie,2023-05-10,Cash,In-store
8068,TXN_8225571,1.5,4.0,6.0,Tea,2023-01-17,Digital Wallet,In-store
8069,TXN_8226226,4.0,1.0,4.0,Sandwich,2023-07-30,Credit Card,In-store
8070,TXN_8226985,2.0,2.0,4.0,Coffee,2023-03-08,Digital Wallet,Takeaway
8071,TXN_8227648,1.5,3.0,4.5,Tea,2023-05-31,Digital Wallet,Takeaway
8072,TXN_8228500,1.5,3.0,4.5,Tea,2023-04-15,Digital Wallet,In-store
8073,TXN_8228865,3.0,3.0,9.0,Juice,2023-09-19,Digital Wallet,In-store
8074,TXN_8229546,4.0,2.0,8.0,Smoothie,2023-10-16,Cash,In-store
8075,TXN_8230414,4.0,4.0,16.0,Sandwich,2023-11-20,Cash,In-store
8076,TXN_8230936,3.0,3.0,9.0,Cake,2023-05-02,Cash,Takeaway
8077,TXN_8232653,5.0,5.0,25.0,Salad,2023-04-21,Cash,In-store
8078,TXN_8233101,5.0,2.0,10.0,Salad,2023-02-12,Cash,In-store
8079,TXN_8235042,4.0,1.0,4.0,Sandwich,2023-02-12,Credit Card,In-store
8080,TXN_8235381,1.0,3.0,3.0,Cookie,2023-03-01,Digital Wallet,In-store
8081,TXN_8235675,1.5,1.0,1.5,Tea,2023-08-08,Credit Card,In-store
8082,TXN_8236432,5.0,1.0,5.0,Salad,2023-12-04,Cash,In-store
8083,TXN_8237192,4.0,3.0,12.0,Sandwich,2023-10-03,Credit Card,In-store
8084,TXN_8239121,4.0,1.0,4.0,Smoothie,2023-05-11,Digital Wallet,In-store
8085,TXN_8240436,5.0,5.0,25.0,Salad,2023-07-05,Cash,In-store
8086,TXN_8241649,1.5,5.0,7.5,Tea,2023-03-15,Digital Wallet,In-store
8087,TXN_8241724,4.0,1.0,4.0,Smoothie,2023-05-14,Credit Card,Takeaway
8088,TXN_8242126,5.0,4.0,20.0,Salad,2023-11-20,Digital Wallet,In-store
8089,TXN_8244640,1.0,1.0,1.0,Cookie,2023-09-24,Digital Wallet,Takeaway
8090,TXN_8245502,5.0,1.0,5.0,Salad,2023-03-16,Credit Card,In-store
8091,TXN_8245906,3.0,1.0,3.0,Cake,2023-02-08,Digital Wallet,Takeaway
8092,TXN_8246369,3.0,1.0,3.0,Juice,2023-10-16,Credit Card,In-store
8093,TXN_8249251,3.0,3.0,9.0,Cake,2023-01-01,Cash,In-store
8094,TXN_8249996,1.0,4.0,4.0,Cookie,2023-09-19,Digital Wallet,Takeaway
8095,TXN_8250427,2.0,4.0,8.0,Coffee,2023-09-15,Credit Card,Takeaway
8096,TXN_8250651,4.0,4.0,16.0,Sandwich,2023-03-13,Digital Wallet,In-store
8097,TXN_8250731,1.0,2.0,2.0,Cookie,2023-08-24,Cash,Takeaway
8098,TXN_8250845,1.0,1.0,1.0,Cookie,2023-12-09,Cash,Takeaway
8099,TXN_8252793,1.0,4.0,4.0,Cookie,2023-07-28,Digital Wallet,Takeaway
8100,TXN_8253046,3.0,1.0,3.0,Cake,2023-12-20,Cash,In-store
8101,TXN_8253472,3.0,1.0,3.0,Cake,2023-12-20,Cash,Takeaway
8102,TXN_8255965,3.0,2.0,6.0,Juice,2023-11-16,Digital Wallet,In-store
8103,TXN_8256593,5.0,2.0,10.0,Salad,2023-08-09,Digital Wallet,Takeaway
8104,TXN_8257774,1.0,5.0,5.0,Cookie,2023-03-04,Cash,Takeaway
8105,TXN_8258400,5.0,5.0,25.0,Salad,2023-10-09,Cash,In-store
8106,TXN_8258798,2.0,3.0,6.0,Coffee,2023-10-18,Cash,In-store
8107,TXN_8259257,1.5,2.0,3.0,Tea,2023-12-13,Digital Wallet,In-store
8108,TXN_8260297,5.0,2.0,10.0,Salad,2023-07-04,Cash,In-store
8109,TXN_8260461,1.0,2.0,2.0,Cookie,2023-10-29,Digital Wallet,Takeaway
8110,TXN_8261045,1.5,3.0,4.5,Tea,2023-01-21,Cash,In-store
8111,TXN_8261380,3.0,3.0,9.0,Cake,2023-10-01,Cash,In-store
8112,TXN_8263172,3.0,2.0,6.0,Juice,2023-12-30,Digital Wallet,Takeaway
8113,TXN_8265257,2.0,1.0,2.0,Coffee,2023-10-25,Digital Wallet,In-store
8114,TXN_8266662,2.0,5.0,10.0,Coffee,2023-04-09,Credit Card,Takeaway
8115,TXN_8266689,3.0,5.0,15.0,Juice,2023-12-03,Cash,In-store
8116,TXN_8267031,3.0,2.0,6.0,Cake,2023-03-28,Cash,Takeaway
8117,TXN_8267034,3.0,2.0,6.0,Juice,2023-06-20,Digital Wallet,Takeaway
8118,TXN_8267616,1.5,4.0,6.0,Tea,2023-03-01,Cash,In-store
8119,TXN_8267915,4.0,2.0,8.0,Sandwich,2023-03-22,Credit Card,Takeaway
8120,TXN_8268061,5.0,3.0,15.0,Salad,2023-08-20,Cash,Takeaway
8121,TXN_8269366,4.0,1.0,4.0,Sandwich,2023-10-31,Credit Card,In-store
8122,TXN_8269956,4.0,5.0,20.0,Smoothie,2023-08-02,Digital Wallet,Takeaway
8123,TXN_8270768,3.0,5.0,15.0,Juice,2023-02-28,Digital Wallet,Takeaway
8124,TXN_8271025,3.0,5.0,15.0,Juice,2023-03-09,Credit Card,In-store
8125,TXN_8271278,1.5,1.0,1.5,Tea,2023-07-01,Digital Wallet,In-store
8126,TXN_8271541,4.0,2.0,8.0,Smoothie,2023-09-07,Digital Wallet,In-store
8127,TXN_8272750,5.0,5.0,25.0,Salad,2023-05-18,Cash,In-store
8128,TXN_8273645,3.0,2.0,6.0,Juice,2023-11-02,Cash,Takeaway
8129,TXN_8273780,5.0,2.0,10.0,Salad,2023-10-15,Digital Wallet,Takeaway
8130,TXN_8275137,5.0,4.0,20.0,Salad,2023-11-16,Cash,In-store
8131,TXN_8275626,2.0,2.0,4.0,Coffee,2023-09-10,Digital Wallet,Takeaway
8132,TXN_8276063,2.0,1.0,2.0,Coffee,2023-01-06,Credit Card,Takeaway
8133,TXN_8276635,4.0,4.0,16.0,Sandwich,2023-12-16,Digital Wallet,Takeaway
8134,TXN_8277553,1.5,3.0,4.5,Tea,2023-09-26,Cash,In-store
8135,TXN_8277583,1.0,5.0,5.0,Cookie,2023-08-15,Digital Wallet,Takeaway
8136,TXN_8278833,3.0,3.0,9.0,Cake,2023-02-26,Cash,Takeaway
8137,TXN_8278982,4.0,5.0,20.0,Smoothie,2023-09-06,Credit Card,Takeaway
8138,TXN_8279269,4.0,4.0,16.0,Smoothie,2023-06-14,Digital Wallet,In-store
8139,TXN_8279865,3.0,1.0,3.0,Juice,2023-07-18,Cash,In-store
8140,TXN_8279966,2.0,3.0,6.0,Coffee,2023-08-24,Cash,In-store
8141,TXN_8279992,3.0,5.0,15.0,Juice,2023-07-03,Digital Wallet,In-store
8142,TXN_8281347,3.0,4.0,12.0,Juice,2023-08-11,Credit Card,In-store
8143,TXN_8282744,1.5,2.0,3.0,Tea,2023-06-16,Digital Wallet,Takeaway
8144,TXN_8283199,3.0,3.0,9.0,Juice,2023-01-23,Digital Wallet,Takeaway
8145,TXN_8283691,3.0,3.0,9.0,Juice,2023-01-25,Digital Wallet,In-store
8146,TXN_8284313,5.0,5.0,25.0,Salad,2023-11-20,Cash,In-store
8147,TXN_8284384,3.0,2.0,6.0,Juice,2023-06-05,Digital Wallet,Takeaway
8148,TXN_8284910,4.0,1.0,4.0,Smoothie,2023-07-19,Cash,In-store
8149,TXN_8285283,3.0,5.0,15.0,Juice,2023-09-21,Digital Wallet,In-store
8150,TXN_8285304,1.0,1.0,1.0,Cookie,2023-07-09,Cash,Takeaway
8151,TXN_8285410,2.0,4.0,8.0,Coffee,2023-09-10,Credit Card,Takeaway
8152,TXN_8285752,1.0,4.0,4.0,Cookie,2023-01-07,Digital Wallet,In-store
8153,TXN_8286164,4.0,1.0,4.0,Smoothie,2023-03-08,Digital Wallet,In-store
8154,TXN_8287437,1.5,2.0,3.0,Tea,2023-03-16,Digital Wallet,In-store
8155,TXN_8292441,5.0,1.0,5.0,Salad,2023-09-15,Cash,Takeaway
8156,TXN_8293691,2.0,4.0,8.0,Coffee,2023-06-30,Digital Wallet,Takeaway
8157,TXN_8294790,1.0,1.0,1.0,Cookie,2023-09-01,Digital Wallet,Takeaway
8158,TXN_8295101,1.5,4.0,6.0,Tea,2023-10-23,Digital Wallet,In-store
8159,TXN_8295765,3.0,4.0,12.0,Cake,2023-04-05,Cash,Takeaway
8160,TXN_8296518,4.0,2.0,8.0,Sandwich,2023-02-08,Credit Card,In-store
8161,TXN_8297135,4.0,2.0,8.0,Sandwich,2023-09-16,Credit Card,In-store
8162,TXN_8297751,5.0,3.0,15.0,Salad,2023-04-08,Cash,Takeaway
8163,TXN_8298311,1.5,2.0,3.0,Tea,2023-04-08,Digital Wallet,In-store
8164,TXN_8298711,2.0,3.0,6.0,Coffee,2023-01-26,Digital Wallet,Takeaway
8165,TXN_8300706,5.0,2.0,10.0,Salad,2023-12-23,Digital Wallet,In-store
8166,TXN_8301190,2.0,1.0,2.0,Coffee,2023-04-01,Cash,Takeaway
8167,TXN_8301424,3.0,2.0,6.0,Juice,2023-06-27,Digital Wallet,In-store
8168,TXN_8302551,3.0,4.0,12.0,Cake,2023-06-27,Cash,Takeaway
8169,TXN_8304002,3.0,1.0,3.0,Juice,2023-05-02,Credit Card,Takeaway
8170,TXN_8304399,1.5,2.0,3.0,Tea,2023-06-08,Cash,In-store
8171,TXN_8305586,2.0,4.0,8.0,Coffee,2023-01-06,Cash,Takeaway
8172,TXN_8305936,3.0,3.0,9.0,Juice,2023-08-02,Digital Wallet,In-store
8173,TXN_8306028,5.0,1.0,5.0,Salad,2023-02-27,Cash,Takeaway
8174,TXN_8306630,4.0,2.0,8.0,Sandwich,2023-04-26,Credit Card,In-store
8175,TXN_8308356,4.0,1.0,4.0,Smoothie,2023-11-21,Digital Wallet,In-store
8176,TXN_8308672,5.0,2.0,10.0,Salad,2023-01-01,Digital Wallet,Takeaway
8177,TXN_8309656,4.0,3.0,12.0,Sandwich,2023-01-04,Credit Card,Takeaway
8178,TXN_8313892,5.0,3.0,15.0,Salad,2023-11-29,Credit Card,Takeaway
8179,TXN_8316135,5.0,3.0,15.0,Salad,2023-11-06,Digital Wallet,Takeaway
8180,TXN_8316826,2.0,3.0,6.0,Coffee,2023-04-17,Digital Wallet,In-store
8181,TXN_8316915,1.0,5.0,5.0,Cookie,2023-05-30,Digital Wallet,In-store
8182,TXN_8318388,3.0,5.0,15.0,Cake,2023-11-26,Cash,Takeaway
8183,TXN_8319993,3.0,1.0,3.0,Juice,2023-08-06,Digital Wallet,In-store
8184,TXN_8320245,1.5,3.0,4.5,Tea,2023-04-09,Digital Wallet,Takeaway
8185,TXN_8321092,3.0,2.0,6.0,Juice,2023-09-28,Credit Card,In-store
8186,TXN_8321225,1.5,4.0,6.0,Tea,2023-08-20,Credit Card,Takeaway
8187,TXN_8321887,1.0,5.0,5.0,Cookie,2023-03-21,Digital Wallet,Takeaway
8188,TXN_8323012,1.5,3.0,4.5,Tea,2023-12-17,Credit Card,In-store
8189,TXN_8324315,5.0,1.0,5.0,Salad,2023-08-07,Cash,In-store
8190,TXN_8324715,4.0,5.0,20.0,Sandwich,2023-03-21,Credit Card,In-store
8191,TXN_8325221,2.0,2.0,4.0,Coffee,2023-11-17,Credit Card,Takeaway
8192,TXN_8325464,4.0,5.0,20.0,Sandwich,2023-08-02,Credit Card,Takeaway
8193,TXN_8325722,4.0,2.0,8.0,Sandwich,2023-05-27,Credit Card,Takeaway
8194,TXN_8326905,2.0,5.0,10.0,Coffee,2023-03-10,Digital Wallet,Takeaway
8195,TXN_8329144,4.0,2.0,8.0,Sandwich,2023-03-04,Digital Wallet,In-store
8196,TXN_8329302,3.0,3.0,9.0,Juice,2023-03-04,Digital Wallet,Takeaway
8197,TXN_8330240,4.0,4.0,16.0,Sandwich,2023-06-06,Digital Wallet,In-store
8198,TXN_8330446,4.0,3.0,12.0,Smoothie,2023-08-06,Credit Card,In-store
8199,TXN_8330837,3.0,3.0,9.0,Juice,2023-10-13,Digital Wallet,In-store
8200,TXN_8331542,5.0,4.0,20.0,Salad,2023-12-23,Cash,In-store
8201,TXN_8332592,3.0,5.0,15.0,Juice,2023-03-25,Digital Wallet,In-store
8202,TXN_8335965,1.5,5.0,7.5,Tea,2023-03-21,Credit Card,In-store
8203,TXN_8336656,5.0,5.0,25.0,Salad,2023-12-02,Cash,Takeaway
8204,TXN_8337899,1.0,1.0,1.0,Cookie,2023-11-10,Digital Wallet,Takeaway
8205,TXN_8340038,1.5,1.0,1.5,Tea,2023-07-15,Digital Wallet,In-store
8206,TXN_8341520,4.0,3.0,12.0,Sandwich,2023-06-24,Credit Card,Takeaway
8207,TXN_8342990,1.5,1.0,1.5,Tea,2023-04-23,Digital Wallet,Takeaway
8208,TXN_8343149,3.0,5.0,15.0,Juice,2023-10-28,Digital Wallet,In-store
8209,TXN_8343414,5.0,2.0,10.0,Salad,2023-02-28,Credit Card,Takeaway
8210,TXN_8344035,4.0,2.0,8.0,Smoothie,2023-08-23,Cash,In-store
8211,TXN_8344810,4.0,2.0,8.0,Smoothie,2023-08-23,Digital Wallet,In-store
8212,TXN_8345092,4.0,1.0,4.0,Smoothie,2023-07-24,Credit Card,In-store
8213,TXN_8345383,1.5,5.0,7.5,Tea,2023-10-14,Digital Wallet,Takeaway
8214,TXN_8345649,1.0,5.0,5.0,Cookie,2023-08-23,Cash,Takeaway
8215,TXN_8345723,4.0,1.0,4.0,Sandwich,2023-08-27,Digital Wallet,Takeaway
8216,TXN_8347965,5.0,1.0,5.0,Salad,2023-03-17,Cash,Takeaway
8217,TXN_8348710,2.0,1.0,2.0,Coffee,2023-12-27,Cash,In-store
8218,TXN_8349096,1.0,5.0,5.0,Cookie,2023-12-12,Digital Wallet,Takeaway
8219,TXN_8352365,2.0,5.0,10.0,Coffee,2023-08-10,Digital Wallet,Takeaway
8220,TXN_8352416,5.0,1.0,5.0,Salad,2023-07-26,Digital Wallet,In-store
8221,TXN_8352748,4.0,5.0,20.0,Sandwich,2023-05-01,Cash,In-store
8222,TXN_8353202,4.0,4.0,16.0,Sandwich,2023-06-14,Digital Wallet,In-store
8223,TXN_8354174,2.0,3.0,6.0,Coffee,2023-12-29,Credit Card,Takeaway
8224,TXN_8356048,4.0,5.0,20.0,Sandwich,2023-06-05,Cash,Takeaway
8225,TXN_8356338,5.0,5.0,25.0,Salad,2023-08-06,Credit Card,In-store
8226,TXN_8359674,5.0,3.0,15.0,Salad,2023-10-16,Cash,Takeaway
8227,TXN_8359693,4.0,2.0,8.0,Sandwich,2023-10-23,Digital Wallet,In-store
8228,TXN_8360073,3.0,4.0,12.0,Cake,2023-06-15,Digital Wallet,In-store
8229,TXN_8360779,1.0,4.0,4.0,Cookie,2023-10-25,Credit Card,In-store
8230,TXN_8361255,3.0,3.0,9.0,Cake,2023-07-29,Cash,Takeaway
8231,TXN_8361813,1.0,3.0,3.0,Cookie,2023-08-01,Cash,In-store
8232,TXN_8361821,1.5,5.0,7.5,Tea,2023-06-30,Cash,In-store
8233,TXN_8362750,5.0,4.0,20.0,Salad,2023-04-01,Cash,In-store
8234,TXN_8363628,5.0,1.0,5.0,Salad,2023-04-07,Digital Wallet,In-store
8235,TXN_8363711,4.0,2.0,8.0,Smoothie,2023-05-21,Digital Wallet,In-store
8236,TXN_8365478,4.0,3.0,12.0,Sandwich,2023-02-06,Cash,Takeaway
8237,TXN_8365530,4.0,4.0,16.0,Sandwich,2023-03-10,Credit Card,Takeaway
8238,TXN_8365857,4.0,5.0,20.0,Smoothie,2023-10-06,Digital Wallet,Takeaway
8239,TXN_8366002,4.0,2.0,8.0,Sandwich,2023-12-26,Credit Card,In-store
8240,TXN_8367194,3.0,1.0,3.0,Juice,2023-02-04,Digital Wallet,Takeaway
8241,TXN_8367716,1.5,2.0,3.0,Tea,2023-02-03,Credit Card,Takeaway
8242,TXN_8372268,5.0,2.0,10.0,Salad,2023-06-15,Cash,Takeaway
8243,TXN_8374101,5.0,5.0,25.0,Salad,2023-08-16,Credit Card,In-store
8244,TXN_8377178,2.0,5.0,10.0,Coffee,2023-02-03,Digital Wallet,Takeaway
8245,TXN_8377564,3.0,5.0,15.0,Cake,2023-07-14,Cash,In-store
8246,TXN_8377812,1.5,2.0,3.0,Tea,2023-03-27,Digital Wallet,In-store
8247,TXN_8379141,5.0,1.0,5.0,Salad,2023-10-01,Cash,In-store
8248,TXN_8379815,4.0,5.0,20.0,Smoothie,2023-07-31,Credit Card,In-store
8249,TXN_8379868,3.0,3.0,9.0,Cake,2023-01-16,Cash,In-store
8250,TXN_8379880,3.0,3.0,9.0,Juice,2023-05-24,Digital Wallet,Takeaway
8251,TXN_8379919,1.0,3.0,3.0,Cookie,2023-12-04,Digital Wallet,Takeaway
8252,TXN_8382825,2.0,5.0,10.0,Coffee,2023-01-20,Cash,In-store
8253,TXN_8383484,3.0,2.0,6.0,Juice,2023-12-20,Digital Wallet,In-store
8254,TXN_8384229,1.5,4.0,6.0,Tea,2023-01-08,Digital Wallet,In-store
8255,TXN_8384372,1.5,4.0,6.0,Tea,2023-08-07,Digital Wallet,In-store
8256,TXN_8384428,1.0,1.0,1.0,Cookie,2023-08-11,Digital Wallet,In-store
8257,TXN_8384628,5.0,3.0,15.0,Salad,2023-08-22,Credit Card,Takeaway
8258,TXN_8384699,5.0,3.0,15.0,Salad,2023-12-16,Cash,In-store
8259,TXN_8384806,4.0,3.0,12.0,Sandwich,2023-07-07,Credit Card,Takeaway
8260,TXN_8385321,4.0,2.0,8.0,Smoothie,2023-02-08,Credit Card,Takeaway
8261,TXN_8385625,1.5,4.0,6.0,Tea,2023-12-23,Digital Wallet,Takeaway
8262,TXN_8386253,1.5,4.0,6.0,Tea,2023-05-11,Cash,In-store
8263,TXN_8386792,2.0,3.0,6.0,Coffee,2023-10-05,Digital Wallet,In-store
8264,TXN_8388056,5.0,1.0,5.0,Salad,2023-06-23,Credit Card,In-store
8265,TXN_8388122,1.5,4.0,6.0,Tea,2023-11-01,Digital Wallet,In-store
8266,TXN_8388462,4.0,2.0,8.0,Smoothie,2023-08-19,Digital Wallet,Takeaway
8267,TXN_8392086,4.0,4.0,16.0,Smoothie,2023-07-12,Digital Wallet,In-store
8268,TXN_8396271,1.0,2.0,2.0,Cookie,2023-09-12,Digital Wallet,Takeaway
8269,TXN_8397155,5.0,4.0,20.0,Salad,2023-08-16,Credit Card,Takeaway
8270,TXN_8397209,1.5,3.0,4.5,Tea,2023-10-12,Cash,In-store
8271,TXN_8398059,3.0,1.0,3.0,Cake,2023-10-15,Cash,Takeaway
8272,TXN_8398809,1.5,2.0,3.0,Tea,2023-11-25,Digital Wallet,Takeaway
8273,TXN_8399341,1.5,5.0,7.5,Tea,2023-03-22,Cash,In-store
8274,TXN_8402606,1.0,3.0,3.0,Cookie,2023-05-09,Digital Wallet,Takeaway
8275,TXN_8402941,3.0,5.0,15.0,Cake,2023-11-26,Credit Card,In-store
8276,TXN_8404563,1.5,1.0,1.5,Tea,2023-01-22,Cash,In-store
8277,TXN_8406851,3.0,2.0,6.0,Juice,2023-09-09,Digital Wallet,In-store
8278,TXN_8407849,1.0,2.0,2.0,Cookie,2023-05-05,Digital Wallet,Takeaway
8279,TXN_8407982,5.0,2.0,10.0,Salad,2023-09-17,Digital Wallet,Takeaway
8280,TXN_8408103,4.0,5.0,20.0,Sandwich,2023-06-01,Credit Card,Takeaway
8281,TXN_8408353,1.5,1.0,1.5,Tea,2023-12-13,Credit Card,In-store
8282,TXN_8409154,3.0,4.0,12.0,Cake,2023-06-20,Digital Wallet,Takeaway
8283,TXN_8410376,2.0,4.0,8.0,Coffee,2023-07-02,Digital Wallet,Takeaway
8284,TXN_8410712,3.0,5.0,15.0,Juice,2023-10-23,Digital Wallet,Takeaway
8285,TXN_8410979,4.0,3.0,12.0,Smoothie,2023-05-02,Digital Wallet,In-store
8286,TXN_8411549,1.5,4.0,6.0,Tea,2023-02-15,Credit Card,In-store
8287,TXN_8413251,4.0,3.0,12.0,Sandwich,2023-08-18,Cash,Takeaway
8288,TXN_8413949,3.0,1.0,3.0,Juice,2023-10-14,Credit Card,In-store
8289,TXN_8417552,2.0,1.0,2.0,Coffee,2023-12-09,Digital Wallet,Takeaway
8290,TXN_8419805,3.0,5.0,15.0,Cake,2023-07-24,Cash,In-store
8291,TXN_8419985,3.0,3.0,9.0,Cake,2023-08-26,Cash,Takeaway
8292,TXN_8421481,2.0,4.0,8.0,Coffee,2023-07-27,Digital Wallet,Takeaway
8293,TXN_8422494,5.0,4.0,20.0,Salad,2023-06-08,Cash,In-store
8294,TXN_8423155,2.0,1.0,2.0,Coffee,2023-07-03,Digital Wallet,Takeaway
8295,TXN_8424417,4.0,2.0,8.0,Smoothie,2023-10-21,Digital Wallet,Takeaway
8296,TXN_8424592,4.0,4.0,16.0,Smoothie,2023-11-09,Credit Card,Takeaway
8297,TXN_8425085,3.0,1.0,3.0,Juice,2023-12-23,Credit Card,In-store
8298,TXN_8425819,4.0,1.0,4.0,Sandwich,2023-01-09,Credit Card,In-store
8299,TXN_8426712,1.0,3.0,3.0,Cookie,2023-05-22,Digital Wallet,In-store
8300,TXN_8427104,5.0,2.0,10.0,Salad,2023-10-27,Cash,In-store
8301,TXN_8429412,4.0,4.0,16.0,Smoothie,2023-06-23,Digital Wallet,In-store
8302,TXN_8430735,3.0,2.0,6.0,Juice,2023-10-25,Digital Wallet,In-store
8303,TXN_8430882,4.0,2.0,8.0,Sandwich,2023-06-17,Digital Wallet,Takeaway
8304,TXN_8432045,3.0,3.0,9.0,Cake,2023-11-09,Credit Card,Takeaway
8305,TXN_8432624,3.0,3.0,9.0,Juice,2023-06-24,Cash,Takeaway
8306,TXN_8434259,1.5,2.0,3.0,Tea,2023-06-24,Digital Wallet,In-store
8307,TXN_8434651,3.0,4.0,12.0,Juice,2023-01-27,Digital Wallet,In-store
8308,TXN_8435360,1.5,3.0,4.5,Tea,2023-07-03,Credit Card,In-store
8309,TXN_8436045,3.0,5.0,15.0,Cake,2023-08-08,Credit Card,Takeaway
8310,TXN_8436360,3.0,2.0,6.0,Juice,2023-12-16,Digital Wallet,In-store
8311,TXN_8437157,4.0,4.0,16.0,Smoothie,2023-02-09,Credit Card,In-store
8312,TXN_8437195,3.0,1.0,3.0,Cake,2023-12-10,Cash,Takeaway
8313,TXN_8441057,3.0,4.0,12.0,Cake,2023-11-04,Credit Card,Takeaway
8314,TXN_8443384,4.0,5.0,20.0,Sandwich,2023-02-13,Digital Wallet,In-store
8315,TXN_8444245,3.0,1.0,3.0,Juice,2023-01-30,Cash,In-store
8316,TXN_8445753,1.5,4.0,6.0,Tea,2023-04-07,Cash,Takeaway
8317,TXN_8447640,4.0,5.0,20.0,Sandwich,2023-06-12,Cash,In-store
8318,TXN_8449081,1.0,2.0,2.0,Cookie,2023-02-24,Digital Wallet,In-store
8319,TXN_8453110,4.0,3.0,12.0,Smoothie,2023-06-24,Digital Wallet,In-store
8320,TXN_8453282,1.0,3.0,3.0,Cookie,2023-03-08,Cash,Takeaway
8321,TXN_8454044,2.0,5.0,10.0,Coffee,2023-05-27,Credit Card,Takeaway
8322,TXN_8455321,4.0,3.0,12.0,Smoothie,2023-01-25,Digital Wallet,In-store
8323,TXN_8456072,4.0,1.0,4.0,Smoothie,2023-07-11,Digital Wallet,In-store
8324,TXN_8459594,4.0,1.0,4.0,Sandwich,2023-11-07,Credit Card,In-store
8325,TXN_8460225,4.0,5.0,20.0,Smoothie,2023-02-23,Digital Wallet,In-store
8326,TXN_8460786,2.0,1.0,2.0,Coffee,2023-05-17,Cash,Takeaway
8327,TXN_8464222,3.0,4.0,12.0,Cake,2023-08-17,Cash,In-store
8328,TXN_8465274,3.0,3.0,9.0,Cake,2023-02-01,Digital Wallet,Takeaway
8329,TXN_8466519,1.0,1.0,1.0,Cookie,2023-08-31,Digital Wallet,Takeaway
8330,TXN_8467229,1.5,3.0,4.5,Tea,2023-02-02,Digital Wallet,Takeaway
8331,TXN_8467949,4.0,5.0,20.0,Smoothie,2023-03-11,Credit Card,In-store
8332,TXN_8468071,1.0,4.0,4.0,Cookie,2023-08-22,Digital Wallet,Takeaway
8333,TXN_8468509,4.0,3.0,12.0,Sandwich,2023-06-13,Credit Card,In-store
8334,TXN_8469087,5.0,2.0,10.0,Salad,2023-11-06,Digital Wallet,Takeaway
8335,TXN_8470187,3.0,3.0,9.0,Juice,2023-06-28,Digital Wallet,Takeaway
8336,TXN_8471743,3.0,5.0,15.0,Juice,2023-04-06,Digital Wallet,In-store
8337,TXN_8472252,4.0,1.0,4.0,Smoothie,2023-02-04,Digital Wallet,In-store
8338,TXN_8472308,1.0,2.0,2.0,Cookie,2023-08-19,Digital Wallet,Takeaway
8339,TXN_8473362,3.0,3.0,9.0,Juice,2023-11-22,Digital Wallet,In-store
8340,TXN_8476828,1.5,3.0,4.5,Tea,2023-10-25,Digital Wallet,Takeaway
8341,TXN_8477415,5.0,2.0,10.0,Salad,2023-05-01,Credit Card,In-store
8342,TXN_8477945,1.0,4.0,4.0,Cookie,2023-07-19,Digital Wallet,In-store
8343,TXN_8482647,4.0,5.0,20.0,Sandwich,2023-01-08,Credit Card,In-store
8344,TXN_8482887,5.0,1.0,5.0,Salad,2023-10-29,Digital Wallet,Takeaway
8345,TXN_8487057,4.0,5.0,20.0,Smoothie,2023-06-01,Digital Wallet,Takeaway
8346,TXN_8487216,1.5,1.0,1.5,Tea,2023-07-01,Cash,In-store
8347,TXN_8487985,3.0,5.0,15.0,Juice,2023-05-09,Digital Wallet,Takeaway
8348,TXN_8488163,4.0,4.0,16.0,Sandwich,2023-01-19,Credit Card,In-store
8349,TXN_8488298,3.0,3.0,9.0,Cake,2023-11-03,Cash,Takeaway
8350,TXN_8489120,1.0,2.0,2.0,Cookie,2023-11-07,Credit Card,Takeaway
8351,TXN_8490157,5.0,2.0,10.0,Salad,2023-09-06,Credit Card,In-store
8352,TXN_8491490,2.0,2.0,4.0,Coffee,2023-01-16,Digital Wallet,In-store
8353,TXN_8492074,1.5,3.0,4.5,Tea,2023-11-12,Digital Wallet,In-store
8354,TXN_8494538,3.0,4.0,12.0,Cake,2023-11-08,Cash,Takeaway
8355,TXN_8494571,1.0,5.0,5.0,Cookie,2023-02-06,Digital Wallet,Takeaway
8356,TXN_8494583,1.0,5.0,5.0,Cookie,2023-11-29,Credit Card,In-store
8357,TXN_8495063,3.0,1.0,3.0,Juice,2023-05-31,Cash,In-store
8358,TXN_8495889,3.0,1.0,3.0,Cake,2023-06-26,Cash,Takeaway
8359,TXN_8496788,3.0,4.0,12.0,Juice,2023-06-14,Cash,In-store
8360,TXN_8498613,4.0,2.0,8.0,Sandwich,2023-11-08,Credit Card,In-store
8361,TXN_8499005,2.0,5.0,10.0,Coffee,2023-10-26,Digital Wallet,Takeaway
8362,TXN_8499618,3.0,2.0,6.0,Cake,2023-05-23,Cash,Takeaway
8363,TXN_8500316,4.0,4.0,16.0,Sandwich,2023-03-10,Credit Card,In-store
8364,TXN_8501819,3.0,2.0,6.0,Juice,2023-03-30,Cash,In-store
8365,TXN_8502079,1.5,2.0,3.0,Tea,2023-04-20,Cash,In-store
8366,TXN_8502094,3.0,5.0,15.0,Juice,2023-03-21,Credit Card,In-store
8367,TXN_8502946,4.0,3.0,12.0,Smoothie,2023-09-15,Digital Wallet,In-store
8368,TXN_8503406,4.0,2.0,8.0,Smoothie,2023-02-15,Digital Wallet,In-store
8369,TXN_8504764,4.0,2.0,8.0,Sandwich,2023-02-19,Digital Wallet,Takeaway
8370,TXN_8505782,1.0,2.0,2.0,Cookie,2023-11-24,Digital Wallet,In-store
8371,TXN_8506937,5.0,1.0,5.0,Salad,2023-09-07,Cash,In-store
8372,TXN_8510436,3.0,1.0,3.0,Cake,2023-07-19,Digital Wallet,In-store
8373,TXN_8510450,3.0,4.0,12.0,Juice,2023-01-04,Digital Wallet,In-store
8374,TXN_8510511,2.0,4.0,8.0,Coffee,2023-10-06,Digital Wallet,Takeaway
8375,TXN_8511110,1.5,3.0,4.5,Tea,2023-10-17,Digital Wallet,In-store
8376,TXN_8512136,3.0,1.0,3.0,Juice,2023-08-26,Cash,Takeaway
8377,TXN_8512204,4.0,4.0,16.0,Sandwich,2023-06-01,Cash,Takeaway
8378,TXN_8512466,3.0,5.0,15.0,Juice,2023-02-10,Digital Wallet,In-store
8379,TXN_8514689,3.0,5.0,15.0,Juice,2023-04-15,Digital Wallet,In-store
8380,TXN_8515063,1.0,3.0,3.0,Cookie,2023-12-06,Digital Wallet,Takeaway
8381,TXN_8516055,4.0,5.0,20.0,Sandwich,2023-04-17,Credit Card,Takeaway
8382,TXN_8517379,3.0,4.0,12.0,Juice,2023-09-23,Digital Wallet,Takeaway
8383,TXN_8518516,4.0,4.0,16.0,Sandwich,2023-08-16,Credit Card,In-store
8384,TXN_8518812,1.0,3.0,3.0,Cookie,2023-06-22,Digital Wallet,In-store
8385,TXN_8519330,1.0,4.0,4.0,Cookie,2023-03-18,Digital Wallet,Takeaway
8386,TXN_8520687,5.0,5.0,25.0,Salad,2023-04-21,Cash,Takeaway
8387,TXN_8521037,4.0,1.0,4.0,Sandwich,2023-11-21,Credit Card,In-store
8388,TXN_8522571,3.0,2.0,6.0,Juice,2023-09-19,Credit Card,Takeaway
8389,TXN_8526084,3.0,5.0,15.0,Cake,2023-03-05,Cash,Takeaway
8390,TXN_8526941,4.0,5.0,20.0,Sandwich,2023-03-16,Credit Card,Takeaway
8391,TXN_8528546,3.0,3.0,9.0,Cake,2023-12-09,Cash,Takeaway
8392,TXN_8530924,4.0,2.0,8.0,Sandwich,2023-08-05,Credit Card,In-store
8393,TXN_8532735,2.0,2.0,4.0,Coffee,2023-07-28,Cash,Takeaway
8394,TXN_8533584,1.0,2.0,2.0,Cookie,2023-03-11,Cash,Takeaway
8395,TXN_8534360,3.0,5.0,15.0,Juice,2023-02-15,Digital Wallet,In-store
8396,TXN_8535886,1.5,5.0,7.5,Tea,2023-05-13,Credit Card,In-store
8397,TXN_8536115,3.0,1.0,3.0,Cake,2023-07-11,Credit Card,Takeaway
8398,TXN_8536578,3.0,5.0,15.0,Cake,2023-11-11,Digital Wallet,In-store
8399,TXN_8538125,3.0,5.0,15.0,Cake,2023-05-30,Digital Wallet,Takeaway
8400,TXN_8538315,2.0,1.0,2.0,Coffee,2023-07-27,Digital Wallet,Takeaway
8401,TXN_8540115,1.5,2.0,3.0,Tea,2023-06-26,Digital Wallet,In-store
8402,TXN_8540499,1.0,3.0,3.0,Cookie,2023-01-22,Cash,In-store
8403,TXN_8540553,3.0,1.0,3.0,Cake,2023-07-13,Cash,In-store
8404,TXN_8540794,3.0,4.0,12.0,Cake,2023-04-06,Cash,Takeaway
8405,TXN_8541074,5.0,4.0,20.0,Salad,2023-11-08,Cash,In-store
8406,TXN_8541473,2.0,3.0,6.0,Coffee,2023-08-02,Digital Wallet,Takeaway
8407,TXN_8542781,3.0,2.0,6.0,Cake,2023-05-18,Cash,Takeaway
8408,TXN_8543211,3.0,3.0,9.0,Juice,2023-11-30,Digital Wallet,Takeaway
8409,TXN_8545707,3.0,5.0,15.0,Cake,2023-02-14,Cash,Takeaway
8410,TXN_8546777,3.0,4.0,12.0,Cake,2023-03-16,Cash,In-store
8411,TXN_8548232,4.0,4.0,16.0,Sandwich,2023-06-21,Digital Wallet,In-store
8412,TXN_8549341,3.0,5.0,15.0,Cake,2023-06-21,Cash,Takeaway
8413,TXN_8549381,4.0,5.0,20.0,Sandwich,2023-02-06,Digital Wallet,In-store
8414,TXN_8549600,2.0,3.0,6.0,Coffee,2023-11-19,Digital Wallet,Takeaway
8415,TXN_8550184,3.0,3.0,9.0,Juice,2023-04-05,Digital Wallet,Takeaway
8416,TXN_8551432,1.5,4.0,6.0,Tea,2023-01-12,Digital Wallet,Takeaway
8417,TXN_8552898,2.0,5.0,10.0,Coffee,2023-11-06,Credit Card,Takeaway
8418,TXN_8553273,3.0,5.0,15.0,Juice,2023-01-15,Cash,In-store
8419,TXN_8554646,2.0,2.0,4.0,Coffee,2023-01-10,Cash,Takeaway
8420,TXN_8555334,2.0,1.0,2.0,Coffee,2023-06-16,Digital Wallet,In-store
8421,TXN_8556062,4.0,5.0,20.0,Sandwich,2023-08-07,Credit Card,In-store
8422,TXN_8556230,1.0,5.0,5.0,Cookie,2023-05-21,Cash,In-store
8423,TXN_8557847,4.0,4.0,16.0,Sandwich,2023-09-02,Credit Card,Takeaway
8424,TXN_8558404,5.0,4.0,20.0,Salad,2023-07-15,Digital Wallet,In-store
8425,TXN_8559167,4.0,5.0,20.0,Sandwich,2023-12-09,Credit Card,Takeaway
8426,TXN_8560548,4.0,1.0,4.0,Sandwich,2023-09-02,Credit Card,Takeaway
8427,TXN_8562645,5.0,3.0,9.0,Salad,2023-05-18,Cash,In-store
8428,TXN_8562684,1.5,5.0,7.5,Tea,2023-06-25,Digital Wallet,Takeaway
8429,TXN_8563346,2.0,3.0,6.0,Coffee,2023-10-24,Credit Card,Takeaway
8430,TXN_8563793,3.0,4.0,12.0,Juice,2023-03-26,Digital Wallet,In-store
8431,TXN_8565218,3.0,1.0,3.0,Cake,2023-05-03,Digital Wallet,Takeaway
8432,TXN_8565799,4.0,4.0,16.0,Smoothie,2023-04-22,Credit Card,In-store
8433,TXN_8566499,5.0,5.0,25.0,Salad,2023-12-27,Digital Wallet,In-store
8434,TXN_8566668,4.0,5.0,20.0,Sandwich,2023-02-12,Digital Wallet,In-store
8435,TXN_8566683,4.0,4.0,16.0,Smoothie,2023-08-09,Cash,Takeaway
8436,TXN_8567172,2.0,3.0,6.0,Coffee,2023-02-05,Digital Wallet,In-store
8437,TXN_8567525,1.0,2.0,2.0,Cookie,2023-12-30,Digital Wallet,Takeaway
8438,TXN_8568597,3.0,1.0,3.0,Juice,2023-04-03,Digital Wallet,Takeaway
8439,TXN_8570149,1.5,1.0,1.5,Tea,2023-06-03,Credit Card,In-store
8440,TXN_8570890,3.0,4.0,12.0,Juice,2023-04-14,Digital Wallet,In-store
8441,TXN_8571235,3.0,1.0,3.0,Cake,2023-03-01,Cash,Takeaway
8442,TXN_8571432,3.0,2.0,6.0,Juice,2023-12-07,Cash,In-store
8443,TXN_8571836,3.0,3.0,9.0,Juice,2023-12-27,Cash,In-store
8444,TXN_8572783,5.0,3.0,15.0,Salad,2023-03-29,Cash,In-store
8445,TXN_8577850,1.5,3.0,4.5,Tea,2023-07-10,Digital Wallet,In-store
8446,TXN_8578861,5.0,5.0,25.0,Salad,2023-05-16,Digital Wallet,In-store
8447,TXN_8581124,5.0,2.0,10.0,Salad,2023-05-08,Credit Card,In-store
8448,TXN_8587529,1.0,2.0,2.0,Cookie,2023-07-09,Credit Card,Takeaway
8449,TXN_8587583,3.0,1.0,3.0,Cake,2023-10-01,Cash,Takeaway
8450,TXN_8588174,5.0,3.0,15.0,Salad,2023-02-07,Cash,In-store
8451,TXN_8588231,3.0,4.0,12.0,Cake,2023-09-02,Cash,Takeaway
8452,TXN_8588335,5.0,4.0,20.0,Salad,2023-09-04,Credit Card,In-store
8453,TXN_8588758,4.0,4.0,16.0,Sandwich,2023-09-04,Credit Card,In-store
8454,TXN_8589003,1.5,4.0,6.0,Tea,2023-08-25,Cash,In-store
8455,TXN_8591813,2.0,3.0,6.0,Coffee,2023-10-31,Cash,Takeaway
8456,TXN_8592808,4.0,1.0,4.0,Sandwich,2023-04-02,Credit Card,In-store
8457,TXN_8593064,4.0,4.0,16.0,Smoothie,2023-03-12,Cash,Takeaway
8458,TXN_8594004,1.0,4.0,4.0,Cookie,2023-02-25,Credit Card,Takeaway
8459,TXN_8595386,1.0,4.0,4.0,Cookie,2023-08-04,Credit Card,Takeaway
8460,TXN_8598575,4.0,4.0,16.0,Sandwich,2023-11-14,Digital Wallet,In-store
8461,TXN_8600523,1.5,3.0,4.5,Tea,2023-12-29,Digital Wallet,In-store
8462,TXN_8605813,1.0,1.0,1.0,Cookie,2023-06-30,Digital Wallet,Takeaway
8463,TXN_8605958,4.0,5.0,20.0,Sandwich,2023-06-09,Cash,In-store
8464,TXN_8606152,4.0,5.0,20.0,Smoothie,2023-08-05,Credit Card,In-store
8465,TXN_8606912,5.0,5.0,25.0,Salad,2023-03-10,Digital Wallet,In-store
8466,TXN_8607376,2.0,5.0,10.0,Coffee,2023-06-13,Cash,In-store
8467,TXN_8608765,5.0,4.0,20.0,Salad,2023-09-02,Credit Card,In-store
8468,TXN_8608811,3.0,5.0,15.0,Cake,2023-01-05,Credit Card,Takeaway
8469,TXN_8609510,3.0,5.0,15.0,Juice,2023-05-08,Digital Wallet,Takeaway
8470,TXN_8610501,4.0,5.0,20.0,Sandwich,2023-09-29,Cash,In-store
8471,TXN_8611035,4.0,5.0,20.0,Sandwich,2023-05-28,Digital Wallet,In-store
8472,TXN_8611913,1.5,5.0,7.5,Tea,2023-07-16,Digital Wallet,In-store
8473,TXN_8611918,5.0,3.0,15.0,Salad,2023-06-27,Cash,Takeaway
8474,TXN_8612901,3.0,3.0,9.0,Juice,2023-03-18,Digital Wallet,In-store
8475,TXN_8614868,4.0,5.0,20.0,Smoothie,2023-12-05,Digital Wallet,Takeaway
8476,TXN_8615635,1.0,4.0,4.0,Cookie,2023-01-12,Digital Wallet,In-store
8477,TXN_8616163,4.0,2.0,8.0,Smoothie,2023-01-12,Digital Wallet,Takeaway
8478,TXN_8616276,1.5,2.0,3.0,Tea,2023-07-22,Digital Wallet,Takeaway
8479,TXN_8616557,4.0,5.0,20.0,Sandwich,2023-08-28,Credit Card,In-store
8480,TXN_8619494,2.0,2.0,4.0,Coffee,2023-08-28,Digital Wallet,In-store
8481,TXN_8619762,4.0,4.0,16.0,Smoothie,2023-08-05,Cash,Takeaway
8482,TXN_8620426,1.0,3.0,3.0,Cookie,2023-11-28,Credit Card,Takeaway
8483,TXN_8620592,4.0,2.0,8.0,Smoothie,2023-07-14,Digital Wallet,In-store
8484,TXN_8620934,1.0,5.0,5.0,Cookie,2023-09-10,Digital Wallet,In-store
8485,TXN_8621278,5.0,2.0,10.0,Salad,2023-02-01,Cash,Takeaway
8486,TXN_8621589,3.0,5.0,15.0,Juice,2023-11-15,Digital Wallet,In-store
8487,TXN_8622404,1.0,3.0,3.0,Cookie,2023-09-21,Digital Wallet,Takeaway
8488,TXN_8623443,5.0,3.0,15.0,Salad,2023-09-04,Credit Card,In-store
8489,TXN_8626161,4.0,3.0,12.0,Smoothie,2023-11-23,Digital Wallet,In-store
8490,TXN_8626720,3.0,4.0,12.0,Juice,2023-06-02,Cash,Takeaway
8491,TXN_8627017,1.5,4.0,6.0,Tea,2023-01-28,Cash,In-store
8492,TXN_8627869,3.0,1.0,3.0,Juice,2023-10-31,Digital Wallet,In-store
8493,TXN_8628615,2.0,1.0,2.0,Coffee,2023-08-03,Credit Card,Takeaway
8494,TXN_8628848,3.0,1.0,3.0,Juice,2023-01-29,Credit Card,In-store
8495,TXN_8631468,3.0,1.0,3.0,Cake,2023-10-10,Credit Card,In-store
8496,TXN_8632098,5.0,2.0,10.0,Salad,2023-01-06,Cash,In-store
8497,TXN_8632653,3.0,2.0,6.0,Juice,2023-12-24,Digital Wallet,In-store
8498,TXN_8633758,5.0,1.0,5.0,Salad,2023-09-24,Credit Card,Takeaway
8499,TXN_8635803,1.5,2.0,3.0,Tea,2023-03-17,Cash,In-store
8500,TXN_8639879,5.0,2.0,10.0,Salad,2023-03-09,Cash,Takeaway
8501,TXN_8639973,1.0,5.0,5.0,Cookie,2023-07-06,Digital Wallet,Takeaway
8502,TXN_8639995,4.0,3.0,12.0,Sandwich,2023-04-18,Cash,In-store
8503,TXN_8640383,3.0,2.0,6.0,Juice,2023-10-08,Digital Wallet,In-store
8504,TXN_8640655,2.0,3.0,6.0,Coffee,2023-12-27,Digital Wallet,Takeaway
8505,TXN_8640673,3.0,2.0,6.0,Juice,2023-09-11,Cash,In-store
8506,TXN_8643596,2.0,5.0,10.0,Coffee,2023-03-29,Credit Card,Takeaway
8507,TXN_8644119,4.0,5.0,20.0,Sandwich,2023-10-01,Credit Card,In-store
8508,TXN_8644398,4.0,4.0,16.0,Sandwich,2023-02-08,Credit Card,Takeaway
8509,TXN_8645889,5.0,4.0,20.0,Salad,2023-02-08,Cash,In-store
8510,TXN_8647048,4.0,2.0,8.0,Sandwich,2023-11-03,Credit Card,In-store
8511,TXN_8647575,1.5,2.0,3.0,Tea,2023-02-08,Cash,In-store
8512,TXN_8649416,3.0,5.0,15.0,Cake,2023-09-21,Credit Card,Takeaway
8513,TXN_8650185,4.0,5.0,20.0,Smoothie,2023-06-13,Cash,In-store
8514,TXN_8652021,3.0,1.0,3.0,Cake,2023-09-23,Credit Card,In-store
8515,TXN_8652632,1.5,1.0,1.5,Tea,2023-01-12,Digital Wallet,In-store
8516,TXN_8654093,2.0,3.0,6.0,Coffee,2023-11-29,Digital Wallet,Takeaway
8517,TXN_8655424,1.0,2.0,2.0,Cookie,2023-11-26,Digital Wallet,In-store
8518,TXN_8657361,2.0,4.0,8.0,Coffee,2023-01-24,Digital Wallet,Takeaway
8519,TXN_8658970,5.0,3.0,15.0,Salad,2023-09-03,Credit Card,In-store
8520,TXN_8659330,1.5,4.0,6.0,Tea,2023-08-20,Credit Card,Takeaway
8521,TXN_8659575,1.5,2.0,3.0,Tea,2023-12-17,Digital Wallet,In-store
8522,TXN_8659963,3.0,4.0,12.0,Cake,2023-01-21,Cash,Takeaway
8523,TXN_8661276,1.0,1.0,1.0,Cookie,2023-01-07,Digital Wallet,In-store
8524,TXN_8661288,5.0,2.0,10.0,Salad,2023-01-27,Digital Wallet,Takeaway
8525,TXN_8664295,4.0,2.0,8.0,Smoothie,2023-02-23,Credit Card,In-store
8526,TXN_8664315,5.0,2.0,10.0,Salad,2023-08-14,Cash,In-store
8527,TXN_8664335,4.0,5.0,20.0,Sandwich,2023-06-12,Digital Wallet,Takeaway
8528,TXN_8666003,4.0,4.0,16.0,Smoothie,2023-06-09,Digital Wallet,Takeaway
8529,TXN_8668590,1.0,4.0,4.0,Cookie,2023-04-18,Digital Wallet,Takeaway
8530,TXN_8668840,3.0,5.0,15.0,Cake,2023-10-03,Digital Wallet,Takeaway
8531,TXN_8668901,3.0,2.0,6.0,Juice,2023-06-30,Credit Card,Takeaway
8532,TXN_8669012,1.5,3.0,4.5,Tea,2023-07-26,Digital Wallet,In-store
8533,TXN_8669422,3.0,4.0,12.0,Juice,2023-10-15,Cash,Takeaway
8534,TXN_8672939,4.0,1.0,4.0,Smoothie,2023-11-02,Digital Wallet,In-store
8535,TXN_8675052,1.0,3.0,3.0,Cookie,2023-11-23,Credit Card,Takeaway
8536,TXN_8675558,1.5,5.0,7.5,Tea,2023-05-23,Digital Wallet,In-store
8537,TXN_8675922,5.0,4.0,20.0,Salad,2023-03-31,Cash,In-store
8538,TXN_8676485,5.0,2.0,10.0,Salad,2023-04-28,Cash,In-store
8539,TXN_8676769,5.0,3.0,15.0,Salad,2023-06-16,Digital Wallet,In-store
8540,TXN_8680875,1.5,2.0,3.0,Tea,2023-07-21,Cash,Takeaway
8541,TXN_8684125,5.0,2.0,10.0,Salad,2023-03-08,Credit Card,In-store
8542,TXN_8685281,1.5,1.0,1.5,Tea,2023-07-30,Digital Wallet,In-store
8543,TXN_8685737,4.0,2.0,8.0,Smoothie,2023-11-02,Digital Wallet,In-store
8544,TXN_8685846,1.5,5.0,7.5,Tea,2023-12-27,Credit Card,In-store
8545,TXN_8687088,1.0,2.0,2.0,Cookie,2023-05-11,Credit Card,In-store
8546,TXN_8687151,5.0,5.0,25.0,Salad,2023-06-10,Cash,In-store
8547,TXN_8687294,4.0,3.0,12.0,Smoothie,2023-08-01,Credit Card,In-store
8548,TXN_8688565,4.0,5.0,20.0,Smoothie,2023-05-23,Digital Wallet,In-store
8549,TXN_8688603,2.0,2.0,4.0,Coffee,2023-05-05,Cash,Takeaway
8550,TXN_8689246,4.0,5.0,20.0,Sandwich,2023-05-16,Credit Card,In-store
8551,TXN_8689416,3.0,5.0,15.0,Juice,2023-03-19,Digital Wallet,In-store
8552,TXN_8690361,4.0,3.0,12.0,Smoothie,2023-07-12,Digital Wallet,In-store
8553,TXN_8692094,2.0,5.0,10.0,Coffee,2023-08-30,Digital Wallet,Takeaway
8554,TXN_8692653,3.0,2.0,6.0,Juice,2023-11-01,Cash,Takeaway
8555,TXN_8693704,5.0,5.0,25.0,Salad,2023-05-04,Cash,In-store
8556,TXN_8693747,4.0,4.0,16.0,Smoothie,2023-02-13,Digital Wallet,In-store
8557,TXN_8695037,4.0,2.0,8.0,Smoothie,2023-01-24,Digital Wallet,In-store
8558,TXN_8696065,4.0,3.0,12.0,Smoothie,2023-11-04,Credit Card,In-store
8559,TXN_8696094,4.0,3.0,9.0,Sandwich,2023-05-14,Credit Card,Takeaway
8560,TXN_8696392,3.0,1.0,3.0,Juice,2023-04-16,Digital Wallet,In-store
8561,TXN_8696857,2.0,1.0,2.0,Coffee,2023-10-01,Digital Wallet,Takeaway
8562,TXN_8697749,1.0,3.0,3.0,Cookie,2023-07-24,Digital Wallet,Takeaway
8563,TXN_8698717,2.0,4.0,8.0,Coffee,2023-05-11,Digital Wallet,Takeaway
8564,TXN_8699110,5.0,3.0,15.0,Salad,2023-10-11,Cash,Takeaway
8565,TXN_8700156,1.5,4.0,6.0,Tea,2023-12-25,Credit Card,In-store
8566,TXN_8700451,1.5,5.0,7.5,Tea,2023-12-12,Credit Card,Takeaway
8567,TXN_8700466,2.0,4.0,8.0,Coffee,2023-04-29,Digital Wallet,In-store
8568,TXN_8701045,3.0,2.0,6.0,Juice,2023-06-07,Cash,In-store
8569,TXN_8701063,4.0,2.0,8.0,Sandwich,2023-08-23,Credit Card,In-store
8570,TXN_8703212,2.0,2.0,4.0,Coffee,2023-04-17,Credit Card,Takeaway
8571,TXN_8703771,3.0,5.0,15.0,Cake,2023-05-12,Cash,In-store
8572,TXN_8704128,3.0,5.0,15.0,Juice,2023-02-25,Digital Wallet,In-store
8573,TXN_8704802,4.0,3.0,12.0,Smoothie,2023-08-30,Digital Wallet,In-store
8574,TXN_8706498,4.0,5.0,20.0,Smoothie,2023-05-08,Digital Wallet,In-store
8575,TXN_8707598,3.0,4.0,12.0,Juice,2023-10-22,Credit Card,In-store
8576,TXN_8708588,2.0,5.0,10.0,Coffee,2023-06-03,Digital Wallet,Takeaway
8577,TXN_8708666,3.0,4.0,12.0,Cake,2023-01-10,Cash,Takeaway
8578,TXN_8710758,4.0,3.0,12.0,Sandwich,2023-01-12,Credit Card,In-store
8579,TXN_8712303,3.0,2.0,6.0,Juice,2023-08-14,Credit Card,Takeaway
8580,TXN_8712307,3.0,5.0,15.0,Juice,2023-04-10,Cash,In-store
8581,TXN_8713971,1.5,1.0,1.5,Tea,2023-08-26,Cash,In-store
8582,TXN_8714536,4.0,4.0,16.0,Sandwich,2023-05-06,Digital Wallet,Takeaway
8583,TXN_8714850,3.0,5.0,15.0,Juice,2023-04-30,Cash,In-store
8584,TXN_8715122,3.0,2.0,6.0,Cake,2023-04-30,Cash,Takeaway
8585,TXN_8715388,5.0,1.0,5.0,Salad,2023-11-04,Cash,In-store
8586,TXN_8715515,3.0,5.0,15.0,Juice,2023-07-23,Credit Card,Takeaway
8587,TXN_8716594,5.0,4.0,20.0,Salad,2023-08-26,Credit Card,Takeaway
8588,TXN_8716752,3.0,1.0,3.0,Juice,2023-12-05,Digital Wallet,In-store
8589,TXN_8717428,5.0,3.0,15.0,Salad,2023-12-05,Digital Wallet,In-store
8590,TXN_8718498,3.0,5.0,15.0,Cake,2023-04-30,Credit Card,Takeaway
8591,TXN_8719561,3.0,3.0,9.0,Juice,2023-09-13,Digital Wallet,In-store
8592,TXN_8721484,2.0,4.0,8.0,Coffee,2023-04-03,Digital Wallet,Takeaway
8593,TXN_8722491,4.0,4.0,16.0,Smoothie,2023-04-24,Cash,In-store
8594,TXN_8722854,3.0,1.0,3.0,Juice,2023-04-24,Credit Card,Takeaway
8595,TXN_8724474,5.0,5.0,25.0,Salad,2023-08-04,Cash,In-store
8596,TXN_8724602,3.0,4.0,12.0,Juice,2023-06-26,Credit Card,Takeaway
8597,TXN_8724711,5.0,3.0,15.0,Salad,2023-02-07,Cash,In-store
8598,TXN_8725610,4.0,2.0,8.0,Sandwich,2023-02-11,Credit Card,Takeaway
8599,TXN_8725721,4.0,1.0,4.0,Sandwich,2023-06-04,Cash,In-store
8600,TXN_8726097,1.5,1.0,1.5,Tea,2023-06-04,Digital Wallet,Takeaway
8601,TXN_8726874,4.0,2.0,8.0,Sandwich,2023-09-30,Credit Card,Takeaway
8602,TXN_8729570,1.5,5.0,7.5,Tea,2023-09-03,Digital Wallet,In-store
8603,TXN_8730549,4.0,4.0,16.0,Smoothie,2023-02-04,Digital Wallet,Takeaway
8604,TXN_8731991,5.0,4.0,20.0,Salad,2023-01-20,Cash,In-store
8605,TXN_8732269,3.0,2.0,6.0,Cake,2023-01-11,Credit Card,Takeaway
8606,TXN_8732682,5.0,5.0,25.0,Salad,2023-04-07,Credit Card,In-store
8607,TXN_8732716,1.5,3.0,4.5,Tea,2023-12-29,Digital Wallet,In-store
8608,TXN_8732935,1.0,4.0,4.0,Cookie,2023-08-06,Credit Card,Takeaway
8609,TXN_8734331,1.5,3.0,4.5,Tea,2023-05-17,Digital Wallet,In-store
8610,TXN_8734476,1.5,1.0,1.5,Tea,2023-09-12,Cash,Takeaway
8611,TXN_8735418,2.0,5.0,10.0,Coffee,2023-03-03,Digital Wallet,Takeaway
8612,TXN_8735480,1.5,5.0,7.5,Tea,2023-06-02,Cash,In-store
8613,TXN_8735820,1.5,2.0,3.0,Tea,2023-12-08,Credit Card,Takeaway
8614,TXN_8736069,1.5,5.0,7.5,Tea,2023-07-06,Cash,Takeaway
8615,TXN_8739878,3.0,1.0,3.0,Juice,2023-09-27,Digital Wallet,In-store
8616,TXN_8740257,3.0,5.0,15.0,Cake,2023-06-09,Digital Wallet,Takeaway
8617,TXN_8740501,5.0,5.0,25.0,Salad,2023-02-05,Cash,In-store
8618,TXN_8741663,4.0,1.0,4.0,Smoothie,2023-01-21,Credit Card,Takeaway
8619,TXN_8742689,1.5,5.0,7.5,Tea,2023-01-05,Digital Wallet,Takeaway
8620,TXN_8742742,3.0,4.0,12.0,Cake,2023-03-07,Cash,Takeaway
8621,TXN_8743142,1.0,1.0,1.0,Cookie,2023-03-07,Digital Wallet,In-store
8622,TXN_8743849,3.0,2.0,6.0,Juice,2023-05-04,Digital Wallet,Takeaway
8623,TXN_8744240,4.0,4.0,16.0,Sandwich,2023-06-19,Cash,In-store
8624,TXN_8745942,1.0,3.0,3.0,Cookie,2023-05-03,Cash,Takeaway
8625,TXN_8746881,3.0,2.0,6.0,Cake,2023-11-07,Cash,Takeaway
8626,TXN_8748070,1.0,2.0,2.0,Cookie,2023-07-31,Credit Card,In-store
8627,TXN_8748633,4.0,5.0,20.0,Sandwich,2023-04-27,Cash,Takeaway
8628,TXN_8749404,2.0,4.0,8.0,Coffee,2023-12-16,Digital Wallet,In-store
8629,TXN_8749775,3.0,5.0,15.0,Cake,2023-10-30,Cash,Takeaway
8630,TXN_8750849,3.0,2.0,6.0,Cake,2023-03-03,Credit Card,Takeaway
8631,TXN_8751289,1.5,2.0,3.0,Tea,2023-09-10,Cash,In-store
8632,TXN_8751516,1.5,3.0,4.5,Tea,2023-09-10,Cash,Takeaway
8633,TXN_8751702,3.0,5.0,15.0,Juice,2023-02-13,Cash,In-store
8634,TXN_8752130,3.0,2.0,6.0,Juice,2023-10-23,Credit Card,Takeaway
8635,TXN_8753888,1.0,4.0,4.0,Cookie,2023-12-25,Credit Card,Takeaway
8636,TXN_8754977,4.0,3.0,12.0,Sandwich,2023-10-24,Digital Wallet,In-store
8637,TXN_8759461,1.5,2.0,3.0,Tea,2023-01-31,Cash,In-store
8638,TXN_8763180,4.0,1.0,4.0,Smoothie,2023-04-16,Digital Wallet,Takeaway
8639,TXN_8763436,3.0,4.0,12.0,Juice,2023-04-11,Cash,In-store
8640,TXN_8764825,4.0,3.0,12.0,Smoothie,2023-04-11,Cash,In-store
8641,TXN_8765822,3.0,1.0,3.0,Cake,2023-03-22,Credit Card,Takeaway
8642,TXN_8767676,4.0,1.0,4.0,Smoothie,2023-11-30,Digital Wallet,In-store
8643,TXN_8771574,2.0,3.0,6.0,Coffee,2023-05-03,Digital Wallet,Takeaway
8644,TXN_8773639,2.0,3.0,6.0,Coffee,2023-02-20,Digital Wallet,Takeaway
8645,TXN_8774692,1.5,5.0,7.5,Tea,2023-07-12,Digital Wallet,In-store
8646,TXN_8776606,5.0,4.0,20.0,Salad,2023-07-24,Digital Wallet,Takeaway
8647,TXN_8776634,3.0,5.0,15.0,Juice,2023-06-02,Digital Wallet,In-store
8648,TXN_8777692,2.0,4.0,8.0,Coffee,2023-12-06,Credit Card,In-store
8649,TXN_8778598,4.0,3.0,12.0,Sandwich,2023-09-02,Cash,In-store
8650,TXN_8779771,2.0,4.0,8.0,Coffee,2023-07-25,Cash,In-store
8651,TXN_8780340,3.0,5.0,15.0,Cake,2023-08-29,Credit Card,Takeaway
8652,TXN_8781128,4.0,5.0,20.0,Sandwich,2023-08-29,Digital Wallet,Takeaway
8653,TXN_8782513,4.0,5.0,20.0,Sandwich,2023-10-15,Credit Card,Takeaway
8654,TXN_8783484,4.0,1.0,4.0,Smoothie,2023-11-20,Cash,In-store
8655,TXN_8784653,4.0,1.0,4.0,Smoothie,2023-09-12,Cash,In-store
8656,TXN_8785432,1.0,2.0,2.0,Cookie,2023-08-14,Cash,Takeaway
8657,TXN_8786159,2.0,3.0,6.0,Coffee,2023-04-05,Cash,In-store
8658,TXN_8786286,4.0,5.0,20.0,Sandwich,2023-05-28,Digital Wallet,In-store
8659,TXN_8786479,2.0,4.0,8.0,Coffee,2023-05-29,Digital Wallet,Takeaway
8660,TXN_8787149,3.0,1.0,3.0,Juice,2023-04-20,Digital Wallet,In-store
8661,TXN_8787350,4.0,5.0,20.0,Sandwich,2023-05-21,Credit Card,In-store
8662,TXN_8788437,2.0,1.0,2.0,Coffee,2023-11-19,Digital Wallet,Takeaway
8663,TXN_8789116,5.0,5.0,25.0,Salad,2023-01-13,Digital Wallet,Takeaway
8664,TXN_8789137,4.0,1.0,4.0,Sandwich,2023-09-25,Credit Card,Takeaway
8665,TXN_8789736,2.0,2.0,4.0,Coffee,2023-05-06,Credit Card,Takeaway
8666,TXN_8789986,3.0,2.0,6.0,Cake,2023-09-21,Cash,Takeaway
8667,TXN_8790282,2.0,3.0,6.0,Coffee,2023-10-18,Digital Wallet,Takeaway
8668,TXN_8791641,1.5,5.0,7.5,Tea,2023-01-25,Digital Wallet,In-store
8669,TXN_8792638,1.5,3.0,4.5,Tea,2023-07-02,Credit Card,Takeaway
8670,TXN_8793244,3.0,4.0,12.0,Cake,2023-05-08,Credit Card,Takeaway
8671,TXN_8794205,3.0,4.0,12.0,Cake,2023-10-22,Credit Card,Takeaway
8672,TXN_8795794,4.0,3.0,12.0,Sandwich,2023-02-13,Cash,In-store
8673,TXN_8798330,2.0,1.0,2.0,Coffee,2023-02-16,Digital Wallet,In-store
8674,TXN_8799599,2.0,1.0,2.0,Coffee,2023-09-10,Credit Card,Takeaway
8675,TXN_8799945,2.0,2.0,4.0,Coffee,2023-11-24,Cash,Takeaway
8676,TXN_8800741,2.0,4.0,8.0,Coffee,2023-06-26,Digital Wallet,Takeaway
8677,TXN_8800818,3.0,2.0,6.0,Cake,2023-09-28,Digital Wallet,Takeaway
8678,TXN_8801160,5.0,2.0,10.0,Salad,2023-09-28,Cash,In-store
8679,TXN_8803798,4.0,4.0,16.0,Smoothie,2023-07-14,Digital Wallet,In-store
8680,TXN_8805984,3.0,2.0,6.0,Juice,2023-07-14,Credit Card,Takeaway
8681,TXN_8807199,5.0,5.0,25.0,Salad,2023-05-30,Credit Card,In-store
8682,TXN_8807333,4.0,5.0,20.0,Sandwich,2023-03-18,Digital Wallet,In-store
8683,TXN_8807429,1.0,4.0,4.0,Cookie,2023-07-21,Digital Wallet,Takeaway
8684,TXN_8807600,4.0,1.0,4.0,Sandwich,2023-09-24,Cash,Takeaway
8685,TXN_8808034,4.0,2.0,8.0,Smoothie,2023-08-09,Cash,In-store
8686,TXN_8808162,4.0,4.0,16.0,Smoothie,2023-05-07,Digital Wallet,In-store
8687,TXN_8808631,4.0,5.0,20.0,Sandwich,2023-03-26,Credit Card,Takeaway
8688,TXN_8809659,3.0,2.0,6.0,Juice,2023-01-16,Cash,Takeaway
8689,TXN_8809853,2.0,1.0,2.0,Coffee,2023-10-29,Digital Wallet,Takeaway
8690,TXN_8810001,4.0,5.0,20.0,Smoothie,2023-12-23,Digital Wallet,Takeaway
8691,TXN_8810601,3.0,2.0,6.0,Juice,2023-08-18,Digital Wallet,In-store
8692,TXN_8810855,4.0,4.0,16.0,Sandwich,2023-04-30,Credit Card,In-store
8693,TXN_8810894,4.0,1.0,4.0,Smoothie,2023-02-20,Digital Wallet,In-store
8694,TXN_8811565,3.0,5.0,15.0,Juice,2023-10-01,Credit Card,In-store
8695,TXN_8811902,1.5,5.0,7.5,Tea,2023-08-07,Credit Card,In-store
8696,TXN_8811945,5.0,1.0,5.0,Salad,2023-02-18,Cash,In-store
8697,TXN_8813052,1.5,4.0,6.0,Tea,2023-02-18,Digital Wallet,In-store
8698,TXN_8813311,3.0,5.0,15.0,Juice,2023-10-07,Digital Wallet,In-store
8699,TXN_8813764,1.0,1.0,1.0,Cookie,2023-05-08,Credit Card,In-store
8700,TXN_8815623,2.0,2.0,4.0,Coffee,2023-02-03,Digital Wallet,In-store
8701,TXN_8817239,4.0,5.0,20.0,Sandwich,2023-01-29,Cash,In-store
8702,TXN_8818168,3.0,4.0,12.0,Juice,2023-07-20,Digital Wallet,In-store
8703,TXN_8819928,2.0,5.0,10.0,Coffee,2023-06-03,Digital Wallet,Takeaway
8704,TXN_8821579,4.0,4.0,16.0,Smoothie,2023-12-06,Digital Wallet,Takeaway
8705,TXN_8821839,4.0,5.0,20.0,Sandwich,2023-11-11,Credit Card,Takeaway
8706,TXN_8822610,3.0,4.0,12.0,Cake,2023-08-05,Cash,Takeaway
8707,TXN_8826983,4.0,5.0,20.0,Smoothie,2023-01-14,Cash,In-store
8708,TXN_8829698,3.0,2.0,6.0,Cake,2023-03-19,Cash,Takeaway
8709,TXN_8830264,5.0,1.0,5.0,Salad,2023-11-23,Cash,In-store
8710,TXN_8830809,4.0,5.0,20.0,Sandwich,2023-07-31,Digital Wallet,In-store
8711,TXN_8830813,2.0,1.0,2.0,Coffee,2023-06-18,Cash,In-store
8712,TXN_8830924,1.5,2.0,3.0,Tea,2023-10-25,Credit Card,In-store
8713,TXN_8831659,4.0,1.0,4.0,Sandwich,2023-01-29,Credit Card,In-store
8714,TXN_8831813,4.0,5.0,20.0,Smoothie,2023-11-23,Digital Wallet,In-store
8715,TXN_8831924,2.0,3.0,6.0,Coffee,2023-07-12,Digital Wallet,In-store
8716,TXN_8832852,4.0,5.0,20.0,Sandwich,2023-07-12,Credit Card,Takeaway
8717,TXN_8833173,4.0,4.0,16.0,Smoothie,2023-03-14,Digital Wallet,In-store
8718,TXN_8833319,5.0,1.0,5.0,Salad,2023-10-01,Cash,Takeaway
8719,TXN_8836650,4.0,5.0,20.0,Smoothie,2023-05-22,Digital Wallet,In-store
8720,TXN_8837015,3.0,3.0,9.0,Juice,2023-06-11,Credit Card,In-store
8721,TXN_8837131,4.0,3.0,12.0,Sandwich,2023-12-23,Digital Wallet,In-store
8722,TXN_8837375,4.0,2.0,8.0,Sandwich,2023-11-21,Digital Wallet,Takeaway
8723,TXN_8837886,4.0,3.0,12.0,Smoothie,2023-04-20,Digital Wallet,In-store
8724,TXN_8838566,3.0,5.0,15.0,Cake,2023-07-25,Digital Wallet,In-store
8725,TXN_8839045,3.0,2.0,6.0,Cake,2023-06-13,Cash,In-store
8726,TXN_8841996,4.0,2.0,8.0,Sandwich,2023-12-09,Credit Card,In-store
8727,TXN_8842223,4.0,5.0,20.0,Sandwich,2023-01-01,Digital Wallet,In-store
8728,TXN_8842592,1.0,5.0,5.0,Cookie,2023-07-10,Digital Wallet,Takeaway
8729,TXN_8843061,4.0,1.0,4.0,Smoothie,2023-11-10,Cash,Takeaway
8730,TXN_8843108,3.0,5.0,15.0,Juice,2023-07-18,Digital Wallet,In-store
8731,TXN_8844497,4.0,3.0,12.0,Sandwich,2023-11-18,Credit Card,Takeaway
8732,TXN_8845592,4.0,5.0,20.0,Sandwich,2023-11-12,Credit Card,In-store
8733,TXN_8847610,3.0,3.0,9.0,Juice,2023-12-06,Digital Wallet,Takeaway
8734,TXN_8848847,1.0,3.0,3.0,Cookie,2023-08-15,Cash,Takeaway
8735,TXN_8850815,4.0,5.0,20.0,Smoothie,2023-07-23,Digital Wallet,In-store
8736,TXN_8850984,4.0,3.0,12.0,Sandwich,2023-05-27,Cash,Takeaway
8737,TXN_8851113,1.5,3.0,4.5,Tea,2023-12-23,Digital Wallet,In-store
8738,TXN_8852585,4.0,4.0,16.0,Sandwich,2023-01-05,Credit Card,Takeaway
8739,TXN_8853027,4.0,5.0,20.0,Smoothie,2023-06-21,Credit Card,In-store
8740,TXN_8853997,4.0,2.0,8.0,Smoothie,2023-10-09,Digital Wallet,Takeaway
8741,TXN_8854384,3.0,5.0,15.0,Juice,2023-08-12,Cash,Takeaway
8742,TXN_8854471,3.0,5.0,15.0,Cake,2023-08-12,Credit Card,Takeaway
8743,TXN_8855046,3.0,3.0,9.0,Juice,2023-12-05,Digital Wallet,Takeaway
8744,TXN_8859035,3.0,3.0,9.0,Cake,2023-01-19,Digital Wallet,Takeaway
8745,TXN_8859144,3.0,1.0,3.0,Cake,2023-01-15,Digital Wallet,Takeaway
8746,TXN_8860052,3.0,5.0,15.0,Cake,2023-07-18,Credit Card,Takeaway
8747,TXN_8860270,4.0,1.0,4.0,Sandwich,2023-11-06,Cash,Takeaway
8748,TXN_8861272,2.0,1.0,2.0,Coffee,2023-03-27,Digital Wallet,Takeaway
8749,TXN_8861275,4.0,2.0,8.0,Smoothie,2023-10-31,Digital Wallet,In-store
8750,TXN_8863649,1.0,1.0,1.0,Cookie,2023-03-05,Credit Card,In-store
8751,TXN_8866088,1.5,4.0,6.0,Tea,2023-07-11,Digital Wallet,Takeaway
8752,TXN_8866974,4.0,3.0,12.0,Smoothie,2023-03-14,Digital Wallet,Takeaway
8753,TXN_8867300,4.0,4.0,16.0,Smoothie,2023-05-06,Digital Wallet,In-store
8754,TXN_8867827,1.5,1.0,1.5,Tea,2023-01-14,Digital Wallet,In-store
8755,TXN_8867957,4.0,1.0,4.0,Sandwich,2023-01-04,Digital Wallet,In-store
8756,TXN_8868960,5.0,5.0,25.0,Salad,2023-01-04,Cash,In-store
8757,TXN_8872103,4.0,3.0,12.0,Smoothie,2023-07-02,Digital Wallet,In-store
8758,TXN_8872160,5.0,5.0,25.0,Salad,2023-07-02,Digital Wallet,In-store
8759,TXN_8872715,1.0,2.0,2.0,Cookie,2023-07-02,Digital Wallet,Takeaway
8760,TXN_8872984,5.0,5.0,25.0,Salad,2023-08-23,Credit Card,In-store
8761,TXN_8872997,4.0,4.0,16.0,Sandwich,2023-01-31,Credit Card,In-store
8762,TXN_8875043,5.0,4.0,20.0,Salad,2023-02-21,Digital Wallet,In-store
8763,TXN_8875195,4.0,5.0,20.0,Sandwich,2023-08-21,Credit Card,In-store
8764,TXN_8876618,3.0,5.0,15.0,Cake,2023-03-25,Cash,Takeaway
8765,TXN_8876663,5.0,2.0,10.0,Salad,2023-03-23,Digital Wallet,Takeaway
8766,TXN_8877644,1.0,2.0,2.0,Cookie,2023-09-01,Digital Wallet,Takeaway
8767,TXN_8877714,3.0,5.0,15.0,Juice,2023-03-28,Digital Wallet,In-store
8768,TXN_8878429,3.0,5.0,15.0,Cake,2023-03-28,Digital Wallet,In-store
8769,TXN_8878500,5.0,4.0,20.0,Salad,2023-02-24,Cash,In-store
8770,TXN_8878830,2.0,4.0,8.0,Coffee,2023-10-11,Credit Card,Takeaway
8771,TXN_8879936,3.0,5.0,15.0,Cake,2023-07-25,Cash,Takeaway
8772,TXN_8880299,1.5,1.0,1.5,Tea,2023-11-16,Digital Wallet,In-store
8773,TXN_8882176,1.0,4.0,4.0,Cookie,2023-03-28,Cash,Takeaway
8774,TXN_8885727,1.5,2.0,3.0,Tea,2023-10-05,Cash,Takeaway
8775,TXN_8886678,1.5,5.0,7.5,Tea,2023-03-27,Cash,In-store
8776,TXN_8886791,1.5,2.0,3.0,Tea,2023-07-09,Cash,In-store
8777,TXN_8888153,2.0,5.0,10.0,Coffee,2023-12-16,Digital Wallet,Takeaway
8778,TXN_8888249,2.0,5.0,10.0,Coffee,2023-10-17,Digital Wallet,Takeaway
8779,TXN_8888599,4.0,5.0,20.0,Sandwich,2023-10-17,Credit Card,In-store
8780,TXN_8892230,2.0,5.0,10.0,Coffee,2023-03-02,Digital Wallet,Takeaway
8781,TXN_8894157,4.0,4.0,16.0,Sandwich,2023-03-02,Credit Card,In-store
8782,TXN_8898121,1.5,4.0,6.0,Tea,2023-03-26,Digital Wallet,In-store
8783,TXN_8899417,5.0,3.0,15.0,Salad,2023-03-26,Digital Wallet,In-store
8784,TXN_8899602,5.0,4.0,20.0,Salad,2023-03-26,Cash,In-store
8785,TXN_8900579,4.0,3.0,12.0,Sandwich,2023-11-01,Credit Card,In-store
8786,TXN_8900751,4.0,1.0,4.0,Sandwich,2023-01-30,Credit Card,Takeaway
8787,TXN_8901988,1.5,5.0,7.5,Tea,2023-01-21,Digital Wallet,In-store
8788,TXN_8903514,5.0,4.0,20.0,Salad,2023-09-14,Cash,Takeaway
8789,TXN_8903958,3.0,2.0,6.0,Juice,2023-11-12,Digital Wallet,Takeaway
8790,TXN_8905718,1.5,5.0,7.5,Tea,2023-09-07,Digital Wallet,In-store
8791,TXN_8907996,4.0,4.0,16.0,Sandwich,2023-02-19,Cash,In-store
8792,TXN_8908193,4.0,5.0,20.0,Smoothie,2023-04-02,Cash,In-store
8793,TXN_8908224,2.0,4.0,8.0,Coffee,2023-08-21,Digital Wallet,Takeaway
8794,TXN_8912001,1.0,1.0,1.0,Cookie,2023-03-27,Credit Card,Takeaway
8795,TXN_8912589,4.0,3.0,12.0,Smoothie,2023-10-19,Cash,In-store
8796,TXN_8913153,4.0,2.0,8.0,Smoothie,2023-09-02,Credit Card,In-store
8797,TXN_8913492,4.0,4.0,16.0,Sandwich,2023-12-25,Credit Card,In-store
8798,TXN_8914892,5.0,5.0,25.0,Salad,2023-03-15,Digital Wallet,In-store
8799,TXN_8914956,1.0,2.0,2.0,Cookie,2023-05-13,Credit Card,Takeaway
8800,TXN_8915701,1.5,2.0,3.0,Tea,2023-03-21,Digital Wallet,In-store
8801,TXN_8916290,5.0,5.0,25.0,Salad,2023-07-08,Digital Wallet,In-store
8802,TXN_8916446,1.0,2.0,2.0,Cookie,2023-07-19,Cash,Takeaway
8803,TXN_8916613,5.0,4.0,20.0,Salad,2023-06-19,Cash,Takeaway
8804,TXN_8917300,1.0,1.0,1.0,Cookie,2023-03-04,Cash,Takeaway
8805,TXN_8917565,2.0,1.0,2.0,Coffee,2023-11-19,Cash,Takeaway
8806,TXN_8917809,5.0,5.0,25.0,Salad,2023-07-29,Cash,In-store
8807,TXN_8917822,3.0,2.0,6.0,Cake,2023-12-12,Digital Wallet,Takeaway
8808,TXN_8918253,4.0,3.0,12.0,Sandwich,2023-09-07,Digital Wallet,In-store
8809,TXN_8918902,2.0,5.0,10.0,Coffee,2023-05-22,Digital Wallet,Takeaway
8810,TXN_8918905,1.0,5.0,5.0,Cookie,2023-06-05,Digital Wallet,In-store
8811,TXN_8920751,1.5,2.0,3.0,Tea,2023-04-20,Digital Wallet,In-store
8812,TXN_8922585,5.0,5.0,25.0,Salad,2023-06-22,Credit Card,In-store
8813,TXN_8925566,1.5,2.0,3.0,Tea,2023-08-07,Digital Wallet,In-store
8814,TXN_8927252,1.0,2.0,2.0,Cookie,2023-11-06,Credit Card,Takeaway
8815,TXN_8929329,3.0,4.0,12.0,Juice,2023-10-29,Digital Wallet,In-store
8816,TXN_8929774,3.0,3.0,9.0,Juice,2023-10-02,Cash,In-store
8817,TXN_8930109,1.0,5.0,5.0,Cookie,2023-05-17,Digital Wallet,Takeaway
8818,TXN_8932070,4.0,3.0,12.0,Sandwich,2023-12-03,Digital Wallet,In-store
8819,TXN_8932087,3.0,1.0,3.0,Juice,2023-10-30,Digital Wallet,Takeaway
8820,TXN_8932759,4.0,3.0,12.0,Smoothie,2023-09-01,Credit Card,Takeaway
8821,TXN_8933027,3.0,5.0,15.0,Juice,2023-07-14,Credit Card,In-store
8822,TXN_8933459,3.0,1.0,3.0,Juice,2023-12-31,Digital Wallet,In-store
8823,TXN_8933679,5.0,3.0,15.0,Salad,2023-09-24,Digital Wallet,In-store
8824,TXN_8934025,1.0,2.0,2.0,Cookie,2023-12-18,Digital Wallet,Takeaway
8825,TXN_8934637,4.0,1.0,4.0,Smoothie,2023-01-07,Digital Wallet,In-store
8826,TXN_8935781,2.0,2.0,4.0,Coffee,2023-09-10,Digital Wallet,Takeaway
8827,TXN_8935939,1.5,3.0,4.5,Tea,2023-03-27,Digital Wallet,Takeaway
8828,TXN_8936086,4.0,4.0,16.0,Sandwich,2023-11-27,Credit Card,In-store
8829,TXN_8936591,1.0,5.0,5.0,Cookie,2023-03-22,Digital Wallet,In-store
8830,TXN_8936663,1.0,4.0,4.0,Cookie,2023-11-12,Credit Card,Takeaway
8831,TXN_8936782,3.0,5.0,15.0,Juice,2023-04-01,Digital Wallet,In-store
8832,TXN_8937461,1.0,5.0,5.0,Cookie,2023-12-22,Digital Wallet,Takeaway
8833,TXN_8938144,2.0,2.0,4.0,Coffee,2023-01-27,Credit Card,Takeaway
8834,TXN_8938445,3.0,3.0,9.0,Cake,2023-11-07,Cash,In-store
8835,TXN_8938663,2.0,1.0,2.0,Coffee,2023-09-09,Digital Wallet,Takeaway
8836,TXN_8939048,1.0,3.0,3.0,Cookie,2023-09-09,Digital Wallet,Takeaway
8837,TXN_8941409,3.0,3.0,9.0,Cake,2023-11-12,Cash,Takeaway
8838,TXN_8941438,3.0,4.0,12.0,Juice,2023-07-23,Digital Wallet,In-store
8839,TXN_8942133,5.0,3.0,15.0,Salad,2023-10-04,Cash,Takeaway
8840,TXN_8942747,1.0,5.0,5.0,Cookie,2023-12-14,Digital Wallet,Takeaway
8841,TXN_8942829,5.0,5.0,25.0,Salad,2023-03-11,Cash,In-store
8842,TXN_8944175,5.0,3.0,15.0,Salad,2023-11-30,Digital Wallet,In-store
8843,TXN_8944202,4.0,3.0,12.0,Smoothie,2023-06-08,Credit Card,Takeaway
8844,TXN_8944698,2.0,3.0,6.0,Coffee,2023-09-15,Credit Card,Takeaway
8845,TXN_8946323,1.5,2.0,3.0,Tea,2023-08-23,Cash,In-store
8846,TXN_8946752,1.5,4.0,6.0,Tea,2023-06-08,Cash,In-store
8847,TXN_8947660,2.0,1.0,2.0,Coffee,2023-09-03,Digital Wallet,In-store
8848,TXN_8949453,4.0,5.0,20.0,Sandwich,2023-11-13,Credit Card,Takeaway
8849,TXN_8951525,3.0,3.0,9.0,Juice,2023-06-08,Digital Wallet,In-store
8850,TXN_8952145,3.0,3.0,9.0,Cake,2023-01-28,Credit Card,Takeaway
8851,TXN_8953489,3.0,5.0,15.0,Juice,2023-01-28,Digital Wallet,In-store
8852,TXN_8955259,4.0,2.0,8.0,Sandwich,2023-11-18,Credit Card,In-store
8853,TXN_8955306,2.0,3.0,6.0,Coffee,2023-10-14,Credit Card,In-store
8854,TXN_8955912,4.0,1.0,4.0,Sandwich,2023-11-07,Credit Card,In-store
8855,TXN_8956534,2.0,5.0,10.0,Coffee,2023-06-05,Cash,Takeaway
8856,TXN_8957369,5.0,4.0,20.0,Salad,2023-10-18,Digital Wallet,In-store
8857,TXN_8958073,4.0,1.0,4.0,Smoothie,2023-03-31,Digital Wallet,In-store
8858,TXN_8958593,3.0,5.0,15.0,Juice,2023-07-08,Digital Wallet,In-store
8859,TXN_8958723,4.0,4.0,16.0,Sandwich,2023-11-12,Digital Wallet,In-store
8860,TXN_8960347,4.0,3.0,12.0,Smoothie,2023-11-12,Cash,In-store
8861,TXN_8961034,3.0,2.0,6.0,Juice,2023-01-21,Digital Wallet,In-store
8862,TXN_8961155,3.0,5.0,15.0,Cake,2023-09-06,Cash,Takeaway
8863,TXN_8961480,1.5,4.0,6.0,Tea,2023-02-18,Cash,In-store
8864,TXN_8963106,2.0,5.0,10.0,Coffee,2023-04-01,Cash,In-store
8865,TXN_8963470,5.0,2.0,10.0,Salad,2023-06-01,Cash,In-store
8866,TXN_8964166,3.0,5.0,15.0,Juice,2023-11-10,Cash,In-store
8867,TXN_8964493,4.0,1.0,4.0,Smoothie,2023-02-10,Cash,In-store
8868,TXN_8964522,3.0,3.0,9.0,Juice,2023-10-28,Credit Card,Takeaway
8869,TXN_8964527,4.0,4.0,16.0,Sandwich,2023-02-22,Digital Wallet,Takeaway
8870,TXN_8964812,5.0,4.0,20.0,Salad,2023-10-14,Digital Wallet,In-store
8871,TXN_8965025,5.0,1.0,5.0,Salad,2023-04-14,Cash,In-store
8872,TXN_8966400,3.0,5.0,15.0,Cake,2023-11-29,Credit Card,Takeaway
8873,TXN_8966922,3.0,4.0,12.0,Juice,2023-11-10,Digital Wallet,Takeaway
8874,TXN_8969428,5.0,3.0,15.0,Salad,2023-03-08,Cash,Takeaway
8875,TXN_8970135,3.0,4.0,12.0,Juice,2023-03-26,Digital Wallet,In-store
8876,TXN_8970187,3.0,1.0,3.0,Cake,2023-03-13,Digital Wallet,Takeaway
8877,TXN_8971366,3.0,2.0,6.0,Juice,2023-08-24,Digital Wallet,In-store
8878,TXN_8972137,3.0,4.0,12.0,Juice,2023-05-15,Credit Card,In-store
8879,TXN_8972184,3.0,4.0,12.0,Juice,2023-08-17,Digital Wallet,In-store
8880,TXN_8973007,2.0,5.0,10.0,Coffee,2023-02-07,Digital Wallet,Takeaway
8881,TXN_8973563,2.0,1.0,2.0,Coffee,2023-10-08,Digital Wallet,Takeaway
8882,TXN_8976658,1.5,2.0,3.0,Tea,2023-08-16,Credit Card,In-store
8883,TXN_8977555,3.0,2.0,6.0,Cake,2023-07-21,Cash,Takeaway
8884,TXN_8978004,2.0,2.0,4.0,Coffee,2023-04-01,Digital Wallet,In-store
8885,TXN_8978924,5.0,5.0,25.0,Salad,2023-10-09,Cash,In-store
8886,TXN_8980468,4.0,5.0,20.0,Smoothie,2023-08-24,Cash,In-store
8887,TXN_8980495,4.0,4.0,16.0,Sandwich,2023-11-17,Credit Card,Takeaway
8888,TXN_8980774,1.5,4.0,6.0,Tea,2023-11-17,Digital Wallet,In-store
8889,TXN_8982328,3.0,1.0,3.0,Juice,2023-10-20,Credit Card,In-store
8890,TXN_8982764,3.0,5.0,15.0,Cake,2023-11-23,Digital Wallet,Takeaway
8891,TXN_8983868,2.0,5.0,10.0,Coffee,2023-03-10,Credit Card,Takeaway
8892,TXN_8984085,5.0,1.0,5.0,Salad,2023-08-17,Cash,In-store
8893,TXN_8984991,4.0,3.0,12.0,Smoothie,2023-05-17,Credit Card,In-store
8894,TXN_8987697,1.0,5.0,5.0,Cookie,2023-12-19,Cash,Takeaway
8895,TXN_8988279,4.0,2.0,8.0,Smoothie,2023-08-08,Digital Wallet,In-store
8896,TXN_8989148,1.5,2.0,3.0,Tea,2023-11-25,Digital Wallet,In-store
8897,TXN_8990020,4.0,4.0,16.0,Sandwich,2023-09-09,Credit Card,In-store
8898,TXN_8990101,4.0,5.0,20.0,Smoothie,2023-11-25,Digital Wallet,In-store
8899,TXN_8991609,5.0,4.0,20.0,Salad,2023-06-19,Digital Wallet,In-store
8900,TXN_8992377,3.0,4.0,12.0,Cake,2023-07-12,Credit Card,Takeaway
8901,TXN_8993132,3.0,3.0,9.0,Cake,2023-01-21,Cash,In-store
8902,TXN_8994477,2.0,3.0,6.0,Coffee,2023-04-19,Digital Wallet,In-store
8903,TXN_8996187,5.0,2.0,10.0,Salad,2023-09-28,Credit Card,In-store
8904,TXN_8997048,3.0,1.0,3.0,Juice,2023-12-05,Digital Wallet,In-store
8905,TXN_8999006,4.0,1.0,4.0,Smoothie,2023-02-07,Cash,In-store
8906,TXN_8999360,3.0,3.0,9.0,Juice,2023-09-27,Cash,Takeaway
8907,TXN_8999576,3.0,5.0,15.0,Cake,2023-04-09,Digital Wallet,Takeaway
8908,TXN_9001088,2.0,2.0,4.0,Coffee,2023-08-19,Credit Card,Takeaway
8909,TXN_9001844,4.0,1.0,4.0,Sandwich,2023-08-02,Cash,Takeaway
8910,TXN_9004306,2.0,4.0,8.0,Coffee,2023-05-26,Credit Card,In-store
8911,TXN_9005396,3.0,4.0,12.0,Juice,2023-08-10,Cash,In-store
8912,TXN_9005782,1.5,4.0,6.0,Tea,2023-06-18,Digital Wallet,In-store
8913,TXN_9006674,1.5,1.0,1.5,Tea,2023-06-18,Digital Wallet,Takeaway
8914,TXN_9007414,3.0,3.0,9.0,Cake,2023-12-08,Cash,Takeaway
8915,TXN_9011816,3.0,1.0,3.0,Cake,2023-04-02,Cash,Takeaway
8916,TXN_9012517,2.0,2.0,4.0,Coffee,2023-10-21,Credit Card,In-store
8917,TXN_9014681,4.0,3.0,12.0,Sandwich,2023-01-03,Credit Card,In-store
8918,TXN_9016451,1.0,3.0,3.0,Cookie,2023-10-16,Digital Wallet,Takeaway
8919,TXN_9018195,3.0,5.0,15.0,Cake,2023-10-07,Cash,Takeaway
8920,TXN_9018366,3.0,5.0,15.0,Juice,2023-03-31,Cash,In-store
8921,TXN_9018535,1.0,2.0,2.0,Cookie,2023-05-05,Digital Wallet,Takeaway
8922,TXN_9019429,4.0,2.0,8.0,Smoothie,2023-05-11,Digital Wallet,In-store
8923,TXN_9020641,3.0,4.0,12.0,Cake,2023-06-27,Credit Card,In-store
8924,TXN_9021000,2.0,3.0,6.0,Coffee,2023-01-20,Digital Wallet,Takeaway
8925,TXN_9022617,2.0,1.0,2.0,Coffee,2023-01-23,Credit Card,In-store
8926,TXN_9023317,5.0,1.0,5.0,Salad,2023-09-30,Cash,In-store
8927,TXN_9024186,3.0,2.0,6.0,Juice,2023-12-17,Cash,Takeaway
8928,TXN_9024388,5.0,1.0,5.0,Salad,2023-02-27,Cash,In-store
8929,TXN_9024781,4.0,4.0,16.0,Smoothie,2023-09-12,Cash,In-store
8930,TXN_9026468,4.0,2.0,8.0,Sandwich,2023-08-23,Credit Card,In-store
8931,TXN_9027002,4.0,4.0,16.0,Smoothie,2023-12-31,Credit Card,Takeaway
8932,TXN_9028798,3.0,2.0,6.0,Cake,2023-05-25,Cash,In-store
8933,TXN_9030656,3.0,5.0,15.0,Juice,2023-12-12,Digital Wallet,Takeaway
8934,TXN_9031518,4.0,5.0,20.0,Sandwich,2023-01-13,Credit Card,In-store
8935,TXN_9033890,5.0,1.0,5.0,Salad,2023-08-05,Cash,Takeaway
8936,TXN_9034955,1.0,1.0,1.0,Cookie,2023-09-07,Credit Card,In-store
8937,TXN_9035484,2.0,2.0,4.0,Coffee,2023-06-29,Cash,Takeaway
8938,TXN_9036067,1.0,5.0,5.0,Cookie,2023-10-06,Credit Card,Takeaway
8939,TXN_9036453,4.0,1.0,4.0,Sandwich,2023-02-08,Digital Wallet,Takeaway
8940,TXN_9036527,4.0,4.0,16.0,Smoothie,2023-06-27,Digital Wallet,In-store
8941,TXN_9038745,4.0,3.0,12.0,Smoothie,2023-06-25,Digital Wallet,Takeaway
8942,TXN_9039165,4.0,4.0,16.0,Sandwich,2023-03-10,Credit Card,Takeaway
8943,TXN_9039882,4.0,4.0,16.0,Smoothie,2023-08-31,Digital Wallet,In-store
8944,TXN_9040196,3.0,3.0,9.0,Juice,2023-06-28,Cash,In-store
8945,TXN_9041473,4.0,2.0,8.0,Smoothie,2023-06-28,Digital Wallet,In-store
8946,TXN_9041537,4.0,4.0,16.0,Sandwich,2023-08-28,Credit Card,In-store
8947,TXN_9042043,1.0,4.0,4.0,Cookie,2023-08-28,Cash,Takeaway
8948,TXN_9042309,2.0,2.0,4.0,Coffee,2023-12-03,Cash,Takeaway
8949,TXN_9043894,3.0,1.0,3.0,Cake,2023-07-28,Digital Wallet,Takeaway
8950,TXN_9046415,4.0,2.0,8.0,Smoothie,2023-06-06,Digital Wallet,In-store
8951,TXN_9047278,1.5,4.0,6.0,Tea,2023-06-20,Credit Card,Takeaway
8952,TXN_9050127,4.0,5.0,20.0,Sandwich,2023-02-26,Credit Card,Takeaway
8953,TXN_9052231,4.0,1.0,4.0,Sandwich,2023-08-20,Credit Card,In-store
8954,TXN_9053365,1.0,1.0,1.0,Cookie,2023-07-15,Digital Wallet,In-store
8955,TXN_9054074,3.0,1.0,3.0,Cake,2023-10-15,Credit Card,Takeaway
8956,TXN_9054741,3.0,1.0,3.0,Juice,2023-06-24,Credit Card,Takeaway
8957,TXN_9055374,4.0,1.0,4.0,Sandwich,2023-06-24,Credit Card,Takeaway
8958,TXN_9056301,1.0,2.0,2.0,Cookie,2023-03-02,Credit Card,Takeaway
8959,TXN_9059245,4.0,1.0,4.0,Sandwich,2023-07-11,Cash,In-store
8960,TXN_9061106,3.0,4.0,12.0,Cake,2023-11-04,Digital Wallet,Takeaway
8961,TXN_9061471,3.0,1.0,3.0,Cake,2023-07-13,Digital Wallet,Takeaway
8962,TXN_9063299,3.0,4.0,12.0,Cake,2023-06-15,Digital Wallet,In-store
8963,TXN_9063624,2.0,1.0,2.0,Coffee,2023-04-21,Credit Card,Takeaway
8964,TXN_9063887,3.0,5.0,15.0,Cake,2023-07-15,Cash,Takeaway
8965,TXN_9065402,5.0,1.0,5.0,Salad,2023-12-22,Cash,Takeaway
8966,TXN_9067597,5.0,4.0,20.0,Salad,2023-11-02,Cash,Takeaway
8967,TXN_9067752,4.0,2.0,8.0,Smoothie,2023-04-24,Digital Wallet,Takeaway
8968,TXN_9068244,4.0,5.0,20.0,Sandwich,2023-10-19,Digital Wallet,Takeaway
8969,TXN_9069297,1.0,4.0,4.0,Cookie,2023-01-27,Credit Card,In-store
8970,TXN_9070074,2.0,5.0,10.0,Coffee,2023-02-03,Digital Wallet,Takeaway
8971,TXN_9071439,3.0,3.0,9.0,Juice,2023-02-05,Credit Card,In-store
8972,TXN_9072093,1.0,1.0,1.0,Cookie,2023-03-06,Digital Wallet,Takeaway
8973,TXN_9072517,4.0,2.0,8.0,Smoothie,2023-01-09,Credit Card,Takeaway
8974,TXN_9072628,5.0,4.0,20.0,Salad,2023-12-29,Digital Wallet,In-store
8975,TXN_9072817,1.0,5.0,5.0,Cookie,2023-07-18,Digital Wallet,Takeaway
8976,TXN_9073184,3.0,2.0,6.0,Cake,2023-04-14,Cash,Takeaway
8977,TXN_9073440,4.0,2.0,8.0,Sandwich,2023-08-28,Credit Card,Takeaway
8978,TXN_9074075,3.0,5.0,15.0,Juice,2023-08-14,Credit Card,In-store
8979,TXN_9076216,3.0,1.0,3.0,Cake,2023-12-17,Cash,Takeaway
8980,TXN_9077087,3.0,1.0,3.0,Juice,2023-05-08,Digital Wallet,In-store
8981,TXN_9077843,1.5,3.0,4.5,Tea,2023-03-28,Digital Wallet,In-store
8982,TXN_9080521,2.0,2.0,4.0,Coffee,2023-01-24,Credit Card,In-store
8983,TXN_9081088,1.5,2.0,3.0,Tea,2023-02-27,Cash,Takeaway
8984,TXN_9081115,3.0,3.0,9.0,Juice,2023-12-04,Digital Wallet,In-store
8985,TXN_9081409,3.0,1.0,3.0,Juice,2023-06-16,Credit Card,In-store
8986,TXN_9081686,1.0,5.0,5.0,Cookie,2023-06-11,Digital Wallet,Takeaway
8987,TXN_9082461,3.0,5.0,15.0,Cake,2023-05-30,Digital Wallet,In-store
8988,TXN_9084554,4.0,4.0,16.0,Sandwich,2023-06-08,Credit Card,In-store
8989,TXN_9086163,1.0,2.0,2.0,Cookie,2023-07-31,Digital Wallet,Takeaway
8990,TXN_9086541,5.0,3.0,15.0,Salad,2023-02-15,Cash,In-store
8991,TXN_9086709,3.0,1.0,3.0,Cake,2023-05-04,Cash,In-store
8992,TXN_9086710,5.0,2.0,10.0,Salad,2023-10-27,Cash,In-store
8993,TXN_9087344,1.5,5.0,7.5,Tea,2023-07-29,Cash,In-store
8994,TXN_9087746,2.0,4.0,8.0,Coffee,2023-04-03,Digital Wallet,Takeaway
8995,TXN_9089045,2.0,5.0,10.0,Coffee,2023-03-12,Cash,In-store
8996,TXN_9089797,2.0,1.0,2.0,Coffee,2023-09-19,Credit Card,Takeaway
8997,TXN_9089898,5.0,3.0,15.0,Salad,2023-01-11,Credit Card,In-store
8998,TXN_9090433,1.0,2.0,2.0,Cookie,2023-07-12,Cash,Takeaway
8999,TXN_9090875,3.0,2.0,6.0,Cake,2023-04-19,Cash,In-store
9000,TXN_9093708,4.0,3.0,12.0,Sandwich,2023-12-08,Credit Card,In-store
9001,TXN_9094261,3.0,2.0,6.0,Juice,2023-05-15,Digital Wallet,Takeaway
9002,TXN_9094628,2.0,2.0,4.0,Coffee,2023-02-13,Digital Wallet,In-store
9003,TXN_9096052,4.0,4.0,16.0,Smoothie,2023-12-28,Credit Card,Takeaway
9004,TXN_9096951,4.0,3.0,12.0,Smoothie,2023-06-28,Cash,Takeaway
9005,TXN_9097321,3.0,2.0,6.0,Juice,2023-10-02,Credit Card,In-store
9006,TXN_9097641,3.0,4.0,12.0,Cake,2023-12-16,Cash,Takeaway
9007,TXN_9097840,1.5,3.0,4.5,Tea,2023-02-06,Credit Card,In-store
9008,TXN_9098841,3.0,1.0,3.0,Cake,2023-08-07,Credit Card,Takeaway
9009,TXN_9099694,5.0,3.0,15.0,Salad,2023-11-18,Cash,Takeaway
9010,TXN_9100063,4.0,2.0,8.0,Sandwich,2023-09-16,Credit Card,In-store
9011,TXN_9100081,3.0,1.0,3.0,Juice,2023-08-18,Cash,In-store
9012,TXN_9100530,4.0,3.0,12.0,Sandwich,2023-05-21,Digital Wallet,In-store
9013,TXN_9101792,2.0,5.0,10.0,Coffee,2023-06-13,Cash,Takeaway
9014,TXN_9102030,4.0,4.0,16.0,Smoothie,2023-06-13,Digital Wallet,In-store
9015,TXN_9103318,4.0,2.0,8.0,Sandwich,2023-11-13,Credit Card,In-store
9016,TXN_9103776,1.5,4.0,6.0,Tea,2023-05-03,Credit Card,In-store
9017,TXN_9104535,3.0,4.0,12.0,Cake,2023-04-13,Cash,Takeaway
9018,TXN_9104545,3.0,2.0,6.0,Juice,2023-03-19,Digital Wallet,Takeaway
9019,TXN_9104710,5.0,5.0,25.0,Salad,2023-03-20,Cash,Takeaway
9020,TXN_9104781,4.0,2.0,8.0,Sandwich,2023-07-03,Credit Card,In-store
9021,TXN_9105374,3.0,4.0,12.0,Juice,2023-01-25,Digital Wallet,In-store
9022,TXN_9105544,1.5,3.0,4.5,Tea,2023-07-08,Digital Wallet,In-store
9023,TXN_9107508,2.0,1.0,2.0,Coffee,2023-06-06,Digital Wallet,Takeaway
9024,TXN_9107676,4.0,2.0,8.0,Sandwich,2023-02-12,Cash,In-store
9025,TXN_9107842,1.5,2.0,3.0,Tea,2023-12-04,Digital Wallet,Takeaway
9026,TXN_9110336,1.0,5.0,5.0,Cookie,2023-04-06,Digital Wallet,Takeaway
9027,TXN_9113574,2.0,4.0,8.0,Coffee,2023-01-04,Digital Wallet,In-store
9028,TXN_9114647,5.0,5.0,25.0,Salad,2023-11-19,Digital Wallet,In-store
9029,TXN_9115899,3.0,2.0,6.0,Cake,2023-02-23,Credit Card,In-store
9030,TXN_9117434,3.0,1.0,3.0,Cake,2023-07-18,Cash,In-store
9031,TXN_9119194,3.0,3.0,9.0,Cake,2023-01-29,Cash,Takeaway
9032,TXN_9120328,1.5,5.0,7.5,Tea,2023-10-22,Credit Card,Takeaway
9033,TXN_9121241,4.0,5.0,20.0,Sandwich,2023-03-18,Credit Card,Takeaway
9034,TXN_9121676,4.0,4.0,16.0,Smoothie,2023-12-25,Digital Wallet,In-store
9035,TXN_9121687,4.0,2.0,8.0,Sandwich,2023-05-13,Credit Card,In-store
9036,TXN_9121852,1.0,1.0,1.0,Cookie,2023-05-13,Credit Card,Takeaway
9037,TXN_9123562,3.0,5.0,15.0,Juice,2023-05-13,Credit Card,Takeaway
9038,TXN_9124680,1.0,2.0,2.0,Cookie,2023-10-03,Cash,Takeaway
9039,TXN_9126502,4.0,5.0,20.0,Smoothie,2023-09-22,Credit Card,In-store
9040,TXN_9126573,5.0,4.0,20.0,Salad,2023-06-17,Digital Wallet,In-store
9041,TXN_9127105,3.0,3.0,9.0,Juice,2023-03-04,Cash,In-store
9042,TXN_9128859,2.0,2.0,4.0,Coffee,2023-11-28,Digital Wallet,Takeaway
9043,TXN_9129298,2.0,1.0,2.0,Coffee,2023-12-19,Digital Wallet,Takeaway
9044,TXN_9129403,4.0,3.0,12.0,Sandwich,2023-12-05,Credit Card,In-store
9045,TXN_9130559,4.0,1.0,4.0,Sandwich,2023-05-28,Credit Card,In-store
9046,TXN_9131136,3.0,2.0,6.0,Juice,2023-03-20,Credit Card,In-store
9047,TXN_9131153,4.0,3.0,12.0,Smoothie,2023-11-17,Digital Wallet,Takeaway
9048,TXN_9131337,4.0,4.0,16.0,Sandwich,2023-05-24,Credit Card,Takeaway
9049,TXN_9134257,2.0,3.0,6.0,Coffee,2023-05-19,Digital Wallet,Takeaway
9050,TXN_9134335,3.0,3.0,9.0,Cake,2023-01-30,Digital Wallet,Takeaway
9051,TXN_9135433,1.0,4.0,4.0,Cookie,2023-12-18,Digital Wallet,In-store
9052,TXN_9137801,4.0,5.0,20.0,Sandwich,2023-06-10,Credit Card,In-store
9053,TXN_9138791,3.0,1.0,3.0,Cake,2023-03-22,Digital Wallet,In-store
9054,TXN_9140598,3.0,1.0,3.0,Juice,2023-07-10,Digital Wallet,Takeaway
9055,TXN_9143440,2.0,4.0,8.0,Coffee,2023-03-31,Digital Wallet,Takeaway
9056,TXN_9146123,2.0,2.0,4.0,Coffee,2023-12-12,Digital Wallet,Takeaway
9057,TXN_9147596,2.0,2.0,4.0,Coffee,2023-10-08,Digital Wallet,Takeaway
9058,TXN_9151273,1.5,2.0,3.0,Tea,2023-04-09,Cash,In-store
9059,TXN_9151321,4.0,4.0,16.0,Sandwich,2023-01-05,Cash,In-store
9060,TXN_9152120,4.0,4.0,16.0,Sandwich,2023-03-28,Cash,Takeaway
9061,TXN_9152264,3.0,1.0,3.0,Cake,2023-03-15,Digital Wallet,Takeaway
9062,TXN_9153854,4.0,2.0,8.0,Sandwich,2023-04-04,Credit Card,In-store
9063,TXN_9154381,1.0,2.0,2.0,Cookie,2023-04-21,Credit Card,In-store
9064,TXN_9154713,2.0,4.0,8.0,Coffee,2023-03-13,Credit Card,In-store
9065,TXN_9155044,4.0,3.0,12.0,Sandwich,2023-02-28,Credit Card,In-store
9066,TXN_9155299,3.0,3.0,9.0,Juice,2023-02-09,Digital Wallet,Takeaway
9067,TXN_9157460,3.0,4.0,12.0,Cake,2023-01-23,Digital Wallet,Takeaway
9068,TXN_9157625,1.5,5.0,7.5,Tea,2023-02-10,Credit Card,Takeaway
9069,TXN_9158251,5.0,2.0,10.0,Salad,2023-03-24,Credit Card,In-store
9070,TXN_9159212,4.0,3.0,12.0,Smoothie,2023-01-12,Digital Wallet,Takeaway
9071,TXN_9159655,1.0,5.0,5.0,Cookie,2023-03-21,Cash,Takeaway
9072,TXN_9160109,3.0,1.0,3.0,Cake,2023-08-03,Credit Card,Takeaway
9073,TXN_9161256,4.0,2.0,8.0,Smoothie,2023-01-01,Digital Wallet,In-store
9074,TXN_9162014,3.0,1.0,3.0,Cake,2023-07-21,Cash,Takeaway
9075,TXN_9162296,4.0,3.0,12.0,Sandwich,2023-05-10,Cash,In-store
9076,TXN_9163155,2.0,4.0,8.0,Coffee,2023-04-23,Credit Card,Takeaway
9077,TXN_9166449,1.0,4.0,4.0,Cookie,2023-07-31,Digital Wallet,Takeaway
9078,TXN_9168898,3.0,2.0,6.0,Juice,2023-09-28,Cash,Takeaway
9079,TXN_9169536,3.0,5.0,15.0,Cake,2023-06-10,Cash,In-store
9080,TXN_9169782,3.0,5.0,15.0,Juice,2023-09-18,Credit Card,In-store
9081,TXN_9171458,3.0,2.0,6.0,Cake,2023-03-29,Cash,Takeaway
9082,TXN_9172616,2.0,4.0,8.0,Coffee,2023-11-21,Digital Wallet,Takeaway
9083,TXN_9174916,2.0,3.0,6.0,Coffee,2023-06-21,Credit Card,Takeaway
9084,TXN_9175519,3.0,4.0,12.0,Cake,2023-10-05,Cash,Takeaway
9085,TXN_9175684,1.5,3.0,4.5,Tea,2023-09-16,Digital Wallet,In-store
9086,TXN_9176288,1.5,2.0,3.0,Tea,2023-02-08,Digital Wallet,In-store
9087,TXN_9176418,4.0,1.0,4.0,Smoothie,2023-03-02,Digital Wallet,Takeaway
9088,TXN_9176533,3.0,3.0,9.0,Cake,2023-10-14,Credit Card,Takeaway
9089,TXN_9177867,1.5,3.0,4.5,Tea,2023-09-14,Digital Wallet,In-store
9090,TXN_9178213,2.0,2.0,4.0,Coffee,2023-02-27,Digital Wallet,Takeaway
9091,TXN_9178545,3.0,4.0,12.0,Juice,2023-01-24,Cash,In-store
9092,TXN_9180345,4.0,4.0,16.0,Sandwich,2023-06-13,Digital Wallet,In-store
9093,TXN_9181129,4.0,5.0,20.0,Sandwich,2023-09-25,Digital Wallet,In-store
9094,TXN_9181144,3.0,3.0,9.0,Juice,2023-10-25,Digital Wallet,Takeaway
9095,TXN_9181224,4.0,5.0,20.0,Sandwich,2023-10-25,Cash,In-store
9096,TXN_9182359,5.0,3.0,15.0,Salad,2023-10-25,Cash,In-store
9097,TXN_9184804,1.0,2.0,2.0,Cookie,2023-11-08,Digital Wallet,Takeaway
9098,TXN_9185022,4.0,3.0,12.0,Sandwich,2023-06-19,Digital Wallet,In-store
9099,TXN_9186913,1.0,2.0,2.0,Cookie,2023-10-16,Credit Card,Takeaway
9100,TXN_9187008,1.5,4.0,6.0,Tea,2023-09-16,Digital Wallet,In-store
9101,TXN_9188172,3.0,3.0,9.0,Juice,2023-08-27,Digital Wallet,In-store
9102,TXN_9188692,3.0,3.0,9.0,Cake,2023-12-01,Credit Card,Takeaway
9103,TXN_9188733,5.0,3.0,15.0,Salad,2023-08-19,Cash,In-store
9104,TXN_9188774,1.5,1.0,1.5,Tea,2023-04-14,Digital Wallet,Takeaway
9105,TXN_9190025,1.5,4.0,6.0,Tea,2023-04-14,Digital Wallet,In-store
9106,TXN_9190061,5.0,5.0,25.0,Salad,2023-06-14,Cash,Takeaway
9107,TXN_9190969,2.0,1.0,2.0,Coffee,2023-10-06,Digital Wallet,In-store
9108,TXN_9191048,3.0,5.0,15.0,Cake,2023-09-18,Digital Wallet,Takeaway
9109,TXN_9191700,1.5,5.0,7.5,Tea,2023-10-01,Digital Wallet,In-store
9110,TXN_9193760,5.0,5.0,25.0,Salad,2023-01-20,Cash,In-store
9111,TXN_9194266,5.0,5.0,25.0,Salad,2023-10-30,Cash,In-store
9112,TXN_9196116,3.0,2.0,6.0,Cake,2023-07-06,Cash,In-store
9113,TXN_9196229,4.0,5.0,20.0,Sandwich,2023-12-08,Credit Card,In-store
9114,TXN_9196322,1.0,4.0,4.0,Cookie,2023-08-12,Digital Wallet,In-store
9115,TXN_9196658,1.0,1.0,1.0,Cookie,2023-06-12,Digital Wallet,Takeaway
9116,TXN_9196694,3.0,4.0,12.0,Cake,2023-03-23,Cash,In-store
9117,TXN_9201010,5.0,1.0,5.0,Salad,2023-03-15,Credit Card,Takeaway
9118,TXN_9201212,4.0,4.0,16.0,Smoothie,2023-06-08,Digital Wallet,Takeaway
9119,TXN_9201988,2.0,3.0,6.0,Coffee,2023-05-14,Digital Wallet,Takeaway
9120,TXN_9202190,4.0,5.0,20.0,Sandwich,2023-08-25,Credit Card,In-store
9121,TXN_9202272,4.0,3.0,12.0,Sandwich,2023-11-29,Credit Card,In-store
9122,TXN_9202496,3.0,5.0,15.0,Cake,2023-07-19,Credit Card,In-store
9123,TXN_9203396,2.0,5.0,10.0,Coffee,2023-01-08,Digital Wallet,In-store
9124,TXN_9203920,3.0,4.0,12.0,Juice,2023-11-01,Digital Wallet,Takeaway
9125,TXN_9205425,4.0,3.0,12.0,Sandwich,2023-09-16,Digital Wallet,Takeaway
9126,TXN_9206049,1.0,1.0,1.0,Cookie,2023-09-17,Credit Card,In-store
9127,TXN_9206403,1.0,1.0,1.0,Cookie,2023-12-15,Digital Wallet,In-store
9128,TXN_9206923,4.0,1.0,4.0,Sandwich,2023-11-16,Credit Card,In-store
9129,TXN_9207050,1.0,5.0,5.0,Cookie,2023-07-21,Digital Wallet,In-store
9130,TXN_9208629,3.0,1.0,3.0,Cake,2023-03-30,Cash,Takeaway
9131,TXN_9210096,4.0,3.0,12.0,Smoothie,2023-05-25,Digital Wallet,In-store
9132,TXN_9211917,4.0,4.0,16.0,Smoothie,2023-12-17,Digital Wallet,In-store
9133,TXN_9212052,5.0,4.0,20.0,Salad,2023-10-15,Cash,In-store
9134,TXN_9212178,3.0,1.0,3.0,Juice,2023-11-18,Credit Card,Takeaway
9135,TXN_9212503,5.0,2.0,10.0,Salad,2023-10-08,Digital Wallet,Takeaway
9136,TXN_9213505,4.0,2.0,8.0,Sandwich,2023-11-01,Credit Card,In-store
9137,TXN_9215670,2.0,3.0,6.0,Coffee,2023-05-04,Cash,Takeaway
9138,TXN_9216314,3.0,1.0,3.0,Cake,2023-03-07,Credit Card,Takeaway
9139,TXN_9216933,1.0,4.0,4.0,Cookie,2023-05-29,Digital Wallet,Takeaway
9140,TXN_9218683,3.0,2.0,6.0,Cake,2023-05-29,Digital Wallet,In-store
9141,TXN_9219961,2.0,5.0,10.0,Coffee,2023-04-04,Credit Card,Takeaway
9142,TXN_9220900,1.0,4.0,4.0,Cookie,2023-06-19,Digital Wallet,Takeaway
9143,TXN_9223045,1.5,5.0,7.5,Tea,2023-10-29,Credit Card,In-store
9144,TXN_9223242,4.0,2.0,8.0,Smoothie,2023-09-10,Digital Wallet,In-store
9145,TXN_9224501,5.0,5.0,25.0,Salad,2023-12-08,Credit Card,In-store
9146,TXN_9226047,4.0,3.0,12.0,Smoothie,2023-12-08,Cash,In-store
9147,TXN_9228978,2.0,5.0,10.0,Coffee,2023-02-09,Digital Wallet,In-store
9148,TXN_9230208,3.0,3.0,9.0,Juice,2023-05-13,Credit Card,In-store
9149,TXN_9230615,4.0,4.0,16.0,Smoothie,2023-06-01,Digital Wallet,In-store
9150,TXN_9231214,1.5,4.0,6.0,Tea,2023-05-24,Digital Wallet,Takeaway
9151,TXN_9231480,1.0,4.0,4.0,Cookie,2023-08-28,Cash,Takeaway
9152,TXN_9233730,1.5,5.0,7.5,Tea,2023-05-28,Credit Card,In-store
9153,TXN_9233948,1.0,4.0,4.0,Cookie,2023-03-26,Cash,Takeaway
9154,TXN_9236713,1.0,5.0,5.0,Cookie,2023-09-13,Cash,In-store
9155,TXN_9237291,3.0,2.0,6.0,Juice,2023-09-22,Credit Card,In-store
9156,TXN_9238066,1.5,5.0,7.5,Tea,2023-09-15,Digital Wallet,In-store
9157,TXN_9238666,1.0,1.0,1.0,Cookie,2023-07-31,Digital Wallet,Takeaway
9158,TXN_9238689,3.0,1.0,3.0,Cake,2023-03-09,Digital Wallet,In-store
9159,TXN_9239309,5.0,4.0,20.0,Salad,2023-03-09,Cash,In-store
9160,TXN_9239779,5.0,1.0,5.0,Salad,2023-01-09,Cash,In-store
9161,TXN_9240476,2.0,5.0,10.0,Coffee,2023-04-29,Digital Wallet,Takeaway
9162,TXN_9241048,3.0,4.0,12.0,Cake,2023-08-27,Credit Card,In-store
9163,TXN_9244886,2.0,1.0,2.0,Coffee,2023-02-09,Digital Wallet,Takeaway
9164,TXN_9245124,1.5,4.0,6.0,Tea,2023-04-19,Digital Wallet,In-store
9165,TXN_9246948,3.0,5.0,15.0,Cake,2023-11-11,Credit Card,Takeaway
9166,TXN_9246986,1.5,4.0,6.0,Tea,2023-09-08,Cash,Takeaway
9167,TXN_9247075,5.0,3.0,15.0,Salad,2023-07-05,Cash,In-store
9168,TXN_9248370,1.0,2.0,2.0,Cookie,2023-02-17,Credit Card,In-store
9169,TXN_9249507,1.0,4.0,4.0,Cookie,2023-11-21,Credit Card,In-store
9170,TXN_9250024,1.0,2.0,2.0,Cookie,2023-03-21,Digital Wallet,Takeaway
9171,TXN_9250710,5.0,1.0,5.0,Salad,2023-05-28,Cash,In-store
9172,TXN_9251292,1.5,2.0,3.0,Tea,2023-01-20,Cash,In-store
9173,TXN_9252414,1.5,1.0,1.5,Tea,2023-11-13,Digital Wallet,In-store
9174,TXN_9252700,3.0,3.0,9.0,Juice,2023-08-24,Credit Card,In-store
9175,TXN_9253398,4.0,2.0,8.0,Sandwich,2023-12-14,Credit Card,Takeaway
9176,TXN_9253541,1.5,1.0,1.5,Tea,2023-06-04,Digital Wallet,In-store
9177,TXN_9254064,2.0,2.0,4.0,Coffee,2023-12-10,Cash,Takeaway
9178,TXN_9256387,1.5,5.0,7.5,Tea,2023-05-31,Digital Wallet,In-store
9179,TXN_9257475,3.0,4.0,12.0,Juice,2023-07-06,Digital Wallet,In-store
9180,TXN_9259900,5.0,4.0,20.0,Salad,2023-08-07,Digital Wallet,In-store
9181,TXN_9262504,4.0,3.0,12.0,Smoothie,2023-12-01,Credit Card,In-store
9182,TXN_9262803,3.0,5.0,15.0,Juice,2023-10-04,Digital Wallet,In-store
9183,TXN_9263030,4.0,5.0,20.0,Sandwich,2023-07-03,Cash,Takeaway
9184,TXN_9263299,1.0,2.0,2.0,Cookie,2023-10-08,Credit Card,Takeaway
9185,TXN_9263959,1.0,5.0,5.0,Cookie,2023-10-08,Cash,Takeaway
9186,TXN_9263967,1.0,3.0,3.0,Cookie,2023-09-14,Credit Card,In-store
9187,TXN_9264301,2.0,1.0,2.0,Coffee,2023-10-24,Digital Wallet,In-store
9188,TXN_9265178,4.0,4.0,16.0,Sandwich,2023-03-18,Cash,Takeaway
9189,TXN_9265313,3.0,3.0,9.0,Cake,2023-10-01,Cash,In-store
9190,TXN_9265319,5.0,3.0,15.0,Salad,2023-11-15,Cash,In-store
9191,TXN_9265423,3.0,1.0,3.0,Juice,2023-10-20,Digital Wallet,In-store
9192,TXN_9266394,1.0,2.0,2.0,Cookie,2023-07-12,Credit Card,In-store
9193,TXN_9266499,3.0,1.0,3.0,Cake,2023-02-16,Digital Wallet,Takeaway
9194,TXN_9268974,4.0,2.0,8.0,Sandwich,2023-10-29,Digital Wallet,Takeaway
9195,TXN_9269683,4.0,5.0,20.0,Sandwich,2023-09-26,Digital Wallet,In-store
9196,TXN_9270865,4.0,2.0,8.0,Smoothie,2023-11-06,Credit Card,Takeaway
9197,TXN_9271457,3.0,3.0,9.0,Cake,2023-02-27,Digital Wallet,In-store
9198,TXN_9271577,3.0,2.0,6.0,Cake,2023-04-13,Credit Card,In-store
9199,TXN_9272043,3.0,4.0,12.0,Cake,2023-04-20,Cash,Takeaway
9200,TXN_9273729,1.5,1.0,1.5,Tea,2023-12-19,Digital Wallet,In-store
9201,TXN_9275800,4.0,3.0,12.0,Smoothie,2023-05-01,Cash,In-store
9202,TXN_9277146,3.0,5.0,15.0,Cake,2023-07-11,Credit Card,Takeaway
9203,TXN_9277276,3.0,4.0,12.0,Cake,2023-09-15,Credit Card,Takeaway
9204,TXN_9277534,4.0,2.0,8.0,Smoothie,2023-04-25,Credit Card,In-store
9205,TXN_9278090,3.0,5.0,15.0,Cake,2023-12-28,Credit Card,Takeaway
9206,TXN_9278992,4.0,4.0,16.0,Smoothie,2023-12-15,Cash,Takeaway
9207,TXN_9279347,4.0,5.0,20.0,Sandwich,2023-02-27,Credit Card,In-store
9208,TXN_9279935,2.0,2.0,4.0,Coffee,2023-06-02,Digital Wallet,In-store
9209,TXN_9281392,1.0,2.0,2.0,Cookie,2023-08-06,Digital Wallet,Takeaway
9210,TXN_9281586,4.0,5.0,20.0,Sandwich,2023-05-20,Credit Card,In-store
9211,TXN_9281710,3.0,3.0,9.0,Juice,2023-08-05,Credit Card,In-store
9212,TXN_9281939,1.5,3.0,4.5,Tea,2023-05-22,Cash,In-store
9213,TXN_9282265,5.0,2.0,10.0,Salad,2023-03-20,Credit Card,In-store
9214,TXN_9284099,3.0,2.0,6.0,Cake,2023-07-20,Digital Wallet,In-store
9215,TXN_9284622,2.0,1.0,2.0,Coffee,2023-05-15,Credit Card,Takeaway
9216,TXN_9285475,1.5,5.0,7.5,Tea,2023-11-14,Digital Wallet,In-store
9217,TXN_9285663,1.0,4.0,4.0,Cookie,2023-11-18,Digital Wallet,Takeaway
9218,TXN_9285925,3.0,5.0,15.0,Juice,2023-06-20,Cash,In-store
9219,TXN_9286019,4.0,4.0,16.0,Smoothie,2023-05-28,Cash,Takeaway
9220,TXN_9286960,1.0,3.0,3.0,Cookie,2023-12-26,Cash,Takeaway
9221,TXN_9287133,3.0,5.0,15.0,Cake,2023-04-20,Digital Wallet,In-store
9222,TXN_9287350,4.0,2.0,8.0,Smoothie,2023-01-28,Digital Wallet,In-store
9223,TXN_9287659,3.0,1.0,3.0,Juice,2023-05-13,Digital Wallet,In-store
9224,TXN_9287780,4.0,2.0,8.0,Smoothie,2023-09-02,Cash,In-store
9225,TXN_9288156,2.0,3.0,6.0,Coffee,2023-11-05,Digital Wallet,Takeaway
9226,TXN_9288207,3.0,4.0,12.0,Cake,2023-05-16,Cash,Takeaway
9227,TXN_9288882,4.0,3.0,12.0,Sandwich,2023-04-23,Credit Card,In-store
9228,TXN_9288999,1.0,3.0,3.0,Cookie,2023-05-01,Credit Card,In-store
9229,TXN_9289174,3.0,4.0,12.0,Cake,2023-12-30,Digital Wallet,In-store
9230,TXN_9289408,2.0,4.0,8.0,Coffee,2023-09-23,Digital Wallet,Takeaway
9231,TXN_9291130,1.0,5.0,5.0,Cookie,2023-05-11,Cash,In-store
9232,TXN_9292025,5.0,2.0,10.0,Salad,2023-03-25,Digital Wallet,In-store
9233,TXN_9292230,1.5,4.0,6.0,Tea,2023-07-14,Credit Card,In-store
9234,TXN_9293417,1.5,3.0,4.5,Tea,2023-07-14,Digital Wallet,Takeaway
9235,TXN_9293877,3.0,5.0,15.0,Juice,2023-08-24,Digital Wallet,In-store
9236,TXN_9296807,2.0,3.0,6.0,Coffee,2023-12-20,Credit Card,Takeaway
9237,TXN_9298053,3.0,5.0,15.0,Juice,2023-06-29,Cash,In-store
9238,TXN_9298882,4.0,3.0,12.0,Sandwich,2023-01-13,Credit Card,In-store
9239,TXN_9299563,3.0,5.0,15.0,Juice,2023-03-27,Credit Card,In-store
9240,TXN_9300618,1.5,3.0,4.5,Tea,2023-03-06,Credit Card,In-store
9241,TXN_9300970,3.0,2.0,6.0,Cake,2023-03-06,Credit Card,Takeaway
9242,TXN_9301279,4.0,1.0,4.0,Smoothie,2023-05-27,Credit Card,In-store
9243,TXN_9306229,4.0,2.0,8.0,Smoothie,2023-09-08,Digital Wallet,In-store
9244,TXN_9306482,4.0,2.0,8.0,Smoothie,2023-01-16,Digital Wallet,Takeaway
9245,TXN_9307650,2.0,3.0,6.0,Coffee,2023-02-22,Digital Wallet,Takeaway
9246,TXN_9309509,1.5,5.0,7.5,Tea,2023-11-15,Digital Wallet,In-store
9247,TXN_9313535,1.0,1.0,1.0,Cookie,2023-06-04,Digital Wallet,Takeaway
9248,TXN_9314690,5.0,2.0,10.0,Salad,2023-12-11,Credit Card,In-store
9249,TXN_9315004,4.0,5.0,20.0,Sandwich,2023-12-21,Digital Wallet,In-store
9250,TXN_9315119,5.0,2.0,10.0,Salad,2023-06-16,Cash,Takeaway
9251,TXN_9315755,3.0,5.0,15.0,Cake,2023-09-26,Cash,Takeaway
9252,TXN_9316158,4.0,5.0,20.0,Sandwich,2023-10-31,Cash,In-store
9253,TXN_9317529,3.0,4.0,12.0,Juice,2023-07-10,Credit Card,In-store
9254,TXN_9319656,1.5,5.0,7.5,Tea,2023-12-22,Digital Wallet,In-store
9255,TXN_9320167,3.0,5.0,15.0,Juice,2023-11-12,Credit Card,In-store
9256,TXN_9320353,5.0,5.0,25.0,Salad,2023-01-10,Cash,In-store
9257,TXN_9321776,3.0,1.0,3.0,Cake,2023-04-23,Cash,Takeaway
9258,TXN_9323014,1.0,3.0,3.0,Cookie,2023-08-15,Digital Wallet,In-store
9259,TXN_9323215,1.0,3.0,3.0,Cookie,2023-01-27,Digital Wallet,Takeaway
9260,TXN_9323513,3.0,3.0,9.0,Cake,2023-05-04,Cash,Takeaway
9261,TXN_9325384,3.0,5.0,15.0,Juice,2023-04-24,Digital Wallet,In-store
9262,TXN_9326761,1.5,1.0,1.5,Tea,2023-01-02,Digital Wallet,In-store
9263,TXN_9327493,2.0,1.0,2.0,Coffee,2023-03-27,Digital Wallet,Takeaway
9264,TXN_9327861,1.5,5.0,7.5,Tea,2023-07-17,Credit Card,In-store
9265,TXN_9328595,1.5,2.0,3.0,Tea,2023-10-24,Cash,In-store
9266,TXN_9329112,4.0,3.0,12.0,Smoothie,2023-10-24,Digital Wallet,In-store
9267,TXN_9332035,1.0,2.0,2.0,Cookie,2023-11-02,Digital Wallet,Takeaway
9268,TXN_9333347,4.0,5.0,20.0,Smoothie,2023-09-10,Cash,In-store
9269,TXN_9334593,4.0,3.0,12.0,Sandwich,2023-04-23,Cash,In-store
9270,TXN_9335226,4.0,5.0,20.0,Sandwich,2023-05-08,Credit Card,In-store
9271,TXN_9336674,5.0,4.0,20.0,Salad,2023-01-18,Cash,In-store
9272,TXN_9336980,5.0,4.0,20.0,Salad,2023-06-06,Cash,In-store
9273,TXN_9337894,1.5,2.0,3.0,Tea,2023-12-30,Digital Wallet,In-store
9274,TXN_9338442,3.0,1.0,3.0,Cake,2023-12-29,Digital Wallet,In-store
9275,TXN_9339037,1.0,2.0,2.0,Cookie,2023-07-21,Digital Wallet,Takeaway
9276,TXN_9339456,2.0,3.0,6.0,Coffee,2023-03-29,Digital Wallet,Takeaway
9277,TXN_9340653,4.0,1.0,4.0,Smoothie,2023-10-19,Digital Wallet,In-store
9278,TXN_9340973,1.0,4.0,4.0,Cookie,2023-03-07,Cash,Takeaway
9279,TXN_9341159,3.0,5.0,15.0,Cake,2023-09-29,Cash,Takeaway
9280,TXN_9342366,4.0,3.0,12.0,Smoothie,2023-02-18,Credit Card,In-store
9281,TXN_9344399,1.0,2.0,2.0,Cookie,2023-12-04,Digital Wallet,Takeaway
9282,TXN_9345439,2.0,2.0,4.0,Coffee,2023-08-07,Cash,Takeaway
9283,TXN_9347203,4.0,5.0,20.0,Sandwich,2023-04-15,Cash,In-store
9284,TXN_9348280,4.0,2.0,8.0,Sandwich,2023-03-28,Credit Card,In-store
9285,TXN_9348801,3.0,1.0,3.0,Cake,2023-11-29,Cash,Takeaway
9286,TXN_9349052,3.0,4.0,12.0,Juice,2023-10-31,Cash,In-store
9287,TXN_9349471,2.0,3.0,6.0,Coffee,2023-10-31,Digital Wallet,Takeaway
9288,TXN_9349657,1.0,2.0,2.0,Cookie,2023-03-14,Credit Card,In-store
9289,TXN_9349736,4.0,5.0,20.0,Sandwich,2023-03-18,Cash,In-store
9290,TXN_9349962,4.0,4.0,16.0,Sandwich,2023-03-18,Credit Card,In-store
9291,TXN_9350427,3.0,5.0,15.0,Juice,2023-01-24,Digital Wallet,In-store
9292,TXN_9350833,3.0,1.0,3.0,Cake,2023-01-17,Cash,Takeaway
9293,TXN_9352671,4.0,2.0,8.0,Sandwich,2023-02-10,Cash,Takeaway
9294,TXN_9352814,1.5,4.0,6.0,Tea,2023-09-10,Cash,In-store
9295,TXN_9354349,3.0,1.0,3.0,Juice,2023-02-12,Credit Card,In-store
9296,TXN_9354616,1.5,4.0,6.0,Tea,2023-01-27,Digital Wallet,Takeaway
9297,TXN_9356512,5.0,3.0,15.0,Salad,2023-06-06,Credit Card,In-store
9298,TXN_9357808,4.0,4.0,16.0,Sandwich,2023-05-20,Cash,In-store
9299,TXN_9358399,1.5,5.0,7.5,Tea,2023-06-16,Credit Card,In-store
9300,TXN_9358958,4.0,1.0,4.0,Smoothie,2023-05-08,Digital Wallet,Takeaway
9301,TXN_9360886,4.0,1.0,4.0,Sandwich,2023-07-25,Credit Card,In-store
9302,TXN_9362728,4.0,1.0,4.0,Sandwich,2023-12-26,Credit Card,In-store
9303,TXN_9362958,3.0,1.0,3.0,Juice,2023-07-19,Cash,In-store
9304,TXN_9362993,2.0,3.0,6.0,Coffee,2023-10-22,Cash,In-store
9305,TXN_9363711,2.0,5.0,10.0,Coffee,2023-11-23,Digital Wallet,Takeaway
9306,TXN_9363990,3.0,3.0,9.0,Cake,2023-01-17,Credit Card,Takeaway
9307,TXN_9364172,1.5,4.0,6.0,Tea,2023-03-18,Digital Wallet,Takeaway
9308,TXN_9365447,1.5,2.0,3.0,Tea,2023-12-10,Cash,In-store
9309,TXN_9365558,5.0,4.0,20.0,Salad,2023-02-12,Credit Card,Takeaway
9310,TXN_9365766,3.0,4.0,12.0,Cake,2023-02-13,Digital Wallet,In-store
9311,TXN_9367492,1.5,2.0,3.0,Tea,2023-06-19,Cash,In-store
9312,TXN_9367729,2.0,2.0,4.0,Coffee,2023-10-10,Digital Wallet,Takeaway
9313,TXN_9368550,3.0,3.0,9.0,Cake,2023-09-26,Digital Wallet,Takeaway
9314,TXN_9370294,3.0,2.0,6.0,Cake,2023-04-23,Credit Card,Takeaway
9315,TXN_9370304,4.0,4.0,16.0,Smoothie,2023-09-01,Digital Wallet,Takeaway
9316,TXN_9370771,3.0,5.0,15.0,Juice,2023-08-21,Cash,In-store
9317,TXN_9372046,2.0,3.0,6.0,Coffee,2023-04-10,Credit Card,In-store
9318,TXN_9373436,5.0,4.0,20.0,Salad,2023-04-06,Digital Wallet,In-store
9319,TXN_9374286,2.0,5.0,10.0,Coffee,2023-08-07,Cash,In-store
9320,TXN_9375445,4.0,2.0,8.0,Smoothie,2023-10-22,Digital Wallet,In-store
9321,TXN_9375649,1.0,4.0,4.0,Cookie,2023-03-06,Digital Wallet,In-store
9322,TXN_9376428,5.0,1.0,5.0,Salad,2023-10-30,Credit Card,Takeaway
9323,TXN_9378562,3.0,3.0,9.0,Juice,2023-09-06,Digital Wallet,In-store
9324,TXN_9382156,1.5,5.0,7.5,Tea,2023-06-02,Digital Wallet,Takeaway
9325,TXN_9382596,4.0,5.0,20.0,Smoothie,2023-11-18,Credit Card,Takeaway
9326,TXN_9384397,4.0,2.0,8.0,Sandwich,2023-10-31,Cash,In-store
9327,TXN_9386165,4.0,2.0,8.0,Sandwich,2023-06-01,Digital Wallet,In-store
9328,TXN_9388222,1.0,1.0,1.0,Cookie,2023-04-21,Digital Wallet,In-store
9329,TXN_9389300,5.0,3.0,15.0,Salad,2023-01-14,Credit Card,Takeaway
9330,TXN_9389434,3.0,5.0,15.0,Cake,2023-06-16,Cash,In-store
9331,TXN_9389963,4.0,5.0,20.0,Sandwich,2023-02-28,Credit Card,Takeaway
9332,TXN_9390188,1.5,1.0,1.5,Tea,2023-06-20,Digital Wallet,Takeaway
9333,TXN_9390740,3.0,2.0,6.0,Cake,2023-12-06,Cash,In-store
9334,TXN_9391494,2.0,1.0,2.0,Coffee,2023-12-17,Digital Wallet,Takeaway
9335,TXN_9392028,5.0,5.0,25.0,Salad,2023-01-13,Credit Card,In-store
9336,TXN_9393467,3.0,5.0,15.0,Juice,2023-09-25,Cash,In-store
9337,TXN_9395087,1.5,1.0,1.5,Tea,2023-06-12,Cash,In-store
9338,TXN_9395223,1.0,4.0,4.0,Cookie,2023-12-29,Credit Card,In-store
9339,TXN_9395554,2.0,4.0,8.0,Coffee,2023-03-31,Cash,Takeaway
9340,TXN_9397870,3.0,2.0,6.0,Cake,2023-05-23,Cash,Takeaway
9341,TXN_9399452,3.0,4.0,12.0,Cake,2023-12-03,Credit Card,In-store
9342,TXN_9400181,4.0,5.0,20.0,Sandwich,2023-06-03,Cash,In-store
9343,TXN_9400245,5.0,1.0,5.0,Salad,2023-02-24,Cash,In-store
9344,TXN_9401522,4.0,4.0,16.0,Sandwich,2023-11-16,Digital Wallet,In-store
9345,TXN_9402247,5.0,3.0,15.0,Salad,2023-11-16,Digital Wallet,In-store
9346,TXN_9402270,2.0,3.0,6.0,Coffee,2023-02-09,Digital Wallet,In-store
9347,TXN_9403115,1.5,1.0,1.5,Tea,2023-04-17,Digital Wallet,In-store
9348,TXN_9403754,3.0,5.0,15.0,Cake,2023-06-19,Credit Card,Takeaway
9349,TXN_9405019,3.0,5.0,15.0,Cake,2023-06-19,Cash,Takeaway
9350,TXN_9406938,5.0,1.0,5.0,Salad,2023-10-09,Cash,In-store
9351,TXN_9407000,4.0,4.0,16.0,Sandwich,2023-10-03,Credit Card,Takeaway
9352,TXN_9407169,4.0,1.0,4.0,Sandwich,2023-01-28,Digital Wallet,In-store
9353,TXN_9407636,4.0,4.0,16.0,Smoothie,2023-10-01,Cash,In-store
9354,TXN_9408993,4.0,1.0,4.0,Sandwich,2023-08-19,Digital Wallet,In-store
9355,TXN_9409405,2.0,3.0,6.0,Coffee,2023-02-11,Digital Wallet,In-store
9356,TXN_9409728,1.5,2.0,3.0,Tea,2023-03-06,Digital Wallet,In-store
9357,TXN_9410981,1.0,2.0,2.0,Cookie,2023-02-07,Digital Wallet,Takeaway
9358,TXN_9411395,2.0,5.0,10.0,Coffee,2023-05-12,Digital Wallet,Takeaway
9359,TXN_9415451,3.0,3.0,9.0,Cake,2023-01-04,Cash,Takeaway
9360,TXN_9417252,4.0,2.0,8.0,Sandwich,2023-08-17,Credit Card,In-store
9361,TXN_9417344,1.5,3.0,4.5,Tea,2023-11-09,Digital Wallet,Takeaway
9362,TXN_9417438,5.0,1.0,5.0,Salad,2023-01-05,Cash,In-store
9363,TXN_9421441,4.0,2.0,8.0,Sandwich,2023-06-20,Cash,In-store
9364,TXN_9421618,3.0,3.0,9.0,Cake,2023-02-21,Cash,Takeaway
9365,TXN_9423451,2.0,1.0,2.0,Coffee,2023-10-22,Digital Wallet,Takeaway
9366,TXN_9425096,4.0,5.0,20.0,Smoothie,2023-06-12,Credit Card,In-store
9367,TXN_9425610,4.0,3.0,12.0,Sandwich,2023-01-08,Cash,In-store
9368,TXN_9425645,3.0,3.0,9.0,Cake,2023-03-19,Credit Card,Takeaway
9369,TXN_9428611,5.0,4.0,20.0,Salad,2023-07-13,Digital Wallet,In-store
9370,TXN_9429128,2.0,4.0,8.0,Coffee,2023-12-19,Credit Card,In-store
9371,TXN_9430262,2.0,5.0,10.0,Coffee,2023-03-16,Digital Wallet,Takeaway
9372,TXN_9431971,4.0,1.0,4.0,Smoothie,2023-07-17,Credit Card,In-store
9373,TXN_9432007,1.0,4.0,4.0,Cookie,2023-07-17,Digital Wallet,Takeaway
9374,TXN_9432268,5.0,4.0,20.0,Salad,2023-01-25,Cash,Takeaway
9375,TXN_9432588,2.0,5.0,10.0,Coffee,2023-07-26,Digital Wallet,Takeaway
9376,TXN_9432758,1.0,3.0,3.0,Cookie,2023-10-02,Cash,Takeaway
9377,TXN_9433035,4.0,1.0,4.0,Sandwich,2023-03-26,Cash,In-store
9378,TXN_9433769,3.0,4.0,12.0,Cake,2023-08-13,Digital Wallet,Takeaway
9379,TXN_9433806,2.0,1.0,2.0,Coffee,2023-08-13,Digital Wallet,Takeaway
9380,TXN_9436284,2.0,3.0,6.0,Coffee,2023-03-28,Credit Card,Takeaway
9381,TXN_9436342,3.0,4.0,12.0,Juice,2023-11-26,Digital Wallet,In-store
9382,TXN_9437049,1.0,5.0,5.0,Cookie,2023-06-01,Digital Wallet,Takeaway
9383,TXN_9438576,1.0,1.0,1.0,Cookie,2023-05-05,Credit Card,In-store
9384,TXN_9443285,3.0,2.0,6.0,Cake,2023-05-27,Credit Card,Takeaway
9385,TXN_9444461,4.0,2.0,8.0,Sandwich,2023-05-28,Credit Card,In-store
9386,TXN_9444736,1.5,5.0,7.5,Tea,2023-04-23,Credit Card,Takeaway
9387,TXN_9447946,4.0,2.0,8.0,Smoothie,2023-10-21,Credit Card,In-store
9388,TXN_9448209,4.0,3.0,12.0,Sandwich,2023-10-21,Cash,In-store
9389,TXN_9449037,2.0,4.0,8.0,Coffee,2023-04-30,Digital Wallet,Takeaway
9390,TXN_9450903,4.0,3.0,12.0,Smoothie,2023-04-07,Digital Wallet,In-store
9391,TXN_9452225,1.5,1.0,1.5,Tea,2023-02-26,Digital Wallet,In-store
9392,TXN_9452261,3.0,5.0,15.0,Cake,2023-11-29,Cash,Takeaway
9393,TXN_9452972,4.0,3.0,12.0,Sandwich,2023-02-10,Digital Wallet,In-store
9394,TXN_9454212,3.0,5.0,15.0,Juice,2023-11-19,Cash,In-store
9395,TXN_9454387,5.0,2.0,10.0,Salad,2023-01-02,Cash,Takeaway
9396,TXN_9455679,5.0,5.0,25.0,Salad,2023-05-18,Cash,Takeaway
9397,TXN_9455737,5.0,3.0,15.0,Salad,2023-05-18,Cash,In-store
9398,TXN_9455977,1.5,1.0,1.5,Tea,2023-03-10,Digital Wallet,Takeaway
9399,TXN_9456357,3.0,3.0,9.0,Cake,2023-02-21,Credit Card,Takeaway
9400,TXN_9456575,1.5,5.0,7.5,Tea,2023-06-10,Cash,In-store
9401,TXN_9460419,3.0,1.0,3.0,Cake,2023-06-10,Cash,Takeaway
9402,TXN_9461396,4.0,5.0,20.0,Smoothie,2023-05-23,Digital Wallet,In-store
9403,TXN_9461980,5.0,1.0,5.0,Salad,2023-04-14,Credit Card,In-store
9404,TXN_9464398,3.0,4.0,12.0,Cake,2023-09-25,Credit Card,Takeaway
9405,TXN_9464961,4.0,4.0,16.0,Sandwich,2023-11-23,Cash,In-store
9406,TXN_9465300,1.5,2.0,3.0,Tea,2023-09-01,Credit Card,In-store
9407,TXN_9468033,3.0,1.0,3.0,Juice,2023-12-13,Credit Card,In-store
9408,TXN_9469529,2.0,2.0,4.0,Coffee,2023-08-09,Digital Wallet,Takeaway
9409,TXN_9469533,1.0,4.0,4.0,Cookie,2023-05-22,Cash,Takeaway
9410,TXN_9469735,3.0,1.0,3.0,Cake,2023-12-31,Cash,In-store
9411,TXN_9470260,2.0,5.0,10.0,Coffee,2023-10-07,Digital Wallet,In-store
9412,TXN_9470590,5.0,1.0,5.0,Salad,2023-04-11,Credit Card,Takeaway
9413,TXN_9470612,3.0,3.0,9.0,Cake,2023-04-30,Cash,Takeaway
9414,TXN_9470768,4.0,5.0,20.0,Smoothie,2023-09-27,Credit Card,In-store
9415,TXN_9472241,5.0,3.0,15.0,Salad,2023-06-30,Cash,Takeaway
9416,TXN_9474082,5.0,3.0,15.0,Salad,2023-03-22,Digital Wallet,In-store
9417,TXN_9475783,4.0,5.0,20.0,Sandwich,2023-02-11,Credit Card,Takeaway
9418,TXN_9477344,1.0,2.0,2.0,Cookie,2023-09-30,Credit Card,In-store
9419,TXN_9477892,3.0,3.0,9.0,Cake,2023-08-21,Credit Card,Takeaway
9420,TXN_9478033,3.0,2.0,6.0,Cake,2023-04-08,Cash,In-store
9421,TXN_9480564,1.0,4.0,4.0,Cookie,2023-06-12,Cash,In-store
9422,TXN_9480851,3.0,3.0,9.0,Cake,2023-03-21,Cash,In-store
9423,TXN_9482559,1.0,1.0,1.0,Cookie,2023-08-04,Digital Wallet,In-store
9424,TXN_9484436,5.0,1.0,5.0,Salad,2023-01-20,Credit Card,In-store
9425,TXN_9485101,1.0,2.0,2.0,Cookie,2023-11-01,Cash,Takeaway
9426,TXN_9486849,3.0,1.0,3.0,Cake,2023-03-17,Cash,Takeaway
9427,TXN_9487214,2.0,5.0,10.0,Coffee,2023-03-25,Digital Wallet,Takeaway
9428,TXN_9487384,3.0,1.0,3.0,Cake,2023-11-27,Credit Card,Takeaway
9429,TXN_9487821,5.0,1.0,5.0,Salad,2023-05-24,Digital Wallet,Takeaway
9430,TXN_9489176,3.0,5.0,15.0,Juice,2023-01-10,Digital Wallet,In-store
9431,TXN_9489442,2.0,3.0,6.0,Coffee,2023-02-06,Credit Card,Takeaway
9432,TXN_9489495,2.0,1.0,2.0,Coffee,2023-05-20,Credit Card,Takeaway
9433,TXN_9490163,5.0,4.0,20.0,Salad,2023-02-23,Credit Card,In-store
9434,TXN_9490465,4.0,3.0,12.0,Sandwich,2023-05-06,Credit Card,In-store
9435,TXN_9491244,3.0,5.0,15.0,Juice,2023-04-19,Digital Wallet,In-store
9436,TXN_9491912,1.5,4.0,6.0,Tea,2023-04-19,Cash,In-store
9437,TXN_9493077,3.0,4.0,12.0,Cake,2023-01-10,Credit Card,Takeaway
9438,TXN_9495855,3.0,2.0,6.0,Juice,2023-04-18,Cash,In-store
9439,TXN_9495930,2.0,2.0,4.0,Coffee,2023-10-23,Digital Wallet,Takeaway
9440,TXN_9496018,1.5,5.0,7.5,Tea,2023-01-05,Digital Wallet,Takeaway
9441,TXN_9496697,1.5,1.0,1.5,Tea,2023-09-27,Digital Wallet,In-store
9442,TXN_9496791,5.0,4.0,20.0,Salad,2023-07-19,Credit Card,In-store
9443,TXN_9497634,3.0,3.0,9.0,Juice,2023-07-20,Cash,In-store
9444,TXN_9498325,5.0,1.0,5.0,Salad,2023-04-04,Cash,In-store
9445,TXN_9499313,3.0,5.0,15.0,Juice,2023-03-02,Digital Wallet,In-store
9446,TXN_9500986,1.0,2.0,2.0,Cookie,2023-05-10,Digital Wallet,Takeaway
9447,TXN_9502077,4.0,3.0,12.0,Smoothie,2023-12-21,Digital Wallet,In-store
9448,TXN_9502424,3.0,4.0,12.0,Juice,2023-09-06,Cash,In-store
9449,TXN_9503145,3.0,5.0,15.0,Juice,2023-09-21,Digital Wallet,In-store
9450,TXN_9503369,1.0,1.0,1.0,Cookie,2023-09-21,Digital Wallet,Takeaway
9451,TXN_9505924,3.0,4.0,12.0,Cake,2023-03-17,Cash,Takeaway
9452,TXN_9506076,5.0,5.0,25.0,Salad,2023-01-17,Cash,In-store
9453,TXN_9506372,3.0,4.0,12.0,Cake,2023-11-06,Cash,Takeaway
9454,TXN_9506595,1.5,3.0,4.5,Tea,2023-07-10,Cash,In-store
9455,TXN_9507002,4.0,1.0,4.0,Smoothie,2023-05-08,Cash,Takeaway
9456,TXN_9507397,1.0,3.0,3.0,Cookie,2023-10-26,Credit Card,Takeaway
9457,TXN_9507568,4.0,4.0,16.0,Smoothie,2023-10-12,Credit Card,In-store
9458,TXN_9508880,2.0,4.0,8.0,Coffee,2023-10-26,Digital Wallet,In-store
9459,TXN_9510130,5.0,4.0,20.0,Salad,2023-03-06,Cash,In-store
9460,TXN_9511794,1.0,1.0,1.0,Cookie,2023-06-10,Cash,Takeaway
9461,TXN_9512112,2.0,4.0,8.0,Coffee,2023-05-25,Cash,Takeaway
9462,TXN_9513509,4.0,1.0,4.0,Sandwich,2023-04-27,Credit Card,In-store
9463,TXN_9514452,2.0,5.0,10.0,Coffee,2023-07-29,Credit Card,Takeaway
9464,TXN_9514836,2.0,3.0,6.0,Coffee,2023-03-29,Digital Wallet,In-store
9465,TXN_9514996,4.0,2.0,8.0,Sandwich,2023-07-25,Credit Card,Takeaway
9466,TXN_9517146,5.0,5.0,25.0,Salad,2023-10-30,Cash,Takeaway
9467,TXN_9517380,1.5,4.0,6.0,Tea,2023-10-29,Cash,In-store
9468,TXN_9517548,2.0,3.0,6.0,Coffee,2023-01-25,Cash,Takeaway
9469,TXN_9518691,5.0,2.0,10.0,Salad,2023-03-30,Credit Card,In-store
9470,TXN_9520855,3.0,4.0,12.0,Cake,2023-01-11,Cash,Takeaway
9471,TXN_9522045,2.0,3.0,6.0,Coffee,2023-05-30,Digital Wallet,Takeaway
9472,TXN_9522690,1.0,4.0,4.0,Cookie,2023-07-23,Credit Card,In-store
9473,TXN_9522899,4.0,5.0,20.0,Smoothie,2023-07-23,Credit Card,Takeaway
9474,TXN_9523335,1.0,4.0,4.0,Cookie,2023-01-29,Credit Card,Takeaway
9475,TXN_9523369,2.0,3.0,6.0,Coffee,2023-08-25,Digital Wallet,Takeaway
9476,TXN_9525078,5.0,5.0,25.0,Salad,2023-07-23,Cash,Takeaway
9477,TXN_9526867,1.0,2.0,2.0,Cookie,2023-10-21,Digital Wallet,Takeaway
9478,TXN_9529846,4.0,5.0,20.0,Smoothie,2023-09-23,Digital Wallet,In-store
9479,TXN_9530003,5.0,1.0,5.0,Salad,2023-08-24,Digital Wallet,In-store
9480,TXN_9531201,4.0,2.0,8.0,Sandwich,2023-05-28,Credit Card,In-store
9481,TXN_9531434,1.0,1.0,1.0,Cookie,2023-10-09,Credit Card,Takeaway
9482,TXN_9531812,4.0,2.0,8.0,Sandwich,2023-02-04,Digital Wallet,In-store
9483,TXN_9533792,1.0,3.0,3.0,Cookie,2023-09-01,Digital Wallet,In-store
9484,TXN_9534685,5.0,1.0,5.0,Salad,2023-04-27,Cash,Takeaway
9485,TXN_9535721,3.0,5.0,15.0,Cake,2023-08-03,Digital Wallet,In-store
9486,TXN_9536472,3.0,5.0,15.0,Juice,2023-11-12,Digital Wallet,In-store
9487,TXN_9537106,4.0,3.0,12.0,Sandwich,2023-10-11,Credit Card,In-store
9488,TXN_9538738,2.0,4.0,8.0,Coffee,2023-09-25,Cash,In-store
9489,TXN_9540340,4.0,2.0,8.0,Sandwich,2023-11-15,Cash,In-store
9490,TXN_9540864,1.0,2.0,2.0,Cookie,2023-08-07,Digital Wallet,Takeaway
9491,TXN_9541057,3.0,4.0,12.0,Juice,2023-04-24,Cash,In-store
9492,TXN_9544977,1.0,4.0,4.0,Cookie,2023-07-04,Digital Wallet,In-store
9493,TXN_9546556,3.0,5.0,15.0,Juice,2023-08-18,Cash,In-store
9494,TXN_9546951,4.0,4.0,16.0,Sandwich,2023-12-14,Credit Card,In-store
9495,TXN_9547091,1.0,3.0,3.0,Cookie,2023-10-08,Credit Card,Takeaway
9496,TXN_9547654,1.0,2.0,2.0,Cookie,2023-11-19,Digital Wallet,In-store
9497,TXN_9548077,1.5,2.0,3.0,Tea,2023-07-05,Cash,In-store
9498,TXN_9549021,5.0,2.0,10.0,Salad,2023-11-25,Cash,In-store
9499,TXN_9549208,2.0,1.0,2.0,Coffee,2023-10-30,Digital Wallet,In-store
9500,TXN_9549381,3.0,1.0,3.0,Juice,2023-11-23,Digital Wallet,In-store
9501,TXN_9550397,2.0,4.0,8.0,Coffee,2023-11-23,Digital Wallet,Takeaway
9502,TXN_9550508,4.0,5.0,20.0,Smoothie,2023-11-18,Digital Wallet,In-store
9503,TXN_9550629,4.0,1.0,4.0,Smoothie,2023-02-06,Digital Wallet,In-store
9504,TXN_9550664,5.0,2.0,10.0,Salad,2023-06-29,Cash,In-store
9505,TXN_9551491,5.0,1.0,5.0,Salad,2023-07-13,Cash,In-store
9506,TXN_9551638,5.0,3.0,15.0,Salad,2023-06-25,Cash,In-store
9507,TXN_9552845,4.0,3.0,12.0,Sandwich,2023-02-18,Cash,In-store
9508,TXN_9553579,3.0,2.0,6.0,Cake,2023-10-03,Credit Card,In-store
9509,TXN_9554670,3.0,4.0,12.0,Juice,2023-06-20,Credit Card,In-store
9510,TXN_9555291,4.0,3.0,12.0,Sandwich,2023-09-21,Credit Card,In-store
9511,TXN_9555958,4.0,4.0,16.0,Smoothie,2023-09-30,Digital Wallet,Takeaway
9512,TXN_9556442,4.0,1.0,4.0,Sandwich,2023-09-30,Digital Wallet,Takeaway
9513,TXN_9561380,4.0,1.0,4.0,Sandwich,2023-08-11,Digital Wallet,Takeaway
9514,TXN_9561441,1.5,5.0,7.5,Tea,2023-11-11,Cash,In-store
9515,TXN_9561832,4.0,3.0,12.0,Sandwich,2023-10-29,Digital Wallet,In-store
9516,TXN_9563024,1.0,3.0,3.0,Cookie,2023-09-27,Digital Wallet,In-store
9517,TXN_9563685,5.0,1.0,5.0,Salad,2023-07-28,Credit Card,In-store
9518,TXN_9564123,3.0,4.0,12.0,Cake,2023-03-23,Credit Card,Takeaway
9519,TXN_9564495,3.0,4.0,12.0,Juice,2023-08-01,Digital Wallet,In-store
9520,TXN_9565246,2.0,5.0,10.0,Coffee,2023-12-28,Cash,Takeaway
9521,TXN_9565465,1.5,3.0,4.5,Tea,2023-12-26,Credit Card,In-store
9522,TXN_9566593,3.0,2.0,6.0,Cake,2023-09-30,Digital Wallet,Takeaway
9523,TXN_9567719,4.0,5.0,20.0,Sandwich,2023-01-24,Digital Wallet,In-store
9524,TXN_9567915,3.0,1.0,3.0,Cake,2023-06-30,Digital Wallet,Takeaway
9525,TXN_9571019,2.0,2.0,4.0,Coffee,2023-06-22,Cash,In-store
9526,TXN_9575926,4.0,3.0,12.0,Sandwich,2023-12-12,Credit Card,In-store
9527,TXN_9576057,1.5,5.0,7.5,Tea,2023-03-03,Digital Wallet,Takeaway
9528,TXN_9576454,3.0,1.0,3.0,Juice,2023-09-23,Credit Card,In-store
9529,TXN_9577271,4.0,5.0,20.0,Sandwich,2023-09-30,Cash,In-store
9530,TXN_9577339,3.0,2.0,6.0,Cake,2023-03-10,Digital Wallet,Takeaway
9531,TXN_9579181,4.0,1.0,4.0,Sandwich,2023-05-24,Digital Wallet,In-store
9532,TXN_9579637,1.5,4.0,6.0,Tea,2023-06-26,Digital Wallet,In-store
9533,TXN_9579691,1.0,5.0,5.0,Cookie,2023-01-16,Credit Card,In-store
9534,TXN_9579740,3.0,3.0,9.0,Cake,2023-03-05,Digital Wallet,Takeaway
9535,TXN_9579984,5.0,5.0,25.0,Salad,2023-12-25,Credit Card,In-store
9536,TXN_9580673,3.0,2.0,6.0,Juice,2023-06-25,Digital Wallet,In-store
9537,TXN_9582506,1.0,2.0,2.0,Cookie,2023-04-28,Credit Card,Takeaway
9538,TXN_9582716,3.0,2.0,6.0,Cake,2023-04-28,Cash,Takeaway
9539,TXN_9582818,4.0,1.0,4.0,Sandwich,2023-10-27,Cash,In-store
9540,TXN_9583176,1.0,5.0,5.0,Cookie,2023-05-03,Digital Wallet,In-store
9541,TXN_9587015,5.0,3.0,15.0,Salad,2023-06-25,Digital Wallet,In-store
9542,TXN_9587445,2.0,4.0,8.0,Coffee,2023-08-24,Digital Wallet,In-store
9543,TXN_9587704,3.0,5.0,15.0,Juice,2023-07-29,Cash,Takeaway
9544,TXN_9587814,3.0,3.0,9.0,Juice,2023-01-25,Cash,In-store
9545,TXN_9587884,1.5,2.0,3.0,Tea,2023-01-05,Digital Wallet,In-store
9546,TXN_9590819,2.0,3.0,6.0,Coffee,2023-11-21,Digital Wallet,In-store
9547,TXN_9592941,1.5,5.0,7.5,Tea,2023-04-08,Digital Wallet,In-store
9548,TXN_9594133,3.0,5.0,15.0,Cake,2023-04-08,Cash,Takeaway
9549,TXN_9596023,2.0,5.0,10.0,Coffee,2023-11-30,Digital Wallet,Takeaway
9550,TXN_9596100,3.0,4.0,12.0,Juice,2023-05-04,Cash,Takeaway
9551,TXN_9597063,2.0,2.0,4.0,Coffee,2023-07-20,Digital Wallet,In-store
9552,TXN_9598764,3.0,2.0,6.0,Juice,2023-09-06,Credit Card,In-store
9553,TXN_9599703,3.0,2.0,6.0,Cake,2023-09-25,Digital Wallet,In-store
9554,TXN_9600016,1.0,4.0,4.0,Cookie,2023-05-06,Digital Wallet,Takeaway
9555,TXN_9601220,1.0,3.0,3.0,Cookie,2023-04-20,Digital Wallet,Takeaway
9556,TXN_9603131,4.0,5.0,20.0,Smoothie,2023-08-19,Digital Wallet,In-store
9557,TXN_9603263,1.0,5.0,5.0,Cookie,2023-05-02,Cash,Takeaway
9558,TXN_9603773,1.0,2.0,2.0,Cookie,2023-10-10,Credit Card,Takeaway
9559,TXN_9603912,3.0,5.0,15.0,Juice,2023-12-23,Digital Wallet,In-store
9560,TXN_9605972,3.0,3.0,9.0,Cake,2023-09-30,Cash,Takeaway
9561,TXN_9606045,1.5,2.0,3.0,Tea,2023-10-14,Digital Wallet,In-store
9562,TXN_9607633,1.0,2.0,2.0,Cookie,2023-08-25,Digital Wallet,Takeaway
9563,TXN_9608095,2.0,1.0,2.0,Coffee,2023-12-07,Credit Card,In-store
9564,TXN_9608271,2.0,2.0,4.0,Coffee,2023-10-24,Digital Wallet,Takeaway
9565,TXN_9610933,1.5,3.0,4.5,Tea,2023-05-20,Cash,In-store
9566,TXN_9612533,3.0,2.0,6.0,Cake,2023-01-26,Digital Wallet,In-store
9567,TXN_9612877,4.0,1.0,4.0,Smoothie,2023-03-07,Cash,In-store
9568,TXN_9614646,2.0,3.0,6.0,Coffee,2023-03-18,Digital Wallet,In-store
9569,TXN_9615339,4.0,1.0,4.0,Sandwich,2023-03-18,Credit Card,In-store
9570,TXN_9616828,2.0,2.0,4.0,Coffee,2023-12-20,Digital Wallet,Takeaway
9571,TXN_9617269,2.0,1.0,2.0,Coffee,2023-12-20,Digital Wallet,Takeaway
9572,TXN_9617421,1.5,1.0,1.5,Tea,2023-08-21,Digital Wallet,In-store
9573,TXN_9617454,4.0,1.0,4.0,Smoothie,2023-08-22,Digital Wallet,Takeaway
9574,TXN_9618563,4.0,1.0,4.0,Smoothie,2023-02-24,Digital Wallet,Takeaway
9575,TXN_9618881,2.0,5.0,10.0,Coffee,2023-02-15,Digital Wallet,Takeaway
9576,TXN_9618962,2.0,3.0,6.0,Coffee,2023-11-08,Credit Card,Takeaway
9577,TXN_9619442,3.0,4.0,12.0,Cake,2023-05-23,Digital Wallet,In-store
9578,TXN_9620080,3.0,4.0,12.0,Juice,2023-10-02,Digital Wallet,Takeaway
9579,TXN_9622300,5.0,1.0,5.0,Salad,2023-06-23,Cash,Takeaway
9580,TXN_9623460,4.0,3.0,12.0,Sandwich,2023-01-17,Digital Wallet,In-store
9581,TXN_9625287,3.0,2.0,6.0,Juice,2023-07-08,Cash,In-store
9582,TXN_9626053,5.0,1.0,5.0,Salad,2023-08-11,Cash,Takeaway
9583,TXN_9626624,4.0,3.0,12.0,Smoothie,2023-10-10,Cash,In-store
9584,TXN_9626920,1.5,2.0,3.0,Tea,2023-12-16,Digital Wallet,In-store
9585,TXN_9627891,2.0,2.0,4.0,Coffee,2023-01-09,Credit Card,In-store
9586,TXN_9629256,3.0,4.0,12.0,Cake,2023-11-07,Digital Wallet,In-store
9587,TXN_9629448,1.5,2.0,3.0,Tea,2023-02-22,Digital Wallet,In-store
9588,TXN_9629541,4.0,5.0,20.0,Sandwich,2023-12-18,Digital Wallet,In-store
9589,TXN_9630958,4.0,5.0,20.0,Smoothie,2023-12-26,Digital Wallet,In-store
9590,TXN_9632482,3.0,2.0,6.0,Cake,2023-08-27,Credit Card,Takeaway
9591,TXN_9638367,2.0,1.0,2.0,Coffee,2023-07-22,Digital Wallet,Takeaway
9592,TXN_9639025,2.0,5.0,10.0,Coffee,2023-12-06,Digital Wallet,Takeaway
9593,TXN_9639089,3.0,4.0,12.0,Juice,2023-05-14,Credit Card,In-store
9594,TXN_9639317,3.0,3.0,9.0,Cake,2023-12-28,Cash,Takeaway
9595,TXN_9640865,1.0,2.0,2.0,Cookie,2023-03-18,Cash,Takeaway
9596,TXN_9641364,1.0,3.0,3.0,Cookie,2023-03-04,Digital Wallet,In-store
9597,TXN_9642066,4.0,3.0,12.0,Sandwich,2023-08-31,Credit Card,In-store
9598,TXN_9643180,2.0,2.0,4.0,Coffee,2023-06-10,Cash,Takeaway
9599,TXN_9643918,1.0,3.0,3.0,Cookie,2023-07-21,Credit Card,In-store
9600,TXN_9644830,1.0,1.0,1.0,Cookie,2023-11-24,Digital Wallet,Takeaway
9601,TXN_9646000,3.0,2.0,9.0,Juice,2023-12-14,Digital Wallet,In-store
9602,TXN_9646452,3.0,5.0,15.0,Juice,2023-09-16,Credit Card,In-store
9603,TXN_9647494,4.0,2.0,8.0,Sandwich,2023-10-21,Credit Card,In-store
9604,TXN_9648941,2.0,2.0,4.0,Coffee,2023-06-30,Cash,Takeaway
9605,TXN_9649503,3.0,1.0,3.0,Cake,2023-01-02,Credit Card,Takeaway
9606,TXN_9649878,3.0,5.0,15.0,Cake,2023-12-24,Cash,Takeaway
9607,TXN_9653377,4.0,2.0,8.0,Sandwich,2023-07-31,Credit Card,Takeaway
9608,TXN_9653700,3.0,1.0,3.0,Juice,2023-03-12,Credit Card,In-store
9609,TXN_9655021,2.0,3.0,6.0,Coffee,2023-04-22,Digital Wallet,Takeaway
9610,TXN_9655661,3.0,1.0,3.0,Juice,2023-06-07,Digital Wallet,In-store
9611,TXN_9656325,2.0,2.0,4.0,Coffee,2023-03-31,Credit Card,Takeaway
9612,TXN_9657636,3.0,1.0,3.0,Cake,2023-07-08,Cash,Takeaway
9613,TXN_9657902,3.0,1.0,3.0,Juice,2023-10-30,Digital Wallet,In-store
9614,TXN_9657957,4.0,2.0,8.0,Smoothie,2023-11-27,Digital Wallet,In-store
9615,TXN_9658354,1.5,3.0,4.5,Tea,2023-11-12,Credit Card,In-store
9616,TXN_9658677,3.0,4.0,12.0,Cake,2023-11-12,Cash,Takeaway
9617,TXN_9658905,1.5,5.0,7.5,Tea,2023-05-16,Cash,Takeaway
9618,TXN_9659401,1.0,3.0,3.0,Cookie,2023-06-02,Digital Wallet,Takeaway
9619,TXN_9660030,3.0,5.0,15.0,Cake,2023-11-24,Credit Card,In-store
9620,TXN_9660362,3.0,2.0,6.0,Cake,2023-08-16,Credit Card,Takeaway
9621,TXN_9660737,1.0,5.0,5.0,Cookie,2023-05-19,Cash,Takeaway
9622,TXN_9662568,1.5,5.0,7.5,Tea,2023-10-30,Cash,In-store
9623,TXN_9662632,5.0,4.0,20.0,Salad,2023-08-10,Digital Wallet,In-store
9624,TXN_9662827,1.5,1.0,1.5,Tea,2023-09-30,Digital Wallet,In-store
9625,TXN_9663098,3.0,2.0,6.0,Juice,2023-06-10,Cash,In-store
9626,TXN_9663941,3.0,4.0,12.0,Juice,2023-06-10,Cash,In-store
9627,TXN_9663990,3.0,1.0,3.0,Juice,2023-01-06,Digital Wallet,In-store
9628,TXN_9664173,4.0,1.0,4.0,Sandwich,2023-03-20,Credit Card,In-store
9629,TXN_9665245,1.0,1.0,1.0,Cookie,2023-10-17,Digital Wallet,Takeaway
9630,TXN_9666257,3.0,2.0,6.0,Juice,2023-09-27,Digital Wallet,In-store
9631,TXN_9667219,3.0,4.0,12.0,Juice,2023-10-09,Cash,In-store
9632,TXN_9667721,1.5,5.0,7.5,Tea,2023-04-29,Credit Card,Takeaway
9633,TXN_9668108,3.0,1.0,3.0,Cake,2023-01-20,Cash,In-store
9634,TXN_9668265,1.0,3.0,3.0,Cookie,2023-06-20,Credit Card,Takeaway
9635,TXN_9668584,1.0,2.0,2.0,Cookie,2023-12-13,Digital Wallet,Takeaway
9636,TXN_9669616,2.0,3.0,9.0,Coffee,2023-06-03,Digital Wallet,Takeaway
9637,TXN_9669749,5.0,4.0,20.0,Salad,2023-03-26,Credit Card,In-store
9638,TXN_9672367,1.0,2.0,2.0,Cookie,2023-12-21,Digital Wallet,In-store
9639,TXN_9673343,4.0,2.0,8.0,Sandwich,2023-06-22,Cash,In-store
9640,TXN_9673685,5.0,1.0,5.0,Salad,2023-12-11,Cash,In-store
9641,TXN_9675838,3.0,2.0,6.0,Cake,2023-02-06,Digital Wallet,Takeaway
9642,TXN_9675940,3.0,5.0,15.0,Juice,2023-06-02,Credit Card,In-store
9643,TXN_9676096,3.0,3.0,9.0,Cake,2023-04-05,Digital Wallet,Takeaway
9644,TXN_9676940,3.0,2.0,6.0,Juice,2023-08-16,Credit Card,Takeaway
9645,TXN_9677376,4.0,4.0,16.0,Smoothie,2023-08-15,Digital Wallet,In-store
9646,TXN_9678108,5.0,3.0,15.0,Salad,2023-10-10,Cash,Takeaway
9647,TXN_9679675,2.0,1.0,2.0,Coffee,2023-07-07,Cash,Takeaway
9648,TXN_9679889,4.0,3.0,12.0,Sandwich,2023-06-18,Credit Card,In-store
9649,TXN_9680054,3.0,3.0,9.0,Cake,2023-03-14,Cash,In-store
9650,TXN_9681369,5.0,5.0,25.0,Salad,2023-10-23,Cash,In-store
9651,TXN_9681880,2.0,3.0,6.0,Coffee,2023-03-21,Cash,In-store
9652,TXN_9682798,3.0,3.0,9.0,Cake,2023-09-15,Cash,In-store
9653,TXN_9684465,3.0,5.0,15.0,Cake,2023-02-15,Cash,Takeaway
9654,TXN_9684822,3.0,1.0,3.0,Juice,2023-11-18,Digital Wallet,In-store
9655,TXN_9685326,4.0,3.0,12.0,Smoothie,2023-04-07,Digital Wallet,Takeaway
9656,TXN_9685491,2.0,4.0,8.0,Coffee,2023-09-20,Cash,Takeaway
9657,TXN_9685716,1.0,2.0,2.0,Cookie,2023-02-26,Digital Wallet,Takeaway
9658,TXN_9686177,3.0,3.0,9.0,Cake,2023-02-26,Cash,In-store
9659,TXN_9688601,3.0,1.0,3.0,Juice,2023-10-16,Digital Wallet,In-store
9660,TXN_9689507,5.0,3.0,15.0,Salad,2023-06-10,Cash,In-store
9661,TXN_9690114,2.0,2.0,4.0,Coffee,2023-12-01,Credit Card,Takeaway
9662,TXN_9690711,1.0,2.0,2.0,Cookie,2023-09-13,Credit Card,In-store
9663,TXN_9691018,4.0,2.0,8.0,Sandwich,2023-07-21,Digital Wallet,In-store
9664,TXN_9691151,2.0,4.0,8.0,Coffee,2023-08-23,Digital Wallet,In-store
9665,TXN_9691364,1.0,3.0,3.0,Cookie,2023-03-02,Credit Card,In-store
9666,TXN_9691873,3.0,2.0,6.0,Juice,2023-02-15,Digital Wallet,Takeaway
9667,TXN_9691955,3.0,3.0,9.0,Juice,2023-11-03,Credit Card,In-store
9668,TXN_9693344,1.5,4.0,6.0,Tea,2023-01-15,Credit Card,Takeaway
9669,TXN_9694799,1.5,3.0,4.5,Tea,2023-04-14,Cash,Takeaway
9670,TXN_9695128,3.0,1.0,3.0,Cake,2023-12-21,Cash,In-store
9671,TXN_9696074,2.0,4.0,8.0,Coffee,2023-06-24,Digital Wallet,Takeaway
9672,TXN_9696138,3.0,3.0,9.0,Juice,2023-12-01,Digital Wallet,In-store
9673,TXN_9697154,1.5,3.0,4.5,Tea,2023-10-08,Credit Card,In-store
9674,TXN_9697670,3.0,3.0,9.0,Juice,2023-12-29,Cash,Takeaway
9675,TXN_9699083,4.0,1.0,4.0,Smoothie,2023-02-12,Cash,In-store
9676,TXN_9699116,1.0,2.0,2.0,Cookie,2023-02-12,Digital Wallet,In-store
9677,TXN_9699174,4.0,3.0,12.0,Smoothie,2023-01-03,Digital Wallet,In-store
9678,TXN_9699948,2.0,5.0,10.0,Coffee,2023-04-18,Cash,In-store
9679,TXN_9701622,1.0,5.0,5.0,Cookie,2023-09-24,Digital Wallet,Takeaway
9680,TXN_9702662,4.0,4.0,16.0,Sandwich,2023-07-10,Credit Card,Takeaway
9681,TXN_9703120,2.0,3.0,6.0,Coffee,2023-11-02,Credit Card,Takeaway
9682,TXN_9703331,3.0,2.0,6.0,Cake,2023-09-09,Cash,Takeaway
9683,TXN_9703722,4.0,5.0,20.0,Sandwich,2023-01-11,Digital Wallet,Takeaway
9684,TXN_9705027,1.0,2.0,2.0,Cookie,2023-01-11,Cash,Takeaway
9685,TXN_9705872,1.0,3.0,3.0,Cookie,2023-01-11,Digital Wallet,In-store
9686,TXN_9705971,3.0,2.0,6.0,Juice,2023-09-02,Credit Card,Takeaway
9687,TXN_9706608,4.0,1.0,4.0,Smoothie,2023-05-22,Cash,In-store
9688,TXN_9707159,3.0,5.0,15.0,Cake,2023-11-10,Credit Card,In-store
9689,TXN_9708144,4.0,3.0,12.0,Smoothie,2023-04-18,Cash,In-store
9690,TXN_9708632,2.0,5.0,10.0,Coffee,2023-04-18,Digital Wallet,In-store
9691,TXN_9710307,1.5,2.0,3.0,Tea,2023-01-24,Digital Wallet,Takeaway
9692,TXN_9710430,4.0,3.0,12.0,Sandwich,2023-01-10,Credit Card,Takeaway
9693,TXN_9710982,4.0,4.0,16.0,Sandwich,2023-03-03,Credit Card,In-store
9694,TXN_9714116,4.0,4.0,16.0,Sandwich,2023-11-17,Credit Card,In-store
9695,TXN_9714665,5.0,1.0,5.0,Salad,2023-11-11,Cash,Takeaway
9696,TXN_9715885,4.0,4.0,16.0,Smoothie,2023-06-16,Digital Wallet,In-store
9697,TXN_9716971,5.0,4.0,20.0,Salad,2023-06-21,Digital Wallet,In-store
9698,TXN_9718216,3.0,4.0,12.0,Juice,2023-07-07,Digital Wallet,In-store
9699,TXN_9719921,5.0,5.0,25.0,Salad,2023-07-28,Credit Card,In-store
9700,TXN_9719954,1.5,1.0,1.5,Tea,2023-07-28,Digital Wallet,In-store
9701,TXN_9720012,4.0,5.0,20.0,Smoothie,2023-09-25,Cash,In-store
9702,TXN_9720549,1.0,1.0,1.0,Cookie,2023-07-30,Credit Card,In-store
9703,TXN_9723120,1.5,5.0,7.5,Tea,2023-01-26,Credit Card,In-store
9704,TXN_9723314,2.0,4.0,8.0,Coffee,2023-10-10,Cash,In-store
9705,TXN_9725369,2.0,3.0,6.0,Coffee,2023-02-10,Digital Wallet,Takeaway
9706,TXN_9725461,4.0,3.0,12.0,Smoothie,2023-11-25,Credit Card,In-store
9707,TXN_9728062,2.0,1.0,2.0,Coffee,2023-05-01,Cash,Takeaway
9708,TXN_9728414,1.5,1.0,1.5,Tea,2023-01-11,Credit Card,Takeaway
9709,TXN_9728454,3.0,4.0,12.0,Juice,2023-01-03,Digital Wallet,Takeaway
9710,TXN_9728789,1.0,3.0,3.0,Cookie,2023-03-29,Cash,In-store
9711,TXN_9729178,2.0,3.0,6.0,Coffee,2023-05-28,Credit Card,Takeaway
9712,TXN_9729280,1.5,3.0,4.5,Tea,2023-11-06,Credit Card,In-store
9713,TXN_9731164,5.0,1.0,5.0,Salad,2023-12-07,Cash,In-store
9714,TXN_9731530,1.5,4.0,6.0,Tea,2023-06-23,Credit Card,In-store
9715,TXN_9731999,4.0,4.0,16.0,Sandwich,2023-11-26,Credit Card,Takeaway
9716,TXN_9732454,4.0,5.0,20.0,Smoothie,2023-07-28,Digital Wallet,In-store
9717,TXN_9737090,4.0,3.0,12.0,Sandwich,2023-06-01,Credit Card,In-store
9718,TXN_9737509,1.5,5.0,7.5,Tea,2023-11-27,Digital Wallet,In-store
9719,TXN_9738339,3.0,1.0,3.0,Juice,2023-07-09,Digital Wallet,In-store
9720,TXN_9738758,2.0,1.0,2.0,Coffee,2023-12-31,Cash,In-store
9721,TXN_9743274,1.5,5.0,7.5,Tea,2023-01-25,Digital Wallet,In-store
9722,TXN_9744862,3.0,4.0,12.0,Juice,2023-09-19,Cash,In-store
9723,TXN_9745609,5.0,3.0,15.0,Salad,2023-02-05,Cash,In-store
9724,TXN_9747008,1.5,4.0,6.0,Tea,2023-02-05,Cash,Takeaway
9725,TXN_9749175,3.0,1.0,3.0,Cake,2023-09-07,Credit Card,In-store
9726,TXN_9749333,1.0,5.0,5.0,Cookie,2023-02-27,Cash,In-store
9727,TXN_9749434,3.0,5.0,15.0,Cake,2023-02-27,Credit Card,Takeaway
9728,TXN_9749790,1.5,3.0,4.5,Tea,2023-10-17,Digital Wallet,Takeaway
9729,TXN_9752207,4.0,4.0,16.0,Sandwich,2023-10-15,Credit Card,In-store
9730,TXN_9752586,1.5,2.0,3.0,Tea,2023-06-14,Digital Wallet,In-store
9731,TXN_9755352,4.0,5.0,20.0,Sandwich,2023-05-13,Credit Card,In-store
9732,TXN_9756401,5.0,3.0,15.0,Salad,2023-02-04,Cash,In-store
9733,TXN_9759221,2.0,3.0,6.0,Coffee,2023-06-23,Cash,Takeaway
9734,TXN_9759896,1.5,4.0,6.0,Tea,2023-12-02,Digital Wallet,In-store
9735,TXN_9761314,4.0,4.0,16.0,Sandwich,2023-12-14,Credit Card,In-store
9736,TXN_9762035,4.0,1.0,4.0,Smoothie,2023-08-21,Cash,Takeaway
9737,TXN_9762324,3.0,2.0,6.0,Cake,2023-08-21,Cash,In-store
9738,TXN_9762385,1.5,3.0,4.5,Tea,2023-05-19,Digital Wallet,In-store
9739,TXN_9764251,1.0,4.0,4.0,Cookie,2023-06-18,Digital Wallet,Takeaway
9740,TXN_9769410,5.0,1.0,5.0,Salad,2023-07-22,Cash,In-store
9741,TXN_9769782,4.0,5.0,20.0,Smoothie,2023-07-22,Cash,Takeaway
9742,TXN_9772498,3.0,4.0,12.0,Cake,2023-08-21,Cash,Takeaway
9743,TXN_9772556,2.0,5.0,10.0,Coffee,2023-10-20,Digital Wallet,Takeaway
9744,TXN_9773606,1.5,2.0,3.0,Tea,2023-12-04,Cash,Takeaway
9745,TXN_9773646,3.0,4.0,12.0,Cake,2023-04-01,Credit Card,Takeaway
9746,TXN_9774186,1.5,3.0,4.5,Tea,2023-07-03,Digital Wallet,In-store
9747,TXN_9774251,3.0,2.0,6.0,Juice,2023-06-16,Digital Wallet,Takeaway
9748,TXN_9774691,3.0,3.0,9.0,Cake,2023-04-11,Credit Card,Takeaway
9749,TXN_9775900,3.0,4.0,12.0,Juice,2023-08-29,Digital Wallet,In-store
9750,TXN_9775984,3.0,2.0,6.0,Juice,2023-10-09,Credit Card,In-store
9751,TXN_9778251,1.5,4.0,6.0,Tea,2023-11-09,Digital Wallet,Takeaway
9752,TXN_9778859,1.0,3.0,3.0,Cookie,2023-06-05,Cash,Takeaway
9753,TXN_9781679,4.0,2.0,8.0,Sandwich,2023-09-08,Credit Card,Takeaway
9754,TXN_9781961,2.0,1.0,2.0,Coffee,2023-12-01,Credit Card,In-store
9755,TXN_9782087,4.0,4.0,16.0,Sandwich,2023-07-27,Credit Card,In-store
9756,TXN_9783452,3.0,3.0,9.0,Juice,2023-04-11,Cash,In-store
9757,TXN_9783697,4.0,1.0,4.0,Sandwich,2023-07-14,Digital Wallet,Takeaway
9758,TXN_9786525,3.0,5.0,15.0,Cake,2023-02-19,Cash,Takeaway
9759,TXN_9788956,3.0,4.0,12.0,Juice,2023-04-11,Digital Wallet,In-store
9760,TXN_9789310,4.0,4.0,16.0,Sandwich,2023-05-09,Credit Card,In-store
9761,TXN_9789876,5.0,4.0,20.0,Salad,2023-09-05,Cash,Takeaway
9762,TXN_9790731,3.0,2.0,6.0,Cake,2023-06-02,Cash,Takeaway
9763,TXN_9791421,4.0,1.0,4.0,Sandwich,2023-07-15,Cash,Takeaway
9764,TXN_9792093,4.0,1.0,4.0,Sandwich,2023-09-28,Credit Card,In-store
9765,TXN_9792412,1.5,4.0,6.0,Tea,2023-06-15,Digital Wallet,Takeaway
9766,TXN_9793353,2.0,3.0,6.0,Coffee,2023-08-21,Credit Card,Takeaway
9767,TXN_9793806,1.5,3.0,4.5,Tea,2023-04-25,Digital Wallet,Takeaway
9768,TXN_9796122,5.0,3.0,15.0,Salad,2023-04-25,Cash,In-store
9769,TXN_9798525,2.0,2.0,4.0,Coffee,2023-11-05,Digital Wallet,Takeaway
9770,TXN_9799633,3.0,4.0,12.0,Juice,2023-11-07,Cash,In-store
9771,TXN_9799798,2.0,5.0,10.0,Coffee,2023-05-23,Credit Card,Takeaway
9772,TXN_9800351,1.5,3.0,4.5,Tea,2023-06-16,Cash,In-store
9773,TXN_9801552,4.0,4.0,16.0,Sandwich,2023-04-20,Credit Card,Takeaway
9774,TXN_9802771,4.0,2.0,8.0,Smoothie,2023-02-11,Digital Wallet,In-store
9775,TXN_9802838,1.5,1.0,1.5,Tea,2023-02-15,Digital Wallet,Takeaway
9776,TXN_9803409,1.0,4.0,4.0,Cookie,2023-01-24,Digital Wallet,In-store
9777,TXN_9809696,4.0,1.0,4.0,Smoothie,2023-01-05,Digital Wallet,Takeaway
9778,TXN_9810581,3.0,1.0,3.0,Juice,2023-11-20,Cash,In-store
9779,TXN_9810604,3.0,2.0,6.0,Cake,2023-04-02,Cash,Takeaway
9780,TXN_9810868,1.0,1.0,1.0,Cookie,2023-10-05,Credit Card,Takeaway
9781,TXN_9811007,1.0,5.0,5.0,Cookie,2023-03-07,Credit Card,Takeaway
9782,TXN_9811033,1.0,3.0,3.0,Cookie,2023-11-30,Cash,Takeaway
9783,TXN_9812021,1.5,5.0,7.5,Tea,2023-02-12,Credit Card,In-store
9784,TXN_9813095,3.0,2.0,6.0,Juice,2023-06-12,Cash,In-store
9785,TXN_9813938,4.0,5.0,20.0,Sandwich,2023-06-30,Cash,In-store
9786,TXN_9813943,5.0,2.0,10.0,Salad,2023-04-06,Cash,In-store
9787,TXN_9814511,3.0,1.0,3.0,Juice,2023-01-05,Credit Card,In-store
9788,TXN_9814929,3.0,3.0,9.0,Cake,2023-10-01,Digital Wallet,In-store
9789,TXN_9815454,3.0,5.0,15.0,Juice,2023-12-05,Digital Wallet,In-store
9790,TXN_9815521,4.0,3.0,12.0,Sandwich,2023-05-26,Credit Card,In-store
9791,TXN_9816901,2.0,2.0,4.0,Coffee,2023-12-07,Cash,Takeaway
9792,TXN_9817102,2.0,3.0,6.0,Coffee,2023-02-22,Credit Card,In-store
9793,TXN_9817135,5.0,1.0,5.0,Salad,2023-03-25,Digital Wallet,In-store
9794,TXN_9817602,4.0,2.0,8.0,Sandwich,2023-12-26,Credit Card,Takeaway
9795,TXN_9817681,1.5,4.0,6.0,Tea,2023-12-26,Digital Wallet,Takeaway
9796,TXN_9818163,1.5,2.0,3.0,Tea,2023-10-23,Digital Wallet,In-store
9797,TXN_9818498,4.0,3.0,12.0,Smoothie,2023-09-01,Credit Card,Takeaway
9798,TXN_9819697,4.0,3.0,12.0,Smoothie,2023-05-16,Digital Wallet,In-store
9799,TXN_9822173,3.0,5.0,15.0,Cake,2023-05-22,Digital Wallet,Takeaway
9800,TXN_9822317,1.5,3.0,4.5,Tea,2023-09-25,Cash,In-store
9801,TXN_9824238,1.5,5.0,7.5,Tea,2023-07-14,Cash,In-store
9802,TXN_9825905,2.0,1.0,2.0,Coffee,2023-01-04,Digital Wallet,Takeaway
9803,TXN_9826170,3.0,2.0,6.0,Juice,2023-12-06,Digital Wallet,In-store
9804,TXN_9827492,1.5,3.0,4.5,Tea,2023-07-13,Digital Wallet,In-store
9805,TXN_9830755,1.0,5.0,5.0,Cookie,2023-06-24,Digital Wallet,Takeaway
9806,TXN_9831537,3.0,4.0,12.0,Cake,2023-08-07,Credit Card,Takeaway
9807,TXN_9833195,2.0,2.0,4.0,Coffee,2023-03-03,Digital Wallet,Takeaway
9808,TXN_9833245,1.0,1.0,1.0,Cookie,2023-04-30,Digital Wallet,Takeaway
9809,TXN_9833793,1.0,1.0,1.0,Cookie,2023-12-01,Digital Wallet,Takeaway
9810,TXN_9834329,4.0,1.0,4.0,Smoothie,2023-09-17,Cash,In-store
9811,TXN_9834415,1.0,2.0,2.0,Cookie,2023-12-28,Credit Card,In-store
9812,TXN_9835620,3.0,2.0,6.0,Juice,2023-06-09,Digital Wallet,In-store
9813,TXN_9835676,1.0,2.0,2.0,Cookie,2023-03-30,Digital Wallet,Takeaway
9814,TXN_9836829,1.0,5.0,5.0,Cookie,2023-10-15,Digital Wallet,Takeaway
9815,TXN_9836934,1.0,3.0,3.0,Cookie,2023-03-13,Digital Wallet,In-store
9816,TXN_9837568,5.0,5.0,25.0,Salad,2023-04-17,Cash,In-store
9817,TXN_9839214,3.0,1.0,3.0,Juice,2023-12-25,Digital Wallet,In-store
9818,TXN_9840274,4.0,5.0,20.0,Sandwich,2023-02-25,Credit Card,Takeaway
9819,TXN_9841222,4.0,5.0,20.0,Sandwich,2023-04-23,Credit Card,In-store
9820,TXN_9841397,2.0,4.0,8.0,Coffee,2023-12-28,Cash,In-store
9821,TXN_9843421,3.0,3.0,9.0,Juice,2023-09-06,Digital Wallet,In-store
9822,TXN_9843811,3.0,2.0,6.0,Juice,2023-03-01,Credit Card,In-store
9823,TXN_9844453,1.5,2.0,3.0,Tea,2023-01-09,Digital Wallet,In-store
9824,TXN_9844703,1.5,2.0,3.0,Tea,2023-05-18,Digital Wallet,In-store
9825,TXN_9845746,3.0,1.0,3.0,Cake,2023-09-23,Digital Wallet,In-store
9826,TXN_9847116,5.0,3.0,15.0,Salad,2023-07-28,Cash,Takeaway
9827,TXN_9849760,3.0,2.0,6.0,Cake,2023-09-01,Cash,Takeaway
9828,TXN_9850541,1.0,4.0,4.0,Cookie,2023-09-02,Cash,Takeaway
9829,TXN_9850842,1.5,3.0,4.5,Tea,2023-01-23,Digital Wallet,In-store
9830,TXN_9851026,5.0,2.0,10.0,Salad,2023-01-23,Cash,Takeaway
9831,TXN_9852820,5.0,2.0,10.0,Salad,2023-08-27,Credit Card,In-store
9832,TXN_9853220,1.0,5.0,5.0,Cookie,2023-04-02,Credit Card,In-store
9833,TXN_9853577,4.0,2.0,8.0,Sandwich,2023-04-30,Credit Card,In-store
9834,TXN_9855567,1.0,3.0,3.0,Cookie,2023-05-25,Credit Card,Takeaway
9835,TXN_9857674,1.5,5.0,7.5,Tea,2023-06-12,Digital Wallet,Takeaway
9836,TXN_9857832,1.5,3.0,4.5,Tea,2023-03-31,Cash,In-store
9837,TXN_9858152,4.0,2.0,8.0,Smoothie,2023-01-28,Digital Wallet,In-store
9838,TXN_9858627,3.0,4.0,12.0,Juice,2023-01-22,Digital Wallet,In-store
9839,TXN_9859715,4.0,5.0,20.0,Smoothie,2023-07-11,Digital Wallet,In-store
9840,TXN_9860308,4.0,2.0,8.0,Smoothie,2023-02-20,Digital Wallet,In-store
9841,TXN_9861083,4.0,5.0,20.0,Sandwich,2023-01-21,Credit Card,In-store
9842,TXN_9861432,1.0,2.0,2.0,Cookie,2023-12-09,Digital Wallet,Takeaway
9843,TXN_9861782,4.0,4.0,16.0,Sandwich,2023-07-15,Credit Card,In-store
9844,TXN_9863114,3.0,5.0,15.0,Juice,2023-02-01,Digital Wallet,Takeaway
9845,TXN_9864212,4.0,5.0,20.0,Smoothie,2023-02-01,Digital Wallet,In-store
9846,TXN_9864890,4.0,3.0,12.0,Sandwich,2023-12-06,Credit Card,In-store
9847,TXN_9865855,2.0,3.0,6.0,Coffee,2023-04-18,Digital Wallet,Takeaway
9848,TXN_9866728,3.0,1.0,3.0,Juice,2023-10-26,Cash,In-store
9849,TXN_9867586,4.0,4.0,16.0,Smoothie,2023-06-02,Digital Wallet,In-store
9850,TXN_9867948,4.0,2.0,8.0,Smoothie,2023-10-07,Digital Wallet,In-store
9851,TXN_9868053,3.0,3.0,9.0,Juice,2023-10-07,Digital Wallet,In-store
9852,TXN_9868114,4.0,2.0,8.0,Smoothie,2023-11-12,Credit Card,In-store
9853,TXN_9868382,2.0,2.0,4.0,Coffee,2023-06-02,Digital Wallet,Takeaway
9854,TXN_9868954,4.0,4.0,16.0,Smoothie,2023-06-02,Credit Card,In-store
9855,TXN_9869593,3.0,2.0,6.0,Cake,2023-10-03,Digital Wallet,Takeaway
9856,TXN_9871036,4.0,1.0,4.0,Smoothie,2023-07-02,Digital Wallet,Takeaway
9857,TXN_9871971,4.0,3.0,12.0,Smoothie,2023-10-06,Digital Wallet,Takeaway
9858,TXN_9872258,3.0,4.0,12.0,Juice,2023-07-24,Cash,Takeaway
9859,TXN_9874192,4.0,3.0,12.0,Smoothie,2023-11-30,Digital Wallet,In-store
9860,TXN_9874256,3.0,3.0,9.0,Juice,2023-02-17,Digital Wallet,In-store
9861,TXN_9874588,4.0,2.0,8.0,Sandwich,2023-06-04,Credit Card,Takeaway
9862,TXN_9874775,1.5,1.0,1.5,Tea,2023-09-02,Cash,In-store
9863,TXN_9875865,1.0,3.0,3.0,Cookie,2023-10-23,Digital Wallet,Takeaway
9864,TXN_9877722,4.0,5.0,20.0,Sandwich,2023-10-23,Digital Wallet,In-store
9865,TXN_9878237,3.0,1.0,3.0,Cake,2023-10-06,Credit Card,Takeaway
9866,TXN_9878649,4.0,5.0,20.0,Smoothie,2023-09-18,Cash,Takeaway
9867,TXN_9879996,2.0,4.0,8.0,Coffee,2023-03-01,Digital Wallet,In-store
9868,TXN_9880967,1.0,3.0,3.0,Cookie,2023-01-15,Credit Card,In-store
9869,TXN_9881555,3.0,5.0,15.0,Juice,2023-04-09,Cash,In-store
9870,TXN_9882485,5.0,5.0,25.0,Salad,2023-04-09,Cash,In-store
9871,TXN_9882625,4.0,1.0,4.0,Sandwich,2023-03-26,Cash,In-store
9872,TXN_9883214,3.0,3.0,9.0,Juice,2023-04-04,Digital Wallet,In-store
9873,TXN_9884180,5.0,1.0,5.0,Salad,2023-05-19,Cash,Takeaway
9874,TXN_9886794,3.0,1.0,3.0,Cake,2023-06-06,Cash,Takeaway
9875,TXN_9889005,3.0,3.0,9.0,Cake,2023-12-16,Cash,Takeaway
9876,TXN_9890279,4.0,4.0,16.0,Smoothie,2023-09-06,Digital Wallet,In-store
9877,TXN_9890734,4.0,4.0,16.0,Smoothie,2023-04-17,Digital Wallet,Takeaway
9878,TXN_9890874,4.0,5.0,20.0,Sandwich,2023-09-02,Cash,In-store
9879,TXN_9891576,4.0,3.0,12.0,Sandwich,2023-04-28,Digital Wallet,Takeaway
9880,TXN_9894204,2.0,2.0,4.0,Coffee,2023-08-08,Cash,Takeaway
9881,TXN_9894270,1.0,4.0,4.0,Cookie,2023-08-08,Credit Card,In-store
9882,TXN_9894745,1.5,2.0,3.0,Tea,2023-08-28,Cash,Takeaway
9883,TXN_9894831,3.0,5.0,15.0,Cake,2023-07-05,Cash,Takeaway
9884,TXN_9896694,4.0,4.0,16.0,Sandwich,2023-02-16,Cash,In-store
9885,TXN_9897215,3.0,3.0,9.0,Cake,2023-11-22,Credit Card,Takeaway
9886,TXN_9897583,2.0,2.0,4.0,Coffee,2023-01-20,Digital Wallet,Takeaway
9887,TXN_9899571,5.0,2.0,10.0,Salad,2023-02-18,Credit Card,Takeaway
9888,TXN_9901097,2.0,1.0,2.0,Coffee,2023-01-07,Cash,Takeaway
9889,TXN_9901424,1.0,3.0,3.0,Cookie,2023-05-30,Digital Wallet,Takeaway
9890,TXN_9904042,4.0,4.0,16.0,Sandwich,2023-06-09,Credit Card,In-store
9891,TXN_9904091,5.0,4.0,20.0,Salad,2023-05-20,Cash,In-store
9892,TXN_9904214,4.0,5.0,20.0,Sandwich,2023-03-13,Credit Card,Takeaway
9893,TXN_9904505,4.0,2.0,8.0,Smoothie,2023-06-07,Digital Wallet,In-store
9894,TXN_9904662,4.0,1.0,4.0,Smoothie,2023-11-19,Digital Wallet,In-store
9895,TXN_9905396,5.0,1.0,5.0,Salad,2023-08-20,Cash,In-store
9896,TXN_9906002,4.0,3.0,12.0,Smoothie,2023-07-13,Digital Wallet,In-store
9897,TXN_9907306,1.0,3.0,3.0,Cookie,2023-09-06,Digital Wallet,Takeaway
9898,TXN_9907327,5.0,2.0,10.0,Salad,2023-10-07,Credit Card,In-store
9899,TXN_9908225,4.0,5.0,20.0,Smoothie,2023-01-04,Credit Card,In-store
9900,TXN_9910333,3.0,2.0,6.0,Cake,2023-09-15,Cash,In-store
9901,TXN_9910573,5.0,2.0,10.0,Salad,2023-01-28,Cash,Takeaway
9902,TXN_9911345,1.0,1.0,1.0,Cookie,2023-04-14,Digital Wallet,Takeaway
9903,TXN_9911498,2.0,4.0,8.0,Coffee,2023-03-27,Cash,In-store
9904,TXN_9913877,2.0,2.0,4.0,Coffee,2023-05-09,Credit Card,Takeaway
9905,TXN_9914084,2.0,1.0,2.0,Coffee,2023-06-16,Digital Wallet,Takeaway
9906,TXN_9914747,2.0,5.0,10.0,Coffee,2023-12-05,Digital Wallet,Takeaway
9907,TXN_9917989,4.0,4.0,16.0,Smoothie,2023-10-20,Digital Wallet,Takeaway
9908,TXN_9918597,4.0,4.0,16.0,Smoothie,2023-10-17,Digital Wallet,In-store
9909,TXN_9921277,3.0,1.0,3.0,Cake,2023-01-29,Cash,Takeaway
9910,TXN_9921392,2.0,5.0,10.0,Coffee,2023-06-28,Digital Wallet,Takeaway
9911,TXN_9921708,3.0,1.0,3.0,Cake,2023-07-20,Cash,Takeaway
9912,TXN_9923613,4.0,4.0,16.0,Sandwich,2023-11-08,Credit Card,In-store
9913,TXN_9923860,1.0,2.0,2.0,Cookie,2023-11-16,Digital Wallet,Takeaway
9914,TXN_9923952,1.0,4.0,4.0,Cookie,2023-08-08,Digital Wallet,Takeaway
9915,TXN_9924421,3.0,5.0,15.0,Cake,2023-08-08,Credit Card,Takeaway
9916,TXN_9924732,4.0,3.0,9.0,Sandwich,2023-01-18,Credit Card,In-store
9917,TXN_9926931,1.0,5.0,5.0,Cookie,2023-01-26,Digital Wallet,Takeaway
9918,TXN_9927061,1.0,2.0,2.0,Cookie,2023-10-17,Digital Wallet,Takeaway
9919,TXN_9927220,3.0,5.0,15.0,Juice,2023-09-14,Cash,In-store
9920,TXN_9928337,3.0,1.0,3.0,Juice,2023-11-05,Digital Wallet,Takeaway
9921,TXN_9928409,4.0,4.0,16.0,Sandwich,2023-06-17,Credit Card,In-store
9922,TXN_9928552,4.0,5.0,20.0,Sandwich,2023-06-13,Credit Card,Takeaway
9923,TXN_9929033,2.0,2.0,4.0,Coffee,2023-02-17,Cash,Takeaway
9924,TXN_9929732,4.0,4.0,16.0,Sandwich,2023-10-04,Credit Card,In-store
9925,TXN_9930357,3.0,1.0,3.0,Juice,2023-10-04,Credit Card,In-store
9926,TXN_9931637,3.0,2.0,6.0,Cake,2023-09-17,Cash,Takeaway
9927,TXN_9933628,4.0,5.0,20.0,Smoothie,2023-07-20,Cash,In-store
9928,TXN_9934619,1.0,1.0,1.0,Cookie,2023-02-11,Digital Wallet,In-store
9929,TXN_9938260,4.0,4.0,16.0,Smoothie,2023-03-03,Digital Wallet,In-store
9930,TXN_9938977,3.0,5.0,15.0,Cake,2023-12-18,Cash,In-store
9931,TXN_9940220,3.0,2.0,6.0,Juice,2023-03-05,Digital Wallet,Takeaway
9932,TXN_9940829,4.0,3.0,12.0,Smoothie,2023-04-04,Digital Wallet,In-store
9933,TXN_9941872,5.0,3.0,15.0,Salad,2023-04-08,Cash,In-store
9934,TXN_9942247,2.0,2.0,4.0,Coffee,2023-10-15,Cash,Takeaway
9935,TXN_9942517,2.0,4.0,8.0,Coffee,2023-04-29,Digital Wallet,In-store
9936,TXN_9942634,1.5,5.0,7.5,Tea,2023-01-17,Digital Wallet,Takeaway
9937,TXN_9943050,1.5,1.0,1.5,Tea,2023-05-16,Digital Wallet,Takeaway
9938,TXN_9943917,4.0,3.0,12.0,Sandwich,2023-01-16,Credit Card,In-store
9939,TXN_9944141,3.0,5.0,15.0,Juice,2023-07-18,Credit Card,Takeaway
9940,TXN_9944500,4.0,3.0,9.0,Smoothie,2023-01-03,Cash,In-store
9941,TXN_9944730,1.5,1.0,1.5,Tea,2023-04-10,Digital Wallet,In-store
9942,TXN_9944832,2.0,3.0,6.0,Coffee,2023-12-25,Digital Wallet,Takeaway
9943,TXN_9945457,1.0,4.0,4.0,Cookie,2023-06-28,Cash,Takeaway
9944,TXN_9945729,5.0,2.0,10.0,Salad,2023-02-03,Digital Wallet,In-store
9945,TXN_9947324,4.0,2.0,8.0,Sandwich,2023-08-22,Digital Wallet,Takeaway
9946,TXN_9947479,4.0,5.0,20.0,Smoothie,2023-09-27,Cash,Takeaway
9947,TXN_9948425,3.0,3.0,9.0,Cake,2023-11-21,Cash,Takeaway
9948,TXN_9948645,5.0,1.0,5.0,Salad,2023-08-29,Credit Card,In-store
9949,TXN_9948753,1.5,2.0,3.0,Tea,2023-05-09,Digital Wallet,Takeaway
9950,TXN_9949241,5.0,1.0,5.0,Salad,2023-07-26,Cash,In-store
9951,TXN_9950775,5.0,4.0,20.0,Salad,2023-02-20,Credit Card,Takeaway
9952,TXN_9951411,2.0,1.0,2.0,Coffee,2023-08-09,Cash,In-store
9953,TXN_9952441,4.0,1.0,4.0,Smoothie,2023-09-05,Cash,In-store
9954,TXN_9952479,4.0,1.0,4.0,Sandwich,2023-12-06,Digital Wallet,Takeaway
9955,TXN_9954652,2.0,2.0,4.0,Coffee,2023-09-12,Cash,In-store
9956,TXN_9956154,3.0,4.0,12.0,Cake,2023-05-11,Cash,In-store
9957,TXN_9956671,3.0,3.0,9.0,Cake,2023-05-05,Credit Card,Takeaway
9958,TXN_9958548,1.5,4.0,6.0,Tea,2023-05-05,Digital Wallet,In-store
9959,TXN_9959765,3.0,4.0,12.0,Juice,2023-02-19,Cash,In-store
9960,TXN_9959813,4.0,4.0,16.0,Sandwich,2023-09-05,Digital Wallet,In-store
9961,TXN_9960577,4.0,1.0,4.0,Sandwich,2023-06-24,Cash,In-store
9962,TXN_9965686,3.0,4.0,12.0,Cake,2023-10-02,Credit Card,Takeaway
9963,TXN_9967728,2.0,4.0,8.0,Coffee,2023-01-30,Digital Wallet,Takeaway
9964,TXN_9968926,3.0,2.0,6.0,Juice,2023-03-15,Digital Wallet,Takeaway
9965,TXN_9968943,4.0,1.0,4.0,Smoothie,2023-07-25,Digital Wallet,In-store
9966,TXN_9969283,4.0,3.0,12.0,Sandwich,2023-10-26,Digital Wallet,In-store
9967,TXN_9969706,3.0,5.0,15.0,Cake,2023-03-17,Cash,In-store
9968,TXN_9969836,1.0,5.0,5.0,Cookie,2023-04-06,Digital Wallet,Takeaway
9969,TXN_9970195,2.0,2.0,4.0,Coffee,2023-11-10,Digital Wallet,Takeaway
9970,TXN_9970653,4.0,5.0,20.0,Sandwich,2023-12-30,Digital Wallet,Takeaway
9971,TXN_9970964,4.0,2.0,8.0,Smoothie,2023-07-07,Credit Card,Takeaway
9972,TXN_9970966,2.0,5.0,10.0,Coffee,2023-09-09,Digital Wallet,In-store
9973,TXN_9971927,4.0,3.0,12.0,Smoothie,2023-08-07,Digital Wallet,Takeaway
9974,TXN_9972525,2.0,4.0,8.0,Coffee,2023-07-31,Digital Wallet,Takeaway
9975,TXN_9975079,4.0,2.0,8.0,Smoothie,2023-08-26,Cash,In-store
9976,TXN_9975321,5.0,2.0,10.0,Salad,2023-03-25,Digital Wallet,In-store
9977,TXN_9976598,3.0,4.0,12.0,Juice,2023-01-10,Digital Wallet,Takeaway
9978,TXN_9981953,4.0,3.0,12.0,Sandwich,2023-02-03,Credit Card,In-store
9979,TXN_9982090,1.5,5.0,7.5,Tea,2023-06-03,Digital Wallet,In-store
9980,TXN_9983356,4.0,2.0,8.0,Sandwich,2023-09-20,Digital Wallet,Takeaway
9981,TXN_9983518,1.5,2.0,3.0,Tea,2023-07-18,Credit Card,In-store
9982,TXN_9983530,4.0,3.0,12.0,Smoothie,2023-01-04,Digital Wallet,In-store
9983,TXN_9987017,1.0,5.0,5.0,Cookie,2023-03-14,Cash,Takeaway
9984,TXN_9987991,4.0,4.0,16.0,Smoothie,2023-02-21,Credit Card,Takeaway
9985,TXN_9988801,4.0,5.0,20.0,Smoothie,2023-10-20,Cash,In-store
9986,TXN_9989239,1.5,5.0,7.5,Tea,2023-04-28,Digital Wallet,In-store
9987,TXN_9989242,4.0,4.0,16.0,Sandwich,2023-09-12,Credit Card,In-store
9988,TXN_9989415,4.0,5.0,20.0,Smoothie,2023-05-26,Credit Card,Takeaway
9989,TXN_9989458,4.0,3.0,12.0,Smoothie,2023-02-16,Cash,In-store
9990,TXN_9989719,4.0,2.0,8.0,Smoothie,2023-11-26,Credit Card,Takeaway
9991,TXN_9991225,3.0,5.0,15.0,Cake,2023-02-03,Credit Card,Takeaway
9992,TXN_9991468,3.0,4.0,12.0,Juice,2023-11-30,Credit Card,In-store
9993,TXN_9992148,1.5,3.0,4.5,Tea,2023-01-14,Cash,Takeaway
9994,TXN_9996195,3.0,5.0,15.0,Juice,2023-03-16,Digital Wallet,In-store
9995,TXN_9996968,4.0,1.0,4.0,Sandwich,2023-10-14,Cash,In-store
9996,TXN_9997263,1.0,2.0,2.0,Cookie,2023-03-05,Digital Wallet,Takeaway
9997,TXN_9997620,1.0,2.0,2.0,Cookie,2023-12-11,Cash,Takeaway
9998,TXN_9999113,3.0,4.0,12.0,Juice,2023-05-27,Cash,Takeaway
9999,TXN_9999124,3.0,2.0,6.0,Juice,2023-05-27,Digital Wallet,Takeaway
